customer_id,signup_date,region,contract_type,payment_method,internet_service,tenure_months,monthly_charges,total_charges,support_calls,churned,churn_reason
CUST-000001,2024-05-02,South,Month-to-month,Electronic check,DSL,7,38.37,268.59,1,0,
CUST-000002,2022-07-04,South,Month-to-month,Bank transfer,No internet,11,100.66,1107.26,2,0,
CUST-000003,2024-10-14,West,Month-to-month,Electronic check,Fiber optic,25,102.36,2559.0,3,1,Price too high
CUST-000004,2025-09-14,Midwest,Month-to-month,Credit card,DSL,32,60.23,1927.36,1,0,
CUST-000005,2023-11-07,Northeast,One year,Credit card,DSL,13,82.83,1076.79,2,0,
CUST-000006,2025-01-24,South,One year,Electronic check,No internet,37,65.4,2419.8,2,1,Moving / relocation
CUST-000007,2024-02-21,South,Month-to-month,Bank transfer,DSL,7,75.75,530.25,2,1,Competitor offered better deal
CUST-000008,2022-08-05,Midwest,Two year,Credit card,DSL,8,48.56,388.48,3,0,
CUST-000009,2023-11-12,South,One year,Bank transfer,DSL,15,85.56,1283.4,1,0,
CUST-000010,2025-03-02,West,Month-to-month,Bank transfer,Fiber optic,3,41.46,124.38,0,0,
CUST-000011,2025-11-04,Midwest,One year,Credit card,DSL,32,39.03,1248.96,2,1,Poor customer service
CUST-000012,2022-05-23,Northeast,Two year,Electronic check,DSL,22,67.42,1483.24,1,0,
CUST-000013,2024-06-09,South,Two year,Bank transfer,No internet,32,65.52,2096.64,0,0,
CUST-000014,2023-07-02,South,Two year,Electronic check,Fiber optic,38,76.49,2906.62,1,0,
CUST-000015,2022-09-15,Northeast,Month-to-month,Mailed check,DSL,33,56.95,1879.35,0,0,
CUST-000016,2022-01-31,Northeast,Two year,Credit card,Fiber optic,32,128.18,4101.76,0,1,Price too high
CUST-000017,2023-11-06,Northeast,Month-to-month,Bank transfer,DSL,37,73.8,2730.6,1,0,
CUST-000018,2025-11-25,Northeast,Month-to-month,Bank transfer,No internet,10,75.53,755.3,2,0,
CUST-000019,2025-12-11,South,Two year,Electronic check,Fiber optic,40,74.67,2986.8,0,0,
CUST-000020,2023-05-12,West,One year,Credit card,DSL,20,96.63,1932.6,3,0,
CUST-000021,2025-08-24,West,Month-to-month,Electronic check,DSL,10,84.3,843.0,0,0,
CUST-000022,2022-07-02,South,Month-to-month,Bank transfer,DSL,12,80.76,969.12,0,0,
CUST-000023,2024-11-10,South,One year,Electronic check,Fiber optic,14,88.72,1242.08,1,0,
CUST-000024,2025-03-31,South,Month-to-month,Bank transfer,No internet,26,39.1,1016.6,1,0,
CUST-000025,2023-11-20,Midwest,Month-to-month,Bank transfer,No internet,4,39.58,158.32,1,1,Competitor offered better deal
CUST-000026,2023-09-02,Midwest,Month-to-month,Mailed check,DSL,10,68.42,684.2,0,0,
CUST-000027,2023-04-04,South,Month-to-month,Bank transfer,Fiber optic,29,65.81,1908.49,3,0,
CUST-000028,2024-06-25,Midwest,Two year,Mailed check,DSL,35,84.4,2954.0,1,1,Poor customer service
CUST-000029,2024-09-24,West,Month-to-month,Bank transfer,Fiber optic,37,70.56,2610.72,1,1,Price too high
CUST-000030,2025-06-13,Midwest,One year,Bank transfer,DSL,10,84.45,844.5,3,1,Poor customer service
CUST-000031,2023-12-29,South,Month-to-month,Credit card,Fiber optic,4,47.06,188.24,3,0,
CUST-000032,2023-01-16,Midwest,Month-to-month,Electronic check,Fiber optic,14,69.86,978.04,0,0,
CUST-000033,2024-10-30,South,One year,Electronic check,Fiber optic,7,45.64,319.48,2,0,
CUST-000034,2024-02-26,South,One year,Electronic check,DSL,25,79.34,1983.5,1,0,
CUST-000035,2024-09-15,West,Two year,Electronic check,DSL,38,38.43,1460.34,0,0,
CUST-000036,2022-08-31,Midwest,One year,Bank transfer,DSL,5,78.37,391.85,2,1,Poor customer service
CUST-000037,2023-09-17,South,One year,Electronic check,Fiber optic,24,43.81,1051.44,1,0,
CUST-000038,2025-05-28,South,One year,Electronic check,Fiber optic,29,62.01,1798.29,3,0,
CUST-000039,2022-02-17,Northeast,Two year,Electronic check,Fiber optic,20,93.35,1867.0,2,0,
CUST-000040,2023-04-14,West,One year,Bank transfer,DSL,21,75.4,1583.4,2,0,
CUST-000041,2024-02-07,South,Month-to-month,Bank transfer,Fiber optic,12,41.4,496.8,0,0,
CUST-000042,2023-12-13,South,Month-to-month,Mailed check,DSL,45,56.53,2543.85,1,0,
CUST-000043,2024-04-09,Midwest,Month-to-month,Credit card,Fiber optic,18,43.36,780.48,0,0,
CUST-000044,2024-11-23,South,One year,Electronic check,No internet,26,40.76,1059.76,2,0,
CUST-000045,2024-06-11,South,Month-to-month,Bank transfer,Fiber optic,5,72.8,364.0,0,0,
CUST-000046,2025-08-13,Midwest,Two year,Electronic check,Fiber optic,43,83.87,3606.41,3,1,Poor customer service
CUST-000047,2024-07-02,South,Two year,Credit card,Fiber optic,23,80.72,1856.56,2,0,
CUST-000048,2023-05-24,Northeast,Month-to-month,Electronic check,Fiber optic,31,85.02,2635.62,1,0,
CUST-000049,2024-07-05,South,Two year,Credit card,Fiber optic,16,69.84,1117.44,0,0,
CUST-000050,2022-05-05,Northeast,Two year,Bank transfer,DSL,31,64.23,1991.13,2,0,
CUST-000051,2025-04-24,South,One year,Bank transfer,DSL,16,49.73,795.68,1,1,Poor customer service
CUST-000052,2024-02-05,West,Two year,Bank transfer,Fiber optic,15,60.9,913.5,1,0,
CUST-000053,2024-04-22,South,Two year,Mailed check,No internet,27,45.93,1240.11,1,1,Frequent service outages
CUST-000054,2022-01-20,West,One year,Electronic check,Fiber optic,21,53.49,1123.29,1,0,
CUST-000055,2022-03-08,West,Month-to-month,Credit card,DSL,21,72.13,1514.73,1,0,
CUST-000056,2023-07-28,West,Month-to-month,Credit card,Fiber optic,4,67.51,270.04,3,1,Frequent service outages
CUST-000057,2022-05-26,West,Two year,Electronic check,Fiber optic,36,150.0,5400.0,0,1,Frequent service outages
CUST-000058,2023-08-20,West,Month-to-month,Electronic check,DSL,12,45.57,546.84,4,1,Frequent service outages
CUST-000059,2025-07-19,Midwest,Month-to-month,Mailed check,Fiber optic,25,67.35,1683.75,0,1,Competitor offered better deal
CUST-000060,2023-11-12,West,Month-to-month,Credit card,Fiber optic,2,44.45,88.9,2,1,Competitor offered better deal
CUST-000061,2024-11-30,Midwest,Month-to-month,Bank transfer,DSL,6,61.92,371.52,2,1,Moving / relocation
CUST-000062,2023-08-20,West,Month-to-month,Bank transfer,DSL,1,62.74,62.74,1,1,Frequent service outages
CUST-000063,2023-09-21,South,Two year,Electronic check,No internet,27,91.87,2480.49,0,0,
CUST-000064,2024-12-14,Northeast,One year,Credit card,DSL,41,60.71,2489.11,2,1,Price too high
CUST-000065,2025-08-09,West,One year,Electronic check,Fiber optic,4,65.94,263.76,2,1,Competitor offered better deal
CUST-000066,2022-12-13,South,Month-to-month,Mailed check,DSL,3,61.09,183.27,2,1,Price too high
CUST-000067,2025-12-25,South,One year,Credit card,DSL,38,44.78,1701.64,5,0,
CUST-000068,2024-01-29,West,Month-to-month,Bank transfer,Fiber optic,26,56.9,1479.4,1,1,Price too high
CUST-000069,2022-12-21,West,Month-to-month,Bank transfer,Fiber optic,6,62.04,372.24,2,1,Poor customer service
CUST-000070,2023-04-20,West,Two year,Credit card,DSL,30,71.78,2153.4,0,0,
CUST-000071,2022-06-18,South,One year,Electronic check,DSL,12,83.84,1006.08,1,0,
CUST-000072,2024-06-26,Northeast,Month-to-month,Electronic check,Fiber optic,10,65.04,650.4,0,1,Price too high
CUST-000073,2022-06-01,South,Two year,Electronic check,DSL,18,64.67,1164.06,2,0,
CUST-000074,2023-09-09,South,Two year,Electronic check,Fiber optic,10,40.42,404.2,2,0,
CUST-000075,2022-02-10,South,Month-to-month,Bank transfer,Fiber optic,37,83.32,3082.84,1,0,
CUST-000076,2022-10-29,South,One year,Bank transfer,DSL,10,56.11,561.1,2,1,Moving / relocation
CUST-000077,2023-11-24,West,One year,Mailed check,Fiber optic,24,89.04,2136.96,1,0,
CUST-000078,2024-05-17,Midwest,Two year,Credit card,Fiber optic,17,106.83,1816.11,5,0,
CUST-000079,2024-10-17,Midwest,Month-to-month,Mailed check,DSL,41,66.01,2706.41,1,0,
CUST-000080,2022-12-28,Midwest,One year,Electronic check,Fiber optic,37,50.53,1869.61,1,1,Moving / relocation
CUST-000081,2023-04-24,West,Month-to-month,Mailed check,No internet,7,69.73,488.11,0,0,
CUST-000082,2023-08-03,South,Month-to-month,Credit card,No internet,12,78.38,940.56,1,0,
CUST-000083,2023-09-19,South,Month-to-month,Bank transfer,DSL,11,63.37,697.07,0,0,
CUST-000084,2023-08-31,South,One year,Credit card,DSL,8,58.53,468.24,0,0,
CUST-000085,2022-07-12,West,One year,Credit card,No internet,9,83.96,755.64,2,0,
CUST-000086,2025-08-05,South,Month-to-month,Credit card,DSL,16,82.21,1315.36,2,0,
CUST-000087,2023-03-20,West,One year,Credit card,DSL,8,62.75,502.0,0,0,
CUST-000088,2024-12-16,South,Month-to-month,Bank transfer,Fiber optic,20,41.29,825.8,1,0,
CUST-000089,2024-07-11,South,Month-to-month,Credit card,DSL,21,81.13,1703.73,3,0,
CUST-000090,2024-07-08,Northeast,One year,Bank transfer,Fiber optic,12,54.84,658.08,0,0,
CUST-000091,2025-12-11,South,Two year,Mailed check,Fiber optic,8,75.08,600.64,3,0,
CUST-000092,2022-06-14,Midwest,One year,Electronic check,DSL,48,73.58,3531.84,1,0,
CUST-000093,2023-05-13,South,Two year,Credit card,Fiber optic,29,38.3,1110.7,0,0,
CUST-000094,2023-03-28,Midwest,Two year,Mailed check,Fiber optic,12,71.95,863.4,2,0,
CUST-000095,2025-12-24,Midwest,Two year,Credit card,DSL,39,82.65,3223.35,1,0,
CUST-000096,2022-03-14,West,Two year,Credit card,Fiber optic,21,85.96,1805.16,1,0,
CUST-000097,2023-03-17,Midwest,Month-to-month,Mailed check,No internet,18,72.79,1310.22,3,0,
CUST-000098,2024-02-27,West,Month-to-month,Mailed check,No internet,8,37.24,297.92,2,0,
CUST-000099,2022-01-09,West,Two year,Electronic check,DSL,31,105.5,3270.5,1,0,
CUST-000100,2022-06-22,Midwest,One year,Bank transfer,Fiber optic,11,79.96,879.56,0,0,
CUST-000101,2025-07-28,Midwest,One year,Bank transfer,DSL,39,47.7,1860.3,5,0,
CUST-000102,2022-02-12,South,Month-to-month,Mailed check,Fiber optic,11,54.48,599.28,0,0,
CUST-000103,2022-09-23,Midwest,Month-to-month,Bank transfer,DSL,43,75.49,3246.07,1,1,Competitor offered better deal
CUST-000104,2023-06-06,Northeast,Month-to-month,Bank transfer,Fiber optic,1,87.14,87.14,1,1,Price too high
CUST-000105,2023-06-25,South,Month-to-month,Electronic check,Fiber optic,24,59.97,1439.28,2,1,Price too high
CUST-000106,2024-12-23,South,Two year,Electronic check,Fiber optic,27,91.3,2465.1,4,0,
CUST-000107,2023-03-27,Midwest,One year,Electronic check,No internet,38,39.5,1501.0,2,1,Poor customer service
CUST-000108,2023-09-15,Northeast,One year,Credit card,Fiber optic,6,50.22,301.32,4,0,
CUST-000109,2024-01-19,South,Month-to-month,Electronic check,Fiber optic,26,36.21,941.46,1,1,Competitor offered better deal
CUST-000110,2022-05-07,West,One year,Electronic check,Fiber optic,40,52.61,2104.4,1,0,
CUST-000111,2023-06-08,West,Two year,Mailed check,DSL,20,113.59,2271.8,1,0,
CUST-000112,2024-02-28,West,Month-to-month,Bank transfer,No internet,14,135.44,1896.16,1,1,Competitor offered better deal
CUST-000113,2023-02-14,Midwest,Month-to-month,Credit card,Fiber optic,3,75.57,226.71,1,1,Price too high
CUST-000114,2023-10-19,Northeast,Two year,Mailed check,Fiber optic,27,57.15,1543.05,1,0,
CUST-000115,2024-03-02,West,Month-to-month,Bank transfer,Fiber optic,34,65.31,2220.54,3,1,Frequent service outages
CUST-000116,2025-11-04,West,Month-to-month,Bank transfer,DSL,27,81.57,2202.39,0,0,
CUST-000117,2024-04-29,Northeast,Two year,Credit card,DSL,3,42.51,127.53,2,0,
CUST-000118,2022-07-20,South,Month-to-month,Bank transfer,DSL,11,58.37,642.07,0,0,
CUST-000119,2024-12-10,South,One year,Bank transfer,DSL,18,110.96,1997.28,1,0,
CUST-000120,2024-09-24,South,Month-to-month,Electronic check,Fiber optic,3,50.17,150.51,2,0,
CUST-000121,2023-05-05,South,One year,Mailed check,No internet,27,55.16,1489.32,3,0,
CUST-000122,2024-11-18,West,One year,Credit card,DSL,9,70.4,633.6,0,0,
CUST-000123,2022-07-01,Northeast,Two year,Electronic check,DSL,35,76.75,2686.25,2,0,
CUST-000124,2025-05-24,West,Month-to-month,Mailed check,Fiber optic,8,57.4,459.2,1,0,
CUST-000125,2022-08-21,Midwest,Two year,Bank transfer,DSL,44,71.85,3161.4,2,0,
CUST-000126,2025-05-21,South,One year,Credit card,DSL,15,85.16,1277.4,0,0,
CUST-000127,2023-04-09,South,Month-to-month,Electronic check,Fiber optic,6,131.32,787.92,1,1,Price too high
CUST-000128,2023-08-14,South,One year,Credit card,Fiber optic,7,67.33,471.31,2,1,Frequent service outages
CUST-000129,2023-01-23,Midwest,One year,Electronic check,DSL,11,69.19,761.09,1,0,
CUST-000130,2024-12-28,Northeast,Two year,Credit card,DSL,45,114.3,5143.5,3,0,
CUST-000131,2024-07-21,West,Month-to-month,Credit card,Fiber optic,14,58.81,823.34,1,0,
CUST-000132,2023-07-27,Northeast,Two year,Credit card,No internet,25,45.89,1147.25,0,0,
CUST-000133,2025-01-23,Midwest,One year,Credit card,Fiber optic,7,75.95,531.65,1,1,Moving / relocation
CUST-000134,2025-07-31,Northeast,Two year,Credit card,Fiber optic,30,98.93,2967.9,0,0,
CUST-000135,2023-09-01,South,Two year,Credit card,Fiber optic,2,78.69,157.38,0,0,
CUST-000136,2024-10-26,South,Month-to-month,Bank transfer,DSL,18,67.96,1223.28,1,1,Poor customer service
CUST-000137,2025-08-11,South,Month-to-month,Bank transfer,Fiber optic,19,44.1,837.9,2,0,
CUST-000138,2022-03-03,Northeast,Month-to-month,Electronic check,DSL,3,68.81,206.43,3,1,Frequent service outages
CUST-000139,2023-02-22,West,One year,Electronic check,Fiber optic,12,104.02,1248.24,3,0,
CUST-000140,2022-10-03,Northeast,Two year,Bank transfer,Fiber optic,25,47.23,1180.75,1,0,
CUST-000141,2024-05-12,West,Month-to-month,Electronic check,Fiber optic,19,64.82,1231.58,0,0,
CUST-000142,2025-08-13,Midwest,One year,Credit card,Fiber optic,15,61.93,928.95,2,0,
CUST-000143,2025-11-21,South,Two year,Electronic check,Fiber optic,20,56.08,1121.6,0,0,
CUST-000144,2024-04-03,South,Two year,Electronic check,Fiber optic,17,75.89,1290.13,0,0,
CUST-000145,2025-09-16,South,Month-to-month,Electronic check,Fiber optic,11,80.79,888.69,0,0,
CUST-000146,2025-02-09,West,Two year,Electronic check,DSL,22,80.52,1771.44,2,0,
CUST-000147,2025-01-27,West,Month-to-month,Electronic check,No internet,3,51.29,153.87,0,0,
CUST-000148,2025-05-28,South,One year,Bank transfer,DSL,17,41.4,703.8,1,0,
CUST-000149,2025-04-17,Northeast,One year,Electronic check,Fiber optic,29,76.25,2211.25,1,0,
CUST-000150,2022-03-11,South,Month-to-month,Credit card,Fiber optic,5,59.63,298.15,2,1,Moving / relocation
CUST-000151,2024-05-05,West,Month-to-month,Mailed check,Fiber optic,30,126.25,3787.5,1,1,Price too high
CUST-000152,2022-06-09,West,Month-to-month,Bank transfer,DSL,11,128.13,1409.43,0,1,Price too high
CUST-000153,2022-07-23,South,Month-to-month,Bank transfer,Fiber optic,20,132.56,2651.2,2,0,
CUST-000154,2025-10-01,Midwest,Two year,Electronic check,No internet,22,51.89,1141.58,0,0,
CUST-000155,2024-09-16,Midwest,One year,Electronic check,Fiber optic,23,84.12,1934.76,1,0,
CUST-000156,2024-06-08,Midwest,One year,Credit card,DSL,8,92.64,741.12,0,0,
CUST-000157,2025-10-14,South,Month-to-month,Bank transfer,DSL,6,89.36,536.16,0,0,
CUST-000158,2024-11-17,South,Month-to-month,Electronic check,Fiber optic,17,62.59,1064.03,1,0,
CUST-000159,2024-01-07,South,Month-to-month,Bank transfer,Fiber optic,37,105.57,3906.09,0,1,Poor customer service
CUST-000160,2023-07-31,West,Month-to-month,Mailed check,Fiber optic,35,70.12,2454.2,2,0,
CUST-000161,2023-03-23,South,One year,Electronic check,DSL,41,73.04,2994.64,1,0,
CUST-000162,2022-12-20,South,Two year,Electronic check,No internet,9,42.86,385.74,1,0,
CUST-000163,2023-06-22,West,Month-to-month,Credit card,Fiber optic,20,86.17,1723.4,0,0,
CUST-000164,2022-05-26,South,Two year,Mailed check,Fiber optic,28,64.5,1806.0,0,1,Moving / relocation
CUST-000165,2022-01-20,Midwest,Two year,Bank transfer,Fiber optic,21,81.35,1708.35,1,0,
CUST-000166,2022-11-09,Midwest,Two year,Electronic check,Fiber optic,21,75.58,1587.18,2,0,
CUST-000167,2023-11-02,Midwest,Month-to-month,Electronic check,No internet,18,74.28,1337.04,1,1,Competitor offered better deal
CUST-000168,2022-05-31,Midwest,Two year,Electronic check,Fiber optic,3,69.09,207.27,0,1,Poor customer service
CUST-000169,2023-04-26,South,Two year,Bank transfer,Fiber optic,25,90.17,2254.25,0,0,
CUST-000170,2025-09-17,Northeast,Month-to-month,Credit card,DSL,2,65.78,131.56,0,0,
CUST-000171,2024-04-13,Midwest,One year,Credit card,Fiber optic,4,44.01,176.04,0,0,
CUST-000172,2025-06-26,South,Month-to-month,Electronic check,Fiber optic,7,84.1,588.7,0,1,Price too high
CUST-000173,2022-09-21,Midwest,Two year,Electronic check,Fiber optic,25,54.12,1353.0,2,0,
CUST-000174,2025-01-07,West,Two year,Electronic check,DSL,38,45.89,1743.82,1,0,
CUST-000175,2022-06-23,South,Two year,Credit card,No internet,48,50.55,2426.4,0,0,
CUST-000176,2022-02-02,South,Two year,Bank transfer,No internet,20,76.76,1535.2,2,0,
CUST-000177,2022-01-02,South,Two year,Credit card,DSL,36,67.97,2446.92,3,1,Price too high
CUST-000178,2024-02-01,West,Month-to-month,Mailed check,DSL,12,35.43,425.16,0,0,
CUST-000179,2022-01-06,South,One year,Bank transfer,DSL,40,62.01,2480.4,1,1,Price too high
CUST-000180,2022-12-17,West,Two year,Bank transfer,Fiber optic,14,101.92,1426.88,1,0,
CUST-000181,2024-10-08,Midwest,Two year,Bank transfer,Fiber optic,40,60.68,2427.2,1,0,
CUST-000182,2022-04-21,South,Two year,Bank transfer,Fiber optic,11,66.49,731.39,2,1,Moving / relocation
CUST-000183,2025-07-15,South,Month-to-month,Electronic check,Fiber optic,1,97.88,97.88,4,1,Moving / relocation
CUST-000184,2022-01-31,Midwest,One year,Mailed check,No internet,37,90.43,3345.91,3,1,Moving / relocation
CUST-000185,2025-04-24,Midwest,Two year,Credit card,DSL,36,97.22,3499.92,3,1,Poor customer service
CUST-000186,2024-11-13,Northeast,One year,Electronic check,No internet,17,28.87,490.79,1,0,
CUST-000187,2025-05-19,Midwest,Month-to-month,Bank transfer,Fiber optic,12,122.09,1465.08,0,1,Moving / relocation
CUST-000188,2023-07-08,South,Month-to-month,Credit card,Fiber optic,18,85.94,1546.92,2,0,
CUST-000189,2022-03-28,West,One year,Bank transfer,No internet,6,150.0,900.0,2,0,
CUST-000190,2024-05-10,South,One year,Bank transfer,Fiber optic,22,54.58,1200.76,1,0,
CUST-000191,2025-10-23,Midwest,Month-to-month,Electronic check,DSL,2,39.87,79.74,3,0,
CUST-000192,2025-02-05,South,One year,Credit card,Fiber optic,27,70.27,1897.29,1,0,
CUST-000193,2024-08-13,Northeast,Month-to-month,Credit card,No internet,1,64.19,64.19,0,1,Price too high
CUST-000194,2023-10-17,Midwest,One year,Credit card,Fiber optic,27,86.42,2333.34,4,0,
CUST-000195,2022-12-13,Midwest,Month-to-month,Electronic check,No internet,44,98.89,4351.16,2,0,
CUST-000196,2022-07-08,Northeast,Month-to-month,Credit card,Fiber optic,7,68.17,477.19,2,0,
CUST-000197,2022-03-17,West,Two year,Mailed check,Fiber optic,25,64.91,1622.75,1,0,
CUST-000198,2025-10-10,South,Month-to-month,Bank transfer,DSL,9,82.87,745.83,4,0,
CUST-000199,2025-10-05,Midwest,Two year,Electronic check,Fiber optic,25,64.58,1614.5,1,0,
CUST-000200,2024-08-02,South,One year,Electronic check,Fiber optic,42,62.88,2640.96,4,0,
CUST-000201,2023-09-22,South,Month-to-month,Bank transfer,DSL,12,97.7,1172.4,2,0,
CUST-000202,2022-10-18,West,One year,Bank transfer,Fiber optic,28,104.91,2937.48,3,0,
CUST-000203,2025-11-04,South,Month-to-month,Credit card,Fiber optic,36,99.17,3570.12,0,0,
CUST-000204,2024-09-24,West,One year,Electronic check,Fiber optic,15,66.43,996.45,0,0,
CUST-000205,2022-04-01,South,Two year,Credit card,DSL,33,35.35,1166.55,1,0,
CUST-000206,2023-09-18,West,One year,Bank transfer,Fiber optic,2,66.86,133.72,2,0,
CUST-000207,2023-05-22,South,Two year,Electronic check,DSL,43,55.01,2365.43,4,0,
CUST-000208,2025-03-03,Northeast,Two year,Electronic check,DSL,30,67.25,2017.5,4,0,
CUST-000209,2024-12-05,South,One year,Credit card,Fiber optic,19,56.56,1074.64,1,0,
CUST-000210,2024-11-17,South,One year,Credit card,DSL,40,69.64,2785.6,1,0,
CUST-000211,2025-02-15,Midwest,One year,Electronic check,DSL,11,50.27,552.97,2,0,
CUST-000212,2023-01-17,Midwest,Month-to-month,Mailed check,DSL,22,46.53,1023.66,1,1,Price too high
CUST-000213,2023-09-14,Midwest,Month-to-month,Bank transfer,Fiber optic,42,103.68,4354.56,0,0,
CUST-000214,2024-12-17,Midwest,One year,Bank transfer,DSL,8,51.4,411.2,1,0,
CUST-000215,2023-01-06,South,Two year,Bank transfer,Fiber optic,40,70.11,2804.4,0,0,
CUST-000216,2024-03-15,Midwest,Month-to-month,Credit card,Fiber optic,14,95.15,1332.1,1,1,Price too high
CUST-000217,2025-03-31,Northeast,Two year,Electronic check,Fiber optic,6,93.93,563.58,1,0,
CUST-000218,2024-09-09,Midwest,Month-to-month,Electronic check,No internet,7,90.41,632.87,1,0,
CUST-000219,2023-05-10,Midwest,Two year,Electronic check,Fiber optic,33,77.24,2548.92,2,1,Moving / relocation
CUST-000220,2023-08-01,South,Two year,Credit card,DSL,41,88.38,3623.58,3,0,
CUST-000221,2024-07-20,Midwest,Month-to-month,Bank transfer,Fiber optic,10,108.79,1087.9,1,1,Price too high
CUST-000222,2022-06-01,South,Two year,Electronic check,Fiber optic,9,80.32,722.88,3,1,Competitor offered better deal
CUST-000223,2025-02-28,Midwest,Two year,Credit card,Fiber optic,21,38.94,817.74,1,0,
CUST-000224,2022-02-22,South,One year,Bank transfer,Fiber optic,15,59.2,888.0,2,0,
CUST-000225,2025-03-06,Northeast,Two year,Mailed check,DSL,37,87.61,3241.57,1,0,
CUST-000226,2025-03-02,South,One year,Electronic check,DSL,23,57.36,1319.28,2,1,Poor customer service
CUST-000227,2024-07-24,Northeast,One year,Credit card,Fiber optic,17,117.73,2001.41,1,1,Price too high
CUST-000228,2023-02-15,West,Two year,Bank transfer,Fiber optic,42,68.7,2885.4,0,0,
CUST-000229,2023-08-20,West,Month-to-month,Electronic check,Fiber optic,4,72.04,288.16,3,1,Price too high
CUST-000230,2024-05-10,South,Month-to-month,Electronic check,DSL,6,100.48,602.88,2,1,Price too high
CUST-000231,2025-10-10,Northeast,Month-to-month,Electronic check,Fiber optic,2,66.12,132.24,1,0,
CUST-000232,2025-05-13,Midwest,One year,Bank transfer,No internet,45,74.17,3337.65,1,0,
CUST-000233,2022-03-29,Northeast,One year,Electronic check,Fiber optic,2,93.48,186.96,2,0,
CUST-000234,2025-10-20,Northeast,Two year,Mailed check,Fiber optic,29,43.77,1269.33,1,0,
CUST-000235,2024-10-12,South,Two year,Mailed check,DSL,36,63.99,2303.64,1,0,
CUST-000236,2025-11-18,South,One year,Credit card,DSL,37,91.41,3382.17,2,0,
CUST-000237,2023-06-14,South,One year,Bank transfer,Fiber optic,46,71.59,3293.14,0,0,
CUST-000238,2025-03-22,Northeast,Month-to-month,Mailed check,Fiber optic,3,112.12,336.36,0,1,Price too high
CUST-000239,2022-06-18,Northeast,Month-to-month,Bank transfer,Fiber optic,20,42.34,846.8,1,0,
CUST-000240,2024-02-02,Midwest,One year,Bank transfer,Fiber optic,25,40.82,1020.5,3,0,
CUST-000241,2023-09-18,Midwest,Month-to-month,Credit card,DSL,11,89.68,986.48,2,0,
CUST-000242,2023-01-24,Midwest,Two year,Credit card,DSL,30,92.49,2774.7,3,0,
CUST-000243,2023-04-21,West,Month-to-month,Bank transfer,Fiber optic,7,65.9,461.3,1,0,
CUST-000244,2022-01-26,Northeast,Two year,Bank transfer,Fiber optic,15,79.69,1195.35,2,1,Poor customer service
CUST-000245,2024-08-26,South,One year,Mailed check,DSL,6,88.98,533.88,0,0,
CUST-000246,2022-11-26,West,One year,Credit card,DSL,7,54.03,378.21,1,0,
CUST-000247,2022-01-27,West,Month-to-month,Bank transfer,DSL,13,55.91,726.83,1,1,Competitor offered better deal
CUST-000248,2022-12-12,Midwest,One year,Mailed check,DSL,27,74.49,2011.23,1,0,
CUST-000249,2025-02-13,South,Two year,Bank transfer,Fiber optic,39,93.63,3651.57,0,0,
CUST-000250,2024-02-08,West,Month-to-month,Electronic check,DSL,3,48.27,144.81,1,0,
CUST-000251,2022-11-20,Midwest,Month-to-month,Bank transfer,Fiber optic,13,65.8,855.4,3,0,
CUST-000252,2024-07-05,South,Two year,Electronic check,DSL,3,64.83,194.49,2,1,Poor customer service
CUST-000253,2022-10-23,West,One year,Mailed check,Fiber optic,14,80.14,1121.96,1,0,
CUST-000254,2025-12-02,West,One year,Electronic check,DSL,22,69.91,1538.02,1,0,
CUST-000255,2022-06-08,West,Month-to-month,Electronic check,Fiber optic,6,58.87,353.22,1,1,Competitor offered better deal
CUST-000256,2023-07-25,South,One year,Electronic check,Fiber optic,11,104.54,1149.94,0,0,
CUST-000257,2024-02-15,South,Two year,Bank transfer,Fiber optic,38,58.99,2241.62,0,1,Poor customer service
CUST-000258,2025-10-03,Midwest,Month-to-month,Bank transfer,DSL,8,63.85,510.8,2,0,
CUST-000259,2022-05-03,West,Month-to-month,Bank transfer,DSL,13,42.13,547.69,3,0,
CUST-000260,2025-03-25,West,Month-to-month,Mailed check,Fiber optic,43,55.79,2398.97,3,0,
CUST-000261,2023-01-03,South,One year,Credit card,Fiber optic,9,82.69,744.21,1,0,
CUST-000262,2024-10-29,West,Month-to-month,Credit card,Fiber optic,13,77.68,1009.84,1,0,
CUST-000263,2022-06-27,Midwest,Two year,Bank transfer,DSL,22,84.93,1868.46,6,0,
CUST-000264,2022-09-13,West,Month-to-month,Bank transfer,DSL,9,83.62,752.58,0,0,
CUST-000265,2025-12-29,South,Month-to-month,Credit card,DSL,32,136.74,4375.68,2,0,
CUST-000266,2024-06-21,Northeast,Two year,Bank transfer,DSL,11,55.18,606.98,3,0,
CUST-000267,2022-02-07,Midwest,Two year,Electronic check,DSL,16,41.75,668.0,2,0,
CUST-000268,2024-05-16,South,One year,Bank transfer,Fiber optic,23,50.09,1152.07,0,0,
CUST-000269,2024-11-12,South,Two year,Electronic check,DSL,18,55.97,1007.46,2,0,
CUST-000270,2025-02-28,Midwest,Month-to-month,Credit card,Fiber optic,42,51.33,2155.86,1,0,
CUST-000271,2023-01-13,Midwest,One year,Bank transfer,DSL,22,72.24,1589.28,4,1,Price too high
CUST-000272,2024-04-26,Northeast,Month-to-month,Credit card,DSL,2,104.67,209.34,0,0,
CUST-000273,2022-08-15,West,One year,Electronic check,No internet,11,114.74,1262.14,2,0,
CUST-000274,2025-11-08,Midwest,One year,Bank transfer,Fiber optic,3,82.38,247.14,1,1,Moving / relocation
CUST-000275,2022-11-18,Midwest,Two year,Bank transfer,DSL,12,139.1,1669.2,1,0,
CUST-000276,2022-10-18,Northeast,Month-to-month,Credit card,DSL,2,62.55,125.1,1,0,
CUST-000277,2024-09-29,Midwest,One year,Credit card,No internet,34,41.58,1413.72,1,0,
CUST-000278,2022-08-30,West,Two year,Electronic check,Fiber optic,11,98.2,1080.2,2,0,
CUST-000279,2022-07-18,South,Month-to-month,Credit card,DSL,5,38.93,194.65,0,0,
CUST-000280,2024-11-27,South,Month-to-month,Credit card,Fiber optic,6,55.06,330.36,1,1,Price too high
CUST-000281,2022-08-03,West,Month-to-month,Credit card,No internet,20,82.8,1656.0,1,0,
CUST-000282,2025-12-25,West,One year,Bank transfer,DSL,30,67.85,2035.5,2,0,
CUST-000283,2025-04-04,West,Month-to-month,Credit card,DSL,2,65.95,131.9,2,1,Price too high
CUST-000284,2022-12-14,West,One year,Electronic check,Fiber optic,28,48.05,1345.4,1,0,
CUST-000285,2022-04-16,South,One year,Electronic check,DSL,27,69.86,1886.22,1,0,
CUST-000286,2022-03-20,West,One year,Electronic check,DSL,16,96.66,1546.56,2,0,
CUST-000287,2024-03-21,West,One year,Bank transfer,Fiber optic,12,70.55,846.6,0,0,
CUST-000288,2024-08-18,West,Month-to-month,Credit card,DSL,42,53.75,2257.5,1,1,Poor customer service
CUST-000289,2023-06-19,West,Month-to-month,Bank transfer,DSL,13,47.03,611.39,4,0,
CUST-000290,2024-12-27,South,Month-to-month,Bank transfer,Fiber optic,16,54.11,865.76,2,0,
CUST-000291,2024-05-06,Northeast,Two year,Credit card,DSL,16,79.48,1271.68,0,0,
CUST-000292,2024-01-16,West,One year,Bank transfer,Fiber optic,20,78.25,1565.0,1,0,
CUST-000293,2022-01-12,South,Month-to-month,Bank transfer,DSL,4,54.26,217.04,1,0,
CUST-000294,2022-11-29,West,One year,Bank transfer,Fiber optic,24,34.56,829.44,1,0,
CUST-000295,2023-01-20,South,Two year,Bank transfer,DSL,38,80.19,3047.22,0,0,
CUST-000296,2023-12-27,South,One year,Bank transfer,Fiber optic,24,52.6,1262.4,0,0,
CUST-000297,2022-10-28,West,Two year,Credit card,DSL,29,87.4,2534.6,1,0,
CUST-000298,2023-03-26,Northeast,Two year,Bank transfer,DSL,32,55.04,1761.28,0,0,
CUST-000299,2022-08-28,Midwest,Month-to-month,Mailed check,DSL,21,51.1,1073.1,0,0,
CUST-000300,2022-11-15,West,Month-to-month,Bank transfer,Fiber optic,2,73.63,147.26,3,0,
CUST-000301,2025-06-08,South,Month-to-month,Credit card,DSL,3,149.08,447.24,4,1,Moving / relocation
CUST-000302,2024-01-03,South,One year,Mailed check,DSL,32,89.09,2850.88,0,0,
CUST-000303,2025-10-12,South,Month-to-month,Credit card,Fiber optic,1,73.23,73.23,2,0,
CUST-000304,2022-03-11,South,Month-to-month,Bank transfer,Fiber optic,5,78.64,393.2,0,0,
CUST-000305,2023-10-30,Midwest,Month-to-month,Electronic check,Fiber optic,40,40.03,1601.2,1,1,Frequent service outages
CUST-000306,2024-11-13,West,One year,Bank transfer,DSL,11,48.95,538.45,0,0,
CUST-000307,2025-04-20,South,One year,Electronic check,Fiber optic,22,31.39,690.58,2,0,
CUST-000308,2025-01-23,West,Month-to-month,Electronic check,DSL,11,121.94,1341.34,4,1,Price too high
CUST-000309,2023-09-24,West,Two year,Electronic check,DSL,5,114.29,571.45,0,0,
CUST-000310,2025-12-10,Northeast,One year,Bank transfer,Fiber optic,4,79.5,318.0,0,1,Price too high
CUST-000311,2022-12-26,West,One year,Bank transfer,Fiber optic,18,73.2,1317.6,2,0,
CUST-000312,2025-07-07,Northeast,Two year,Bank transfer,Fiber optic,1,42.67,42.67,4,1,Poor customer service
CUST-000313,2025-12-29,West,Two year,Bank transfer,Fiber optic,9,65.35,588.15,0,0,
CUST-000314,2023-03-07,South,Month-to-month,Mailed check,Fiber optic,16,124.41,1990.56,0,0,
CUST-000315,2025-04-10,Midwest,One year,Credit card,DSL,18,73.12,1316.16,1,0,
CUST-000316,2023-03-21,South,One year,Credit card,No internet,29,58.52,1697.08,3,0,
CUST-000317,2025-07-02,West,One year,Credit card,Fiber optic,15,39.94,599.1,1,0,
CUST-000318,2023-10-11,West,Two year,Electronic check,Fiber optic,22,109.04,2398.88,4,1,Poor customer service
CUST-000319,2023-06-13,Midwest,Month-to-month,Credit card,DSL,4,68.55,274.2,0,0,
CUST-000320,2024-11-24,South,Month-to-month,Credit card,No internet,15,39.96,599.4,2,0,
CUST-000321,2022-11-30,Midwest,One year,Electronic check,No internet,24,52.16,1251.84,0,0,
CUST-000322,2022-03-01,Northeast,One year,Mailed check,No internet,8,46.58,372.64,3,1,Price too high
CUST-000323,2025-08-21,Northeast,Month-to-month,Mailed check,Fiber optic,24,67.21,1613.04,0,0,
CUST-000324,2025-11-06,West,Month-to-month,Bank transfer,No internet,46,74.91,3445.86,0,0,
CUST-000325,2022-03-08,Northeast,One year,Bank transfer,Fiber optic,25,59.68,1492.0,1,0,
CUST-000326,2024-10-23,South,One year,Electronic check,Fiber optic,7,89.9,629.3,1,0,
CUST-000327,2022-06-11,West,Month-to-month,Electronic check,DSL,18,71.9,1294.2,2,1,Competitor offered better deal
CUST-000328,2025-05-27,South,Month-to-month,Bank transfer,DSL,3,98.49,295.47,1,0,
CUST-000329,2022-12-05,Midwest,Month-to-month,Bank transfer,DSL,11,62.53,687.83,0,0,
CUST-000330,2024-10-05,West,One year,Bank transfer,DSL,32,150.0,4800.0,0,0,
CUST-000331,2022-09-11,West,Month-to-month,Electronic check,DSL,15,58.52,877.8,2,0,
CUST-000332,2025-09-07,South,Month-to-month,Bank transfer,Fiber optic,27,52.51,1417.77,2,1,Moving / relocation
CUST-000333,2023-01-22,West,One year,Credit card,Fiber optic,23,50.48,1161.04,2,1,Price too high
CUST-000334,2025-04-08,Northeast,Month-to-month,Electronic check,DSL,18,65.53,1179.54,0,0,
CUST-000335,2025-05-19,Northeast,Month-to-month,Bank transfer,Fiber optic,15,40.44,606.6,1,0,
CUST-000336,2023-09-29,Midwest,One year,Mailed check,Fiber optic,36,77.04,2773.44,2,0,
CUST-000337,2022-07-19,Midwest,Month-to-month,Electronic check,Fiber optic,12,38.1,457.2,3,1,Frequent service outages
CUST-000338,2024-11-01,Northeast,Month-to-month,Credit card,DSL,6,73.83,442.98,2,0,
CUST-000339,2022-04-03,South,Month-to-month,Credit card,No internet,15,45.49,682.35,3,0,
CUST-000340,2025-10-08,Northeast,Month-to-month,Mailed check,DSL,16,62.05,992.8,0,1,Price too high
CUST-000341,2023-06-28,South,One year,Mailed check,DSL,31,85.07,2637.17,2,0,
CUST-000342,2025-10-12,Northeast,Two year,Electronic check,DSL,21,146.54,3077.34,2,0,
CUST-000343,2022-02-02,Midwest,One year,Bank transfer,Fiber optic,41,49.65,2035.65,0,0,
CUST-000344,2025-08-08,South,One year,Electronic check,DSL,31,66.81,2071.11,1,0,
CUST-000345,2022-07-31,Northeast,Two year,Bank transfer,DSL,34,55.61,1890.74,1,0,
CUST-000346,2024-12-31,West,One year,Electronic check,No internet,19,53.07,1008.33,0,1,Moving / relocation
CUST-000347,2023-07-15,Northeast,Two year,Bank transfer,Fiber optic,46,55.77,2565.42,0,0,
CUST-000348,2024-07-16,Northeast,Month-to-month,Credit card,No internet,3,91.26,273.78,2,0,
CUST-000349,2022-11-09,Midwest,One year,Electronic check,DSL,14,59.97,839.58,0,1,Frequent service outages
CUST-000350,2024-03-14,West,Two year,Credit card,Fiber optic,9,144.0,1296.0,0,1,Frequent service outages
CUST-000351,2024-05-06,South,Month-to-month,Credit card,DSL,39,80.09,3123.51,2,0,
CUST-000352,2022-10-05,Midwest,Two year,Electronic check,Fiber optic,3,50.74,152.22,5,0,
CUST-000353,2024-10-23,South,One year,Credit card,DSL,12,62.34,748.08,0,1,Moving / relocation
CUST-000354,2023-11-02,West,One year,Bank transfer,Fiber optic,10,54.24,542.4,0,1,Frequent service outages
CUST-000355,2023-08-19,South,One year,Bank transfer,DSL,29,90.56,2626.24,0,0,
CUST-000356,2022-07-16,Midwest,Month-to-month,Bank transfer,DSL,1,41.5,41.5,2,0,
CUST-000357,2022-04-11,Midwest,Month-to-month,Electronic check,DSL,1,45.65,45.65,0,1,Moving / relocation
CUST-000358,2022-08-13,West,Two year,Electronic check,Fiber optic,25,58.02,1450.5,2,1,Frequent service outages
CUST-000359,2024-06-09,Midwest,One year,Mailed check,No internet,7,87.23,610.61,2,0,
CUST-000360,2022-08-19,South,Two year,Bank transfer,No internet,26,104.02,2704.52,3,0,
CUST-000361,2022-04-28,South,Month-to-month,Credit card,DSL,22,109.05,2399.1,2,0,
CUST-000362,2023-11-22,Northeast,One year,Mailed check,Fiber optic,32,83.06,2657.92,1,0,
CUST-000363,2025-03-05,Northeast,Month-to-month,Electronic check,No internet,17,68.27,1160.59,1,0,
CUST-000364,2022-05-08,West,Month-to-month,Electronic check,DSL,19,90.4,1717.6,1,0,
CUST-000365,2024-04-18,West,One year,Credit card,No internet,9,48.61,437.49,1,1,Price too high
CUST-000366,2025-06-09,West,Two year,Electronic check,Fiber optic,1,38.85,38.85,1,1,Competitor offered better deal
CUST-000367,2025-09-10,South,Two year,Credit card,DSL,12,80.62,967.44,0,1,Poor customer service
CUST-000368,2025-08-17,Midwest,One year,Electronic check,Fiber optic,23,50.81,1168.63,2,1,Moving / relocation
CUST-000369,2025-08-19,South,Month-to-month,Electronic check,DSL,2,68.66,137.32,0,1,Price too high
CUST-000370,2024-09-14,West,Month-to-month,Electronic check,DSL,3,72.84,218.52,1,0,
CUST-000371,2025-01-15,South,Month-to-month,Bank transfer,Fiber optic,6,75.9,455.4,0,1,Competitor offered better deal
CUST-000372,2024-01-28,South,Two year,Mailed check,Fiber optic,42,94.64,3974.88,2,0,
CUST-000373,2024-11-03,South,One year,Credit card,DSL,16,91.49,1463.84,2,0,
CUST-000374,2025-10-25,Midwest,Month-to-month,Bank transfer,Fiber optic,2,74.62,149.24,2,1,Poor customer service
CUST-000375,2022-09-18,Midwest,Month-to-month,Electronic check,DSL,35,60.86,2130.1,1,1,Price too high
CUST-000376,2023-04-16,South,Two year,Bank transfer,Fiber optic,7,72.57,507.99,3,0,
CUST-000377,2024-02-08,West,One year,Mailed check,Fiber optic,22,57.93,1274.46,0,0,
CUST-000378,2024-06-01,South,Two year,Bank transfer,DSL,43,65.83,2830.69,2,0,
CUST-000379,2025-05-21,South,Month-to-month,Credit card,No internet,16,150.0,2400.0,1,1,Price too high
CUST-000380,2025-03-12,West,One year,Credit card,Fiber optic,19,74.31,1411.89,3,0,
CUST-000381,2023-01-16,Midwest,Month-to-month,Bank transfer,Fiber optic,1,80.97,80.97,1,0,
CUST-000382,2024-12-11,West,Two year,Mailed check,No internet,30,55.94,1678.2,3,0,
CUST-000383,2022-02-11,Northeast,Month-to-month,Mailed check,No internet,10,97.17,971.7,0,1,Price too high
CUST-000384,2025-05-17,Midwest,One year,Mailed check,DSL,18,89.41,1609.38,2,0,
CUST-000385,2023-05-21,Northeast,Month-to-month,Bank transfer,DSL,3,89.62,268.86,1,0,
CUST-000386,2022-12-07,South,Month-to-month,Electronic check,Fiber optic,6,75.1,450.6,1,0,
CUST-000387,2023-08-06,South,Month-to-month,Electronic check,DSL,5,97.61,488.05,0,1,Poor customer service
CUST-000388,2025-03-17,Midwest,One year,Credit card,DSL,33,105.31,3475.23,4,1,Competitor offered better deal
CUST-000389,2025-10-27,Northeast,One year,Credit card,No internet,6,76.75,460.5,3,0,
CUST-000390,2022-02-21,Midwest,Two year,Electronic check,Fiber optic,12,67.58,810.96,0,1,Poor customer service
CUST-000391,2025-03-14,Midwest,Month-to-month,Credit card,Fiber optic,6,93.34,560.04,3,1,Moving / relocation
CUST-000392,2024-03-16,South,One year,Credit card,No internet,13,52.49,682.37,0,0,
CUST-000393,2022-10-18,South,Two year,Electronic check,No internet,27,55.72,1504.44,0,0,
CUST-000394,2022-01-15,Midwest,Month-to-month,Credit card,DSL,22,68.92,1516.24,0,0,
CUST-000395,2023-07-10,South,Two year,Credit card,Fiber optic,13,40.16,522.08,1,0,
CUST-000396,2023-05-26,South,One year,Bank transfer,DSL,17,91.36,1553.12,4,1,Price too high
CUST-000397,2025-04-01,Midwest,Month-to-month,Credit card,Fiber optic,4,51.51,206.04,3,0,
CUST-000398,2024-04-26,Northeast,Month-to-month,Mailed check,Fiber optic,15,60.29,904.35,2,0,
CUST-000399,2025-01-22,Northeast,Month-to-month,Bank transfer,Fiber optic,11,65.48,720.28,0,0,
CUST-000400,2024-11-03,Northeast,Month-to-month,Bank transfer,Fiber optic,23,70.99,1632.77,3,1,Poor customer service
CUST-000401,2023-01-30,Northeast,Two year,Bank transfer,DSL,48,62.8,3014.4,1,0,
CUST-000402,2023-12-29,Northeast,One year,Mailed check,Fiber optic,13,68.61,891.93,1,0,
CUST-000403,2025-01-05,Midwest,One year,Bank transfer,DSL,24,68.78,1650.72,1,0,
CUST-000404,2025-10-17,South,One year,Credit card,Fiber optic,9,60.76,546.84,3,1,Price too high
CUST-000405,2023-09-27,South,Two year,Credit card,Fiber optic,36,54.74,1970.64,0,0,
CUST-000406,2024-01-18,West,Month-to-month,Electronic check,No internet,9,99.09,891.81,1,0,
CUST-000407,2023-03-31,West,Month-to-month,Mailed check,DSL,15,35.75,536.25,2,0,
CUST-000408,2022-04-15,Northeast,One year,Electronic check,Fiber optic,11,65.64,722.04,1,1,Frequent service outages
CUST-000409,2023-04-01,West,Month-to-month,Bank transfer,DSL,18,60.34,1086.12,2,0,
CUST-000410,2022-09-23,South,Month-to-month,Electronic check,Fiber optic,2,80.16,160.32,1,1,Poor customer service
CUST-000411,2024-07-27,South,One year,Credit card,Fiber optic,13,44.02,572.26,2,0,
CUST-000412,2025-05-20,West,Month-to-month,Bank transfer,Fiber optic,1,59.74,59.74,2,1,Frequent service outages
CUST-000413,2024-04-20,Midwest,Two year,Mailed check,No internet,21,67.85,1424.85,0,0,
CUST-000414,2025-10-12,South,One year,Bank transfer,Fiber optic,3,98.73,296.19,1,0,
CUST-000415,2023-06-26,West,Two year,Electronic check,No internet,2,77.97,155.94,1,1,Moving / relocation
CUST-000416,2024-09-04,West,Two year,Electronic check,DSL,45,48.0,2160.0,1,0,
CUST-000417,2022-08-04,South,Month-to-month,Electronic check,Fiber optic,8,59.98,479.84,2,0,
CUST-000418,2024-12-23,Midwest,Month-to-month,Bank transfer,No internet,4,93.09,372.36,1,0,
CUST-000419,2023-05-16,South,One year,Credit card,Fiber optic,22,47.74,1050.28,3,0,
CUST-000420,2024-06-23,West,Month-to-month,Electronic check,DSL,4,68.36,273.44,3,0,
CUST-000421,2022-09-08,West,Two year,Credit card,DSL,44,69.9,3075.6,0,1,Poor customer service
CUST-000422,2024-07-22,Midwest,Month-to-month,Electronic check,Fiber optic,22,61.96,1363.12,5,1,Moving / relocation
CUST-000423,2024-11-10,Northeast,One year,Mailed check,Fiber optic,42,150.0,6300.0,2,0,
CUST-000424,2025-08-29,South,One year,Bank transfer,No internet,12,61.43,737.16,0,0,
CUST-000425,2022-07-31,Midwest,Two year,Credit card,Fiber optic,7,80.96,566.72,1,0,
CUST-000426,2023-09-29,Midwest,One year,Credit card,No internet,15,54.86,822.9,4,1,Competitor offered better deal
CUST-000427,2024-01-21,South,One year,Bank transfer,Fiber optic,37,83.0,3071.0,3,0,
CUST-000428,2024-09-01,Midwest,One year,Bank transfer,Fiber optic,44,92.63,4075.72,4,0,
CUST-000429,2022-07-07,West,Month-to-month,Electronic check,Fiber optic,2,58.08,116.16,1,1,Price too high
CUST-000430,2024-09-11,Midwest,One year,Electronic check,Fiber optic,20,68.89,1377.8,1,1,Poor customer service
CUST-000431,2022-07-12,Northeast,One year,Credit card,No internet,7,52.64,368.48,2,0,
CUST-000432,2023-08-02,South,One year,Bank transfer,Fiber optic,22,48.61,1069.42,2,0,
CUST-000433,2022-12-17,Midwest,Month-to-month,Mailed check,DSL,12,97.69,1172.28,2,0,
CUST-000434,2023-10-18,Midwest,Month-to-month,Electronic check,Fiber optic,10,58.72,587.2,2,0,
CUST-000435,2023-10-30,Northeast,Two year,Electronic check,Fiber optic,30,32.38,971.4,0,0,
CUST-000436,2023-04-13,Midwest,Month-to-month,Credit card,Fiber optic,2,123.34,246.68,0,0,
CUST-000437,2025-03-19,West,One year,Mailed check,DSL,17,54.24,922.08,2,0,
CUST-000438,2025-10-25,West,One year,Credit card,DSL,15,64.79,971.85,2,0,
CUST-000439,2025-12-09,South,Two year,Bank transfer,Fiber optic,4,118.52,474.08,3,0,
CUST-000440,2022-07-12,Midwest,Month-to-month,Credit card,No internet,6,67.0,402.0,1,1,Competitor offered better deal
CUST-000441,2024-04-28,South,Month-to-month,Electronic check,Fiber optic,24,66.54,1596.96,3,0,
CUST-000442,2023-01-06,South,One year,Electronic check,DSL,5,47.32,236.6,2,0,
CUST-000443,2025-09-20,South,One year,Electronic check,Fiber optic,10,41.55,415.5,1,0,
CUST-000444,2025-02-02,West,One year,Electronic check,DSL,27,66.47,1794.69,1,0,
CUST-000445,2025-05-29,South,One year,Credit card,Fiber optic,37,78.74,2913.38,0,1,Poor customer service
CUST-000446,2023-05-16,South,Month-to-month,Credit card,DSL,5,77.31,386.55,4,1,Competitor offered better deal
CUST-000447,2022-07-27,South,Two year,Mailed check,DSL,21,60.1,1262.1,0,0,
CUST-000448,2024-10-09,Midwest,Month-to-month,Bank transfer,DSL,5,70.56,352.8,0,1,Price too high
CUST-000449,2024-05-17,Northeast,Two year,Bank transfer,Fiber optic,21,38.94,817.74,3,0,
CUST-000450,2024-11-27,Northeast,Two year,Bank transfer,DSL,21,81.23,1705.83,0,0,
CUST-000451,2023-07-12,South,One year,Electronic check,Fiber optic,39,73.82,2878.98,3,0,
CUST-000452,2024-03-18,Northeast,One year,Mailed check,Fiber optic,22,131.84,2900.48,1,0,
CUST-000453,2022-04-11,West,Two year,Electronic check,DSL,36,70.27,2529.72,2,0,
CUST-000454,2023-08-20,Midwest,One year,Credit card,No internet,2,51.85,103.7,1,1,Price too high
CUST-000455,2024-08-19,Northeast,Month-to-month,Mailed check,Fiber optic,3,68.98,206.94,0,0,
CUST-000456,2024-10-21,West,Month-to-month,Bank transfer,DSL,1,63.12,63.12,0,1,Competitor offered better deal
CUST-000457,2023-08-13,West,Two year,Credit card,DSL,11,80.57,886.27,0,0,
CUST-000458,2022-01-15,Midwest,One year,Mailed check,DSL,10,70.71,707.1,1,0,
CUST-000459,2023-09-11,South,One year,Electronic check,Fiber optic,5,46.84,234.2,2,0,
CUST-000460,2024-11-01,South,Month-to-month,Mailed check,Fiber optic,8,41.54,332.32,1,0,
CUST-000461,2022-06-13,South,One year,Bank transfer,Fiber optic,47,76.26,3584.22,2,0,
CUST-000462,2024-04-21,South,One year,Bank transfer,Fiber optic,11,109.14,1200.54,2,0,
CUST-000463,2025-10-15,West,One year,Electronic check,DSL,1,71.91,71.91,2,1,Poor customer service
CUST-000464,2025-05-17,South,Month-to-month,Electronic check,Fiber optic,31,90.95,2819.45,0,1,Frequent service outages
CUST-000465,2022-10-18,South,Month-to-month,Bank transfer,Fiber optic,1,96.94,96.94,2,1,Moving / relocation
CUST-000466,2024-12-18,South,One year,Bank transfer,DSL,20,76.35,1527.0,4,0,
CUST-000467,2023-03-06,West,Two year,Electronic check,Fiber optic,12,54.02,648.24,1,0,
CUST-000468,2024-03-31,West,Month-to-month,Credit card,DSL,20,74.63,1492.6,1,0,
CUST-000469,2024-09-08,South,Month-to-month,Mailed check,DSL,14,103.16,1444.24,0,0,
CUST-000470,2025-02-14,South,One year,Electronic check,DSL,35,83.06,2907.1,1,0,
CUST-000471,2023-07-14,South,One year,Mailed check,Fiber optic,29,89.07,2583.03,2,0,
CUST-000472,2022-09-06,Northeast,Month-to-month,Bank transfer,Fiber optic,31,60.46,1874.26,1,0,
CUST-000473,2025-07-06,West,One year,Bank transfer,DSL,32,65.71,2102.72,0,1,Poor customer service
CUST-000474,2023-08-03,Northeast,One year,Bank transfer,DSL,9,67.49,607.41,2,0,
CUST-000475,2023-09-26,Northeast,Month-to-month,Electronic check,DSL,19,68.96,1310.24,0,0,
CUST-000476,2024-02-16,Northeast,Month-to-month,Mailed check,DSL,6,101.88,611.28,1,0,
CUST-000477,2022-07-08,South,Two year,Mailed check,Fiber optic,34,33.08,1124.72,0,0,
CUST-000478,2025-02-01,Midwest,Month-to-month,Mailed check,DSL,2,70.79,141.58,2,0,
CUST-000479,2025-09-02,Midwest,Two year,Bank transfer,Fiber optic,31,68.34,2118.54,0,0,
CUST-000480,2022-10-16,Midwest,Month-to-month,Bank transfer,Fiber optic,8,45.2,361.6,1,0,
CUST-000481,2024-09-26,West,Two year,Electronic check,Fiber optic,14,86.92,1216.88,0,0,
CUST-000482,2024-10-27,West,Two year,Electronic check,DSL,7,55.6,389.2,1,0,
CUST-000483,2023-06-17,South,Month-to-month,Electronic check,DSL,19,62.54,1188.26,2,1,Price too high
CUST-000484,2023-02-08,West,One year,Bank transfer,DSL,15,126.67,1900.05,2,0,
CUST-000485,2023-10-26,Midwest,Month-to-month,Mailed check,DSL,6,96.85,581.1,2,0,
CUST-000486,2022-10-18,South,Month-to-month,Bank transfer,No internet,15,84.25,1263.75,3,0,
CUST-000487,2023-09-13,Northeast,Two year,Electronic check,DSL,25,79.19,1979.75,2,1,Poor customer service
CUST-000488,2023-08-06,West,Month-to-month,Mailed check,DSL,13,66.51,864.63,2,1,Price too high
CUST-000489,2023-10-16,South,One year,Electronic check,Fiber optic,48,132.93,6380.64,0,0,
CUST-000490,2022-10-15,South,Two year,Electronic check,DSL,23,90.62,2084.26,1,0,
CUST-000491,2025-10-22,South,Month-to-month,Credit card,DSL,42,55.15,2316.3,1,0,
CUST-000492,2023-09-30,West,Month-to-month,Electronic check,Fiber optic,32,44.79,1433.28,0,0,
CUST-000493,2024-02-26,Midwest,Month-to-month,Electronic check,Fiber optic,3,84.05,252.15,0,1,Moving / relocation
CUST-000494,2024-03-03,South,Two year,Mailed check,Fiber optic,25,68.86,1721.5,0,0,
CUST-000495,2023-08-02,South,Month-to-month,Electronic check,Fiber optic,21,44.38,931.98,3,1,Frequent service outages
CUST-000496,2023-06-27,Northeast,Month-to-month,Credit card,DSL,10,80.41,804.1,2,0,
CUST-000497,2022-10-07,Northeast,One year,Credit card,DSL,9,64.32,578.88,2,0,
CUST-000498,2025-10-06,South,One year,Mailed check,No internet,5,83.08,415.4,1,0,
CUST-000499,2025-01-25,Midwest,One year,Electronic check,DSL,34,80.75,2745.5,0,0,
CUST-000500,2024-09-11,South,Two year,Bank transfer,DSL,31,57.71,1789.01,2,0,
CUST-000501,2024-07-07,West,Month-to-month,Bank transfer,DSL,5,85.84,429.2,4,0,
CUST-000502,2023-08-13,Midwest,One year,Bank transfer,DSL,24,59.78,1434.72,2,0,
CUST-000503,2024-08-15,West,Two year,Electronic check,Fiber optic,32,61.04,1953.28,1,0,
CUST-000504,2025-10-15,South,Month-to-month,Electronic check,Fiber optic,3,59.13,177.39,0,1,Price too high
CUST-000505,2022-06-04,South,Two year,Electronic check,Fiber optic,19,100.68,1912.92,2,0,
CUST-000506,2023-04-10,Midwest,One year,Mailed check,DSL,13,64.09,833.17,3,0,
CUST-000507,2022-09-02,West,Month-to-month,Bank transfer,Fiber optic,2,108.76,217.52,2,1,Competitor offered better deal
CUST-000508,2024-07-23,South,Month-to-month,Credit card,DSL,18,124.05,2232.9,0,0,
CUST-000509,2023-03-20,South,Month-to-month,Electronic check,No internet,20,55.35,1107.0,0,1,Price too high
CUST-000510,2023-11-19,West,Two year,Credit card,DSL,18,27.53,495.54,3,0,
CUST-000511,2022-04-04,Northeast,One year,Electronic check,Fiber optic,29,97.93,2839.97,2,0,
CUST-000512,2025-06-28,Northeast,Two year,Electronic check,DSL,43,62.84,2702.12,2,1,Moving / relocation
CUST-000513,2025-10-16,Northeast,Month-to-month,Bank transfer,DSL,48,53.13,2550.24,1,0,
CUST-000514,2023-10-03,West,Two year,Electronic check,No internet,29,58.07,1684.03,1,1,Moving / relocation
CUST-000515,2024-04-13,West,Two year,Credit card,DSL,17,61.39,1043.63,1,1,Frequent service outages
CUST-000516,2022-02-27,South,Month-to-month,Credit card,Fiber optic,8,106.18,849.44,1,0,
CUST-000517,2025-03-21,South,Month-to-month,Electronic check,No internet,40,73.79,2951.6,1,0,
CUST-000518,2023-03-26,West,One year,Electronic check,Fiber optic,5,105.72,528.6,0,1,Price too high
CUST-000519,2023-07-19,Midwest,Month-to-month,Electronic check,Fiber optic,25,82.12,2053.0,1,0,
CUST-000520,2023-04-07,Midwest,Month-to-month,Credit card,Fiber optic,10,63.5,635.0,2,0,
CUST-000521,2024-02-17,West,Two year,Electronic check,Fiber optic,26,61.87,1608.62,0,0,
CUST-000522,2023-07-31,Northeast,Two year,Credit card,Fiber optic,11,83.91,923.01,0,0,
CUST-000523,2025-01-04,South,One year,Electronic check,Fiber optic,14,91.15,1276.1,1,0,
CUST-000524,2024-12-03,South,Two year,Bank transfer,Fiber optic,29,96.45,2797.05,0,1,Price too high
CUST-000525,2023-03-31,Midwest,One year,Electronic check,Fiber optic,20,64.48,1289.6,1,0,
CUST-000526,2024-10-31,South,One year,Credit card,No internet,8,74.15,593.2,1,0,
CUST-000527,2025-03-28,West,One year,Bank transfer,DSL,42,84.51,3549.42,0,0,
CUST-000528,2022-06-08,South,One year,Electronic check,DSL,11,62.0,682.0,2,1,Competitor offered better deal
CUST-000529,2022-09-01,West,Two year,Electronic check,DSL,41,48.76,1999.16,0,0,
CUST-000530,2022-03-24,Midwest,One year,Bank transfer,DSL,18,54.16,974.88,2,0,
CUST-000531,2025-10-24,Midwest,Two year,Bank transfer,Fiber optic,13,64.9,843.7,2,0,
CUST-000532,2022-10-04,Midwest,Month-to-month,Credit card,No internet,3,86.65,259.95,2,1,Competitor offered better deal
CUST-000533,2025-07-01,South,One year,Mailed check,Fiber optic,12,104.89,1258.68,1,0,
CUST-000534,2023-10-19,Northeast,One year,Credit card,Fiber optic,16,45.43,726.88,0,0,
CUST-000535,2023-04-06,West,One year,Electronic check,No internet,42,57.91,2432.22,0,0,
CUST-000536,2024-04-20,West,Month-to-month,Credit card,Fiber optic,12,62.52,750.24,4,0,
CUST-000537,2025-12-09,West,Two year,Credit card,Fiber optic,7,90.41,632.87,0,1,Moving / relocation
CUST-000538,2023-11-03,Midwest,Month-to-month,Bank transfer,No internet,9,59.2,532.8,2,1,Price too high
CUST-000539,2022-04-04,South,One year,Credit card,DSL,7,61.1,427.7,2,1,Price too high
CUST-000540,2025-04-01,West,Month-to-month,Mailed check,Fiber optic,2,44.62,89.24,1,1,Competitor offered better deal
CUST-000541,2024-12-12,South,Two year,Bank transfer,No internet,23,81.83,1882.09,2,0,
CUST-000542,2024-01-12,South,One year,Electronic check,No internet,4,66.58,266.32,2,0,
CUST-000543,2023-03-19,Northeast,Month-to-month,Electronic check,No internet,15,56.87,853.05,0,1,Competitor offered better deal
CUST-000544,2024-12-16,West,Month-to-month,Bank transfer,Fiber optic,13,64.52,838.76,3,1,Competitor offered better deal
CUST-000545,2025-08-18,South,Two year,Credit card,DSL,29,100.55,2915.95,1,1,Moving / relocation
CUST-000546,2025-12-15,West,Month-to-month,Credit card,DSL,4,50.83,203.32,1,0,
CUST-000547,2023-01-10,Midwest,One year,Bank transfer,DSL,31,53.55,1660.05,0,1,Competitor offered better deal
CUST-000548,2024-08-17,West,One year,Credit card,Fiber optic,42,104.66,4395.72,2,0,
CUST-000549,2024-01-21,Midwest,Month-to-month,Credit card,DSL,20,71.83,1436.6,1,0,
CUST-000550,2024-06-22,Northeast,Two year,Credit card,Fiber optic,19,86.86,1650.34,3,0,
CUST-000551,2022-06-08,West,Two year,Electronic check,No internet,48,79.72,3826.56,1,1,Price too high
CUST-000552,2025-01-21,Northeast,Two year,Bank transfer,DSL,29,69.32,2010.28,1,0,
CUST-000553,2024-04-16,South,One year,Bank transfer,DSL,45,62.71,2821.95,1,0,
CUST-000554,2024-01-08,Midwest,Two year,Credit card,Fiber optic,23,91.48,2104.04,1,0,
CUST-000555,2023-05-07,West,Two year,Bank transfer,Fiber optic,45,101.69,4576.05,1,0,
CUST-000556,2025-09-02,South,Two year,Credit card,DSL,35,99.18,3471.3,3,0,
CUST-000557,2025-04-21,South,Month-to-month,Credit card,DSL,36,47.97,1726.92,1,0,
CUST-000558,2024-07-13,West,Month-to-month,Bank transfer,DSL,9,106.44,957.96,0,1,Price too high
CUST-000559,2024-08-01,Midwest,Two year,Credit card,Fiber optic,28,62.52,1750.56,2,0,
CUST-000560,2025-08-09,West,Two year,Bank transfer,Fiber optic,36,55.06,1982.16,1,0,
CUST-000561,2024-12-09,Northeast,Month-to-month,Bank transfer,Fiber optic,37,66.41,2457.17,0,0,
CUST-000562,2023-12-13,Northeast,Month-to-month,Bank transfer,DSL,4,91.47,365.88,1,1,Moving / relocation
CUST-000563,2023-07-31,South,One year,Credit card,Fiber optic,16,83.34,1333.44,1,0,
CUST-000564,2022-12-03,South,Two year,Credit card,Fiber optic,14,64.6,904.4,1,0,
CUST-000565,2024-11-01,Midwest,Two year,Credit card,Fiber optic,47,91.66,4308.02,0,0,
CUST-000566,2025-05-14,West,Two year,Mailed check,DSL,18,73.31,1319.58,1,0,
CUST-000567,2022-11-13,West,One year,Bank transfer,DSL,9,58.36,525.24,0,0,
CUST-000568,2022-09-21,West,Two year,Credit card,Fiber optic,18,55.89,1006.02,0,0,
CUST-000569,2023-12-24,Northeast,One year,Credit card,DSL,46,79.94,3677.24,1,0,
CUST-000570,2025-11-07,West,Month-to-month,Credit card,DSL,10,68.28,682.8,1,0,
CUST-000571,2024-03-02,South,Two year,Bank transfer,Fiber optic,38,45.14,1715.32,0,0,
CUST-000572,2025-08-30,West,Month-to-month,Bank transfer,Fiber optic,6,91.94,551.64,1,0,
CUST-000573,2023-04-16,South,One year,Electronic check,Fiber optic,9,60.12,541.08,1,0,
CUST-000574,2023-07-11,West,Month-to-month,Credit card,DSL,4,116.69,466.76,2,0,
CUST-000575,2023-10-03,West,One year,Mailed check,Fiber optic,1,44.75,44.75,1,0,
CUST-000576,2025-06-16,West,Two year,Credit card,No internet,27,66.17,1786.59,1,0,
CUST-000577,2025-07-02,South,One year,Electronic check,DSL,42,56.04,2353.68,1,1,Frequent service outages
CUST-000578,2025-08-21,Midwest,Two year,Credit card,DSL,15,51.31,769.65,1,0,
CUST-000579,2023-12-04,Midwest,One year,Bank transfer,No internet,25,59.99,1499.75,2,1,Frequent service outages
CUST-000580,2023-07-06,Midwest,Month-to-month,Electronic check,Fiber optic,8,123.54,988.32,3,1,Poor customer service
CUST-000581,2025-02-01,South,Month-to-month,Bank transfer,DSL,7,73.4,513.8,0,1,Poor customer service
CUST-000582,2025-07-23,Midwest,One year,Bank transfer,Fiber optic,16,54.42,870.72,3,0,
CUST-000583,2024-02-09,Northeast,Month-to-month,Credit card,Fiber optic,8,39.05,312.4,0,0,
CUST-000584,2024-09-05,Northeast,Month-to-month,Bank transfer,DSL,4,40.41,161.64,0,0,
CUST-000585,2022-01-24,West,Two year,Bank transfer,Fiber optic,27,59.05,1594.35,2,0,
CUST-000586,2023-04-07,West,One year,Electronic check,No internet,42,57.24,2404.08,1,0,
CUST-000587,2025-03-11,Northeast,Two year,Credit card,DSL,19,65.26,1239.94,1,0,
CUST-000588,2023-11-09,Midwest,Two year,Credit card,DSL,8,33.88,271.04,3,0,
CUST-000589,2025-11-21,South,One year,Credit card,DSL,46,68.08,3131.68,0,1,Moving / relocation
CUST-000590,2025-09-03,West,Month-to-month,Electronic check,DSL,37,97.4,3603.8,3,0,
CUST-000591,2025-07-29,South,One year,Credit card,Fiber optic,48,117.84,5656.32,1,0,
CUST-000592,2024-07-22,West,Two year,Electronic check,DSL,29,38.24,1108.96,1,0,
CUST-000593,2025-04-25,South,Month-to-month,Credit card,Fiber optic,14,54.25,759.5,1,0,
CUST-000594,2024-08-04,South,Two year,Electronic check,Fiber optic,48,53.34,2560.32,1,0,
CUST-000595,2023-08-27,West,One year,Electronic check,Fiber optic,24,73.45,1762.8,2,0,
CUST-000596,2024-11-27,Midwest,One year,Electronic check,Fiber optic,12,47.45,569.4,4,0,
CUST-000597,2023-10-14,Midwest,Month-to-month,Credit card,Fiber optic,16,120.1,1921.6,1,0,
CUST-000598,2024-12-27,Midwest,Month-to-month,Bank transfer,DSL,13,71.09,924.17,1,0,
CUST-000599,2023-11-07,Midwest,One year,Bank transfer,DSL,41,67.4,2763.4,5,0,
CUST-000600,2023-05-08,South,One year,Mailed check,No internet,5,116.71,583.55,0,1,Moving / relocation
CUST-000601,2023-09-10,Midwest,Two year,Credit card,DSL,36,69.75,2511.0,2,0,
CUST-000602,2025-05-26,West,Two year,Mailed check,DSL,27,79.69,2151.63,0,0,
CUST-000603,2023-09-29,West,Month-to-month,Electronic check,No internet,4,55.13,220.52,1,1,Price too high
CUST-000604,2024-05-08,West,One year,Credit card,DSL,10,45.22,452.2,2,1,Price too high
CUST-000605,2025-03-04,South,Month-to-month,Bank transfer,Fiber optic,37,57.67,2133.79,1,1,Price too high
CUST-000606,2025-11-24,South,One year,Bank transfer,Fiber optic,35,141.15,4940.25,0,0,
CUST-000607,2025-03-14,Northeast,Month-to-month,Mailed check,Fiber optic,24,85.85,2060.4,3,0,
CUST-000608,2024-03-21,South,Month-to-month,Bank transfer,Fiber optic,17,76.54,1301.18,3,1,Price too high
CUST-000609,2023-03-16,South,Month-to-month,Electronic check,No internet,8,51.29,410.32,0,1,Frequent service outages
CUST-000610,2022-10-11,West,One year,Bank transfer,DSL,1,93.84,93.84,1,0,
CUST-000611,2024-05-17,Northeast,Month-to-month,Mailed check,No internet,18,45.4,817.2,3,0,
CUST-000612,2022-04-11,South,Month-to-month,Bank transfer,Fiber optic,31,42.46,1316.26,3,0,
CUST-000613,2025-04-09,South,Month-to-month,Electronic check,No internet,2,58.62,117.24,0,1,Competitor offered better deal
CUST-000614,2024-10-01,Northeast,One year,Electronic check,Fiber optic,28,131.03,3668.84,3,0,
CUST-000615,2024-05-21,West,One year,Mailed check,Fiber optic,29,128.68,3731.72,0,0,
CUST-000616,2024-04-02,West,Month-to-month,Bank transfer,No internet,15,60.68,910.2,0,1,Poor customer service
CUST-000617,2025-05-02,Northeast,Month-to-month,Electronic check,Fiber optic,18,56.5,1017.0,2,1,Poor customer service
CUST-000618,2025-06-22,Midwest,Two year,Bank transfer,DSL,9,41.47,373.23,0,0,
CUST-000619,2025-08-20,South,Month-to-month,Mailed check,Fiber optic,5,71.88,359.4,0,1,Moving / relocation
CUST-000620,2025-05-27,Midwest,Month-to-month,Mailed check,DSL,11,73.84,812.24,1,0,
CUST-000621,2024-12-06,South,One year,Bank transfer,DSL,19,90.26,1714.94,1,0,
CUST-000622,2023-07-08,West,Month-to-month,Mailed check,DSL,21,93.82,1970.22,1,0,
CUST-000623,2025-05-11,Midwest,One year,Bank transfer,DSL,12,65.81,789.72,2,0,
CUST-000624,2025-12-22,West,Month-to-month,Bank transfer,DSL,13,83.76,1088.88,1,1,Frequent service outages
CUST-000625,2025-03-04,Northeast,Two year,Credit card,DSL,44,56.02,2464.88,0,0,
CUST-000626,2025-05-24,Midwest,Two year,Bank transfer,DSL,17,83.25,1415.25,2,0,
CUST-000627,2024-07-22,South,One year,Mailed check,DSL,14,59.6,834.4,2,0,
CUST-000628,2022-04-14,South,One year,Electronic check,Fiber optic,27,81.21,2192.67,2,1,Frequent service outages
CUST-000629,2025-07-29,South,One year,Mailed check,DSL,34,79.13,2690.42,0,0,
CUST-000630,2023-05-09,South,Month-to-month,Credit card,Fiber optic,17,71.67,1218.39,0,0,
CUST-000631,2024-05-01,West,One year,Electronic check,Fiber optic,7,90.4,632.8,2,0,
CUST-000632,2024-08-07,Midwest,Month-to-month,Electronic check,DSL,20,42.41,848.2,0,1,Price too high
CUST-000633,2025-04-23,Northeast,Two year,Bank transfer,DSL,26,49.86,1296.36,5,1,Frequent service outages
CUST-000634,2022-03-06,South,Month-to-month,Bank transfer,DSL,2,64.3,128.6,0,1,Price too high
CUST-000635,2022-04-04,South,Month-to-month,Credit card,No internet,4,44.17,176.68,1,0,
CUST-000636,2023-02-27,South,One year,Electronic check,Fiber optic,45,61.55,2769.75,1,0,
CUST-000637,2023-11-26,Midwest,Month-to-month,Credit card,No internet,2,62.19,124.38,0,1,Poor customer service
CUST-000638,2024-03-17,West,One year,Bank transfer,DSL,20,106.6,2132.0,1,0,
CUST-000639,2022-07-30,Northeast,One year,Credit card,Fiber optic,37,73.38,2715.06,1,0,
CUST-000640,2025-10-31,Northeast,Month-to-month,Mailed check,DSL,16,97.46,1559.36,1,0,
CUST-000641,2025-03-29,Northeast,Month-to-month,Mailed check,Fiber optic,24,77.21,1853.04,0,1,Price too high
CUST-000642,2025-06-23,South,One year,Electronic check,No internet,5,59.06,295.3,1,0,
CUST-000643,2023-06-12,West,One year,Credit card,Fiber optic,39,73.17,2853.63,1,1,Competitor offered better deal
CUST-000644,2022-02-21,South,Two year,Electronic check,Fiber optic,31,88.54,2744.74,1,0,
CUST-000645,2024-11-10,Northeast,One year,Electronic check,DSL,41,102.71,4211.11,2,1,Moving / relocation
CUST-000646,2025-03-03,Northeast,One year,Electronic check,Fiber optic,24,67.2,1612.8,0,0,
CUST-000647,2022-01-16,Midwest,One year,Credit card,Fiber optic,17,41.38,703.46,1,1,Frequent service outages
CUST-000648,2022-08-04,Midwest,Month-to-month,Electronic check,Fiber optic,2,40.46,80.92,2,1,Price too high
CUST-000649,2023-09-26,South,One year,Mailed check,No internet,17,63.15,1073.55,2,1,Moving / relocation
CUST-000650,2025-09-08,West,One year,Bank transfer,Fiber optic,7,33.18,232.26,2,0,
CUST-000651,2022-06-10,West,Month-to-month,Credit card,DSL,26,124.52,3237.52,3,0,
CUST-000652,2024-08-29,West,One year,Credit card,Fiber optic,8,84.86,678.88,1,0,
CUST-000653,2025-08-25,Midwest,Month-to-month,Bank transfer,No internet,15,57.2,858.0,1,0,
CUST-000654,2022-07-31,Northeast,Month-to-month,Electronic check,No internet,29,49.15,1425.35,2,1,Competitor offered better deal
CUST-000655,2025-11-25,West,Two year,Electronic check,No internet,13,97.42,1266.46,4,0,
CUST-000656,2025-12-09,South,Two year,Electronic check,Fiber optic,39,49.09,1914.51,1,0,
CUST-000657,2023-11-24,Midwest,One year,Mailed check,Fiber optic,37,50.61,1872.57,3,0,
CUST-000658,2022-06-08,West,One year,Mailed check,DSL,22,54.87,1207.14,2,0,
CUST-000659,2025-02-27,Northeast,Month-to-month,Bank transfer,Fiber optic,6,72.71,436.26,4,1,Poor customer service
CUST-000660,2022-10-16,Midwest,One year,Mailed check,Fiber optic,17,85.51,1453.67,4,0,
CUST-000661,2023-05-17,South,One year,Bank transfer,No internet,13,102.68,1334.84,0,0,
CUST-000662,2022-04-20,Midwest,Two year,Electronic check,Fiber optic,37,97.94,3623.78,1,1,Competitor offered better deal
CUST-000663,2023-05-07,Northeast,Month-to-month,Credit card,Fiber optic,3,70.12,210.36,5,1,Frequent service outages
CUST-000664,2023-06-30,Northeast,Month-to-month,Credit card,Fiber optic,15,97.18,1457.7,0,0,
CUST-000665,2023-08-25,South,Two year,Mailed check,Fiber optic,14,56.56,791.84,3,0,
CUST-000666,2022-09-12,West,Month-to-month,Mailed check,No internet,12,39.15,469.8,0,0,
CUST-000667,2022-07-26,West,Month-to-month,Credit card,Fiber optic,22,56.56,1244.32,0,0,
CUST-000668,2025-12-20,South,Month-to-month,Credit card,Fiber optic,8,54.16,433.28,2,0,
CUST-000669,2025-05-22,West,One year,Mailed check,Fiber optic,20,57.27,1145.4,0,0,
CUST-000670,2024-02-21,Midwest,Month-to-month,Electronic check,Fiber optic,10,51.57,515.7,0,1,Price too high
CUST-000671,2023-06-13,South,One year,Credit card,DSL,14,60.49,846.86,1,1,Poor customer service
CUST-000672,2025-02-08,South,One year,Bank transfer,DSL,38,85.49,3248.62,3,0,
CUST-000673,2025-01-31,South,One year,Bank transfer,DSL,16,121.37,1941.92,0,0,
CUST-000674,2023-03-11,Northeast,Two year,Electronic check,DSL,7,40.36,282.52,2,0,
CUST-000675,2023-05-30,West,One year,Credit card,Fiber optic,35,46.43,1625.05,2,0,
CUST-000676,2023-01-19,South,One year,Bank transfer,Fiber optic,32,54.42,1741.44,2,0,
CUST-000677,2022-05-23,South,One year,Bank transfer,No internet,13,89.57,1164.41,0,0,
CUST-000678,2023-12-21,Midwest,Month-to-month,Bank transfer,DSL,7,65.66,459.62,1,0,
CUST-000679,2025-07-04,Midwest,One year,Mailed check,Fiber optic,12,55.61,667.32,0,1,Frequent service outages
CUST-000680,2025-02-09,Northeast,Two year,Mailed check,DSL,14,88.18,1234.52,2,0,
CUST-000681,2024-01-10,Midwest,Two year,Bank transfer,DSL,42,95.21,3998.82,2,0,
CUST-000682,2024-07-09,Midwest,Two year,Bank transfer,DSL,10,69.69,696.9,0,0,
CUST-000683,2025-08-11,West,One year,Credit card,DSL,34,53.99,1835.66,0,0,
CUST-000684,2023-12-03,Northeast,Month-to-month,Bank transfer,No internet,3,76.44,229.32,2,0,
CUST-000685,2025-03-05,Northeast,Month-to-month,Mailed check,Fiber optic,13,65.06,845.78,3,0,
CUST-000686,2022-07-28,West,Two year,Electronic check,Fiber optic,42,64.9,2725.8,1,0,
CUST-000687,2024-07-25,South,One year,Bank transfer,No internet,30,59.5,1785.0,4,1,Moving / relocation
CUST-000688,2023-12-27,South,One year,Electronic check,DSL,28,94.25,2639.0,2,0,
CUST-000689,2022-04-22,Northeast,Two year,Bank transfer,DSL,33,75.94,2506.02,2,1,Moving / relocation
CUST-000690,2024-07-25,South,One year,Mailed check,Fiber optic,15,97.65,1464.75,2,0,
CUST-000691,2023-01-05,South,Two year,Mailed check,Fiber optic,19,107.51,2042.69,1,0,
CUST-000692,2022-04-05,South,One year,Electronic check,No internet,4,81.2,324.8,1,0,
CUST-000693,2023-05-25,West,Two year,Bank transfer,Fiber optic,34,59.62,2027.08,2,1,Frequent service outages
CUST-000694,2024-07-02,Midwest,One year,Electronic check,DSL,35,97.8,3423.0,1,0,
CUST-000695,2022-07-11,South,One year,Bank transfer,Fiber optic,7,81.37,569.59,4,0,
CUST-000696,2025-11-05,Northeast,One year,Electronic check,No internet,19,150.0,2850.0,2,0,
CUST-000697,2022-08-27,Midwest,Month-to-month,Credit card,Fiber optic,7,77.42,541.94,1,0,
CUST-000698,2022-10-28,Midwest,Month-to-month,Bank transfer,No internet,32,87.64,2804.48,3,1,Moving / relocation
CUST-000699,2022-05-09,South,Two year,Credit card,Fiber optic,4,76.93,307.72,1,1,Moving / relocation
CUST-000700,2022-12-03,West,Two year,Credit card,No internet,7,67.92,475.44,1,0,
CUST-000701,2022-09-07,West,Two year,Credit card,Fiber optic,23,64.53,1484.19,1,0,
CUST-000702,2023-10-13,Midwest,Month-to-month,Credit card,No internet,44,77.03,3389.32,2,0,
CUST-000703,2025-10-13,South,Month-to-month,Electronic check,DSL,13,82.83,1076.79,0,0,
CUST-000704,2024-11-15,South,Two year,Mailed check,Fiber optic,13,101.43,1318.59,4,0,
CUST-000705,2025-11-17,South,Month-to-month,Bank transfer,Fiber optic,10,77.39,773.9,4,1,Frequent service outages
CUST-000706,2023-12-10,Midwest,One year,Bank transfer,DSL,32,60.45,1934.4,6,1,Poor customer service
CUST-000707,2022-02-22,South,Month-to-month,Bank transfer,DSL,1,63.14,63.14,1,1,Price too high
CUST-000708,2022-08-06,South,Two year,Bank transfer,Fiber optic,32,45.91,1469.12,2,1,Moving / relocation
CUST-000709,2023-03-18,West,One year,Electronic check,Fiber optic,35,119.29,4175.15,2,0,
CUST-000710,2024-11-29,South,One year,Electronic check,DSL,34,58.96,2004.64,2,0,
CUST-000711,2022-09-19,South,One year,Bank transfer,DSL,15,95.54,1433.1,0,0,
CUST-000712,2024-02-14,Midwest,Month-to-month,Bank transfer,DSL,38,76.59,2910.42,0,0,
CUST-000713,2025-10-27,Northeast,Two year,Credit card,Fiber optic,31,77.26,2395.06,0,1,Moving / relocation
CUST-000714,2025-01-26,West,Two year,Bank transfer,Fiber optic,29,67.52,1958.08,0,0,
CUST-000715,2024-04-02,South,One year,Electronic check,Fiber optic,16,54.48,871.68,3,0,
CUST-000716,2023-01-18,South,Month-to-month,Electronic check,Fiber optic,21,51.42,1079.82,0,0,
CUST-000717,2023-05-11,West,One year,Mailed check,No internet,32,121.89,3900.48,2,1,Moving / relocation
CUST-000718,2025-12-07,Midwest,Month-to-month,Mailed check,Fiber optic,18,72.71,1308.78,1,0,
CUST-000719,2023-09-28,South,Two year,Credit card,Fiber optic,14,100.49,1406.86,1,1,Frequent service outages
CUST-000720,2022-08-22,Midwest,One year,Bank transfer,Fiber optic,40,109.2,4368.0,1,1,Poor customer service
CUST-000721,2023-07-08,South,One year,Credit card,Fiber optic,11,61.47,676.17,2,0,
CUST-000722,2025-11-10,Midwest,One year,Bank transfer,DSL,31,80.28,2488.68,0,1,Competitor offered better deal
CUST-000723,2023-06-24,West,Two year,Electronic check,DSL,2,71.12,142.24,0,1,Moving / relocation
CUST-000724,2022-05-09,South,One year,Bank transfer,DSL,4,48.41,193.64,1,0,
CUST-000725,2025-01-23,Midwest,Month-to-month,Electronic check,Fiber optic,41,66.07,2708.87,2,0,
CUST-000726,2023-01-20,Midwest,One year,Electronic check,No internet,7,84.61,592.27,2,1,Competitor offered better deal
CUST-000727,2024-04-29,West,One year,Bank transfer,No internet,39,59.76,2330.64,2,0,
CUST-000728,2022-07-25,Midwest,One year,Mailed check,No internet,7,63.18,442.26,4,0,
CUST-000729,2023-10-30,South,Two year,Electronic check,Fiber optic,24,66.32,1591.68,4,1,Price too high
CUST-000730,2025-04-19,South,Two year,Bank transfer,Fiber optic,43,137.78,5924.54,1,0,
CUST-000731,2022-05-26,South,Two year,Bank transfer,No internet,21,38.98,818.58,1,0,
CUST-000732,2024-10-14,South,One year,Electronic check,DSL,31,82.31,2551.61,1,0,
CUST-000733,2022-02-26,West,Month-to-month,Bank transfer,Fiber optic,12,64.65,775.8,2,0,
CUST-000734,2024-01-15,Northeast,One year,Electronic check,No internet,21,57.11,1199.31,3,0,
CUST-000735,2025-08-19,South,One year,Bank transfer,DSL,15,64.14,962.1,1,1,Frequent service outages
CUST-000736,2025-10-03,Northeast,One year,Bank transfer,DSL,38,86.8,3298.4,1,0,
CUST-000737,2023-04-03,Northeast,Month-to-month,Bank transfer,Fiber optic,3,88.4,265.2,1,1,Poor customer service
CUST-000738,2022-09-18,Northeast,Month-to-month,Bank transfer,DSL,25,74.41,1860.25,1,0,
CUST-000739,2023-02-08,West,Month-to-month,Mailed check,DSL,2,99.45,198.9,2,0,
CUST-000740,2023-06-15,West,Two year,Electronic check,Fiber optic,16,105.22,1683.52,1,1,Moving / relocation
CUST-000741,2023-06-09,Midwest,Month-to-month,Bank transfer,DSL,29,91.03,2639.87,2,0,
CUST-000742,2022-01-15,South,Two year,Mailed check,Fiber optic,7,58.86,412.02,3,0,
CUST-000743,2023-11-26,Northeast,Month-to-month,Electronic check,Fiber optic,24,82.12,1970.88,1,0,
CUST-000744,2023-09-09,West,One year,Bank transfer,No internet,20,82.25,1645.0,3,0,
CUST-000745,2022-07-18,West,Two year,Electronic check,Fiber optic,40,54.0,2160.0,5,0,
CUST-000746,2022-03-16,West,One year,Bank transfer,Fiber optic,2,42.43,84.86,2,0,
CUST-000747,2022-05-23,South,Two year,Bank transfer,DSL,29,36.7,1064.3,2,0,
CUST-000748,2022-11-10,South,Month-to-month,Credit card,DSL,23,71.69,1648.87,2,1,Frequent service outages
CUST-000749,2023-08-16,Midwest,Month-to-month,Credit card,DSL,4,77.12,308.48,0,1,Competitor offered better deal
CUST-000750,2022-10-13,Midwest,One year,Bank transfer,Fiber optic,12,48.03,576.36,0,0,
CUST-000751,2025-09-27,Northeast,Two year,Credit card,DSL,26,97.98,2547.48,1,0,
CUST-000752,2024-04-06,Midwest,One year,Bank transfer,Fiber optic,11,73.6,809.6,2,0,
CUST-000753,2025-01-18,South,One year,Bank transfer,Fiber optic,7,107.97,755.79,0,0,
CUST-000754,2023-02-27,Midwest,Month-to-month,Credit card,Fiber optic,13,78.93,1026.09,2,1,Poor customer service
CUST-000755,2023-04-10,South,One year,Credit card,DSL,36,49.84,1794.24,1,0,
CUST-000756,2022-04-30,West,Two year,Credit card,DSL,32,81.18,2597.76,1,0,
CUST-000757,2023-08-09,South,One year,Credit card,Fiber optic,8,86.87,694.96,1,0,
CUST-000758,2024-09-05,West,One year,Bank transfer,No internet,11,58.84,647.24,1,0,
CUST-000759,2022-10-05,West,One year,Credit card,No internet,10,44.19,441.9,0,0,
CUST-000760,2022-09-01,Northeast,Two year,Mailed check,Fiber optic,40,72.39,2895.6,4,0,
CUST-000761,2022-08-06,West,Two year,Electronic check,DSL,10,50.89,508.9,2,0,
CUST-000762,2022-11-30,West,Month-to-month,Electronic check,DSL,11,100.35,1103.85,0,1,Frequent service outages
CUST-000763,2022-01-13,Midwest,Two year,Bank transfer,DSL,39,61.54,2400.06,0,0,
CUST-000764,2024-03-22,South,One year,Electronic check,Fiber optic,34,121.74,4139.16,1,0,
CUST-000765,2022-11-03,Northeast,One year,Electronic check,DSL,26,35.53,923.78,3,0,
CUST-000766,2025-11-29,Midwest,Two year,Mailed check,Fiber optic,38,73.2,2781.6,1,0,
CUST-000767,2025-04-12,West,One year,Bank transfer,DSL,45,110.76,4984.2,3,0,
CUST-000768,2025-04-16,West,Month-to-month,Electronic check,Fiber optic,10,52.73,527.3,3,0,
CUST-000769,2023-12-09,South,One year,Bank transfer,Fiber optic,11,66.62,732.82,2,0,
CUST-000770,2025-04-08,Northeast,Two year,Bank transfer,DSL,12,61.62,739.44,1,0,
CUST-000771,2024-02-04,Northeast,Month-to-month,Credit card,Fiber optic,3,56.33,168.99,0,1,Moving / relocation
CUST-000772,2024-08-13,South,Two year,Bank transfer,DSL,38,75.81,2880.78,1,0,
CUST-000773,2025-08-24,Midwest,Month-to-month,Electronic check,DSL,1,46.31,46.31,1,1,Price too high
CUST-000774,2023-03-11,South,Month-to-month,Credit card,Fiber optic,5,67.66,338.3,3,1,Frequent service outages
CUST-000775,2024-03-15,Northeast,One year,Credit card,No internet,10,82.69,826.9,4,1,Price too high
CUST-000776,2024-05-09,West,One year,Mailed check,Fiber optic,10,65.44,654.4,1,0,
CUST-000777,2025-09-30,Northeast,One year,Electronic check,DSL,20,50.9,1018.0,2,0,
CUST-000778,2025-03-11,Midwest,One year,Bank transfer,Fiber optic,9,97.48,877.32,0,0,
CUST-000779,2022-08-29,Northeast,Two year,Credit card,Fiber optic,14,88.56,1239.84,2,0,
CUST-000780,2022-09-19,Midwest,Two year,Credit card,No internet,45,50.24,2260.8,1,0,
CUST-000781,2022-06-01,Midwest,Month-to-month,Credit card,No internet,11,46.33,509.63,0,0,
CUST-000782,2025-10-28,South,Two year,Credit card,Fiber optic,27,51.7,1395.9,1,0,
CUST-000783,2024-07-05,West,One year,Bank transfer,Fiber optic,9,83.47,751.23,2,0,
CUST-000784,2025-03-31,West,Month-to-month,Electronic check,DSL,9,76.57,689.13,0,0,
CUST-000785,2024-05-12,South,Two year,Electronic check,Fiber optic,35,90.27,3159.45,1,0,
CUST-000786,2024-04-18,West,Two year,Electronic check,No internet,43,63.16,2715.88,2,0,
CUST-000787,2022-05-11,Northeast,Month-to-month,Electronic check,Fiber optic,1,52.15,52.15,0,0,
CUST-000788,2023-12-16,West,Month-to-month,Electronic check,Fiber optic,23,94.07,2163.61,0,0,
CUST-000789,2024-11-25,Northeast,Month-to-month,Bank transfer,Fiber optic,6,58.73,352.38,0,1,Price too high
CUST-000790,2024-12-28,South,Month-to-month,Credit card,Fiber optic,1,74.42,74.42,0,0,
CUST-000791,2023-06-01,West,Two year,Electronic check,No internet,7,42.69,298.83,5,0,
CUST-000792,2025-11-01,South,Month-to-month,Credit card,DSL,20,58.42,1168.4,0,1,Moving / relocation
CUST-000793,2022-09-17,Northeast,One year,Credit card,Fiber optic,15,96.83,1452.45,0,0,
CUST-000794,2023-01-04,Northeast,One year,Electronic check,Fiber optic,15,55.75,836.25,0,0,
CUST-000795,2024-10-08,West,Month-to-month,Electronic check,Fiber optic,15,90.98,1364.7,0,0,
CUST-000796,2022-05-14,West,One year,Bank transfer,DSL,16,33.25,532.0,0,0,
CUST-000797,2024-01-29,South,Month-to-month,Credit card,DSL,18,58.62,1055.16,2,0,
CUST-000798,2024-07-20,Midwest,Month-to-month,Bank transfer,Fiber optic,34,66.36,2256.24,1,1,Price too high
CUST-000799,2023-01-05,Midwest,Month-to-month,Electronic check,DSL,5,122.44,612.2,0,0,
CUST-000800,2023-05-26,Northeast,Month-to-month,Bank transfer,DSL,2,48.23,96.46,4,1,Price too high
CUST-000801,2023-09-19,South,One year,Credit card,No internet,1,86.9,86.9,3,1,Price too high
CUST-000802,2023-02-24,Midwest,One year,Electronic check,DSL,22,98.32,2163.04,2,0,
CUST-000803,2025-03-29,Midwest,Month-to-month,Bank transfer,Fiber optic,13,55.65,723.45,1,1,Competitor offered better deal
CUST-000804,2023-09-29,South,Month-to-month,Bank transfer,Fiber optic,10,62.21,622.1,3,0,
CUST-000805,2022-09-22,Midwest,Two year,Electronic check,No internet,30,73.36,2200.8,1,0,
CUST-000806,2024-06-23,Northeast,Month-to-month,Credit card,Fiber optic,19,43.64,829.16,1,0,
CUST-000807,2024-04-12,South,Two year,Electronic check,Fiber optic,36,60.6,2181.6,2,0,
CUST-000808,2022-10-06,South,Month-to-month,Credit card,DSL,8,105.46,843.68,0,0,
CUST-000809,2022-03-12,Northeast,Two year,Bank transfer,DSL,6,82.87,497.22,0,1,Frequent service outages
CUST-000810,2023-11-15,South,One year,Electronic check,DSL,27,66.68,1800.36,3,0,
CUST-000811,2025-10-17,Northeast,Month-to-month,Bank transfer,DSL,4,72.69,290.76,1,0,
CUST-000812,2023-11-14,Midwest,One year,Electronic check,Fiber optic,36,84.43,3039.48,2,1,Competitor offered better deal
CUST-000813,2023-04-22,West,One year,Electronic check,DSL,25,89.76,2244.0,3,0,
CUST-000814,2022-11-25,Northeast,One year,Electronic check,No internet,18,58.67,1056.06,1,1,Moving / relocation
CUST-000815,2025-01-18,South,Month-to-month,Credit card,Fiber optic,8,114.56,916.48,2,1,Price too high
CUST-000816,2022-01-02,Northeast,Month-to-month,Credit card,Fiber optic,8,106.83,854.64,1,0,
CUST-000817,2024-02-18,South,Month-to-month,Electronic check,No internet,4,87.07,348.28,1,1,Moving / relocation
CUST-000818,2022-10-28,Midwest,One year,Bank transfer,Fiber optic,8,53.53,428.24,3,0,
CUST-000819,2022-03-08,Midwest,Two year,Credit card,Fiber optic,25,50.58,1264.5,1,0,
CUST-000820,2022-02-07,South,Month-to-month,Bank transfer,Fiber optic,40,63.15,2526.0,2,1,Price too high
CUST-000821,2023-11-12,West,One year,Electronic check,DSL,2,71.48,142.96,2,1,Price too high
CUST-000822,2022-02-21,Midwest,Two year,Mailed check,DSL,13,39.81,517.53,4,0,
CUST-000823,2025-12-14,South,Month-to-month,Mailed check,DSL,6,82.13,492.78,2,1,Price too high
CUST-000824,2024-04-18,Midwest,Month-to-month,Mailed check,Fiber optic,38,105.85,4022.3,3,0,
CUST-000825,2023-11-04,South,One year,Bank transfer,Fiber optic,33,84.31,2782.23,0,0,
CUST-000826,2025-12-17,West,Month-to-month,Bank transfer,DSL,7,56.47,395.29,0,1,Frequent service outages
CUST-000827,2025-02-12,South,Two year,Bank transfer,Fiber optic,29,54.37,1576.73,2,0,
CUST-000828,2023-04-27,West,One year,Mailed check,DSL,10,77.17,771.7,1,0,
CUST-000829,2025-04-06,West,One year,Bank transfer,DSL,34,66.75,2269.5,2,0,
CUST-000830,2025-05-03,West,Month-to-month,Bank transfer,No internet,3,80.78,242.34,1,0,
CUST-000831,2022-01-02,Midwest,Month-to-month,Credit card,Fiber optic,15,84.99,1274.85,1,0,
CUST-000832,2023-08-02,South,Two year,Electronic check,Fiber optic,18,99.43,1789.74,0,0,
CUST-000833,2025-06-14,Midwest,One year,Mailed check,DSL,17,48.8,829.6,1,0,
CUST-000834,2024-08-21,Northeast,Month-to-month,Mailed check,DSL,2,75.26,150.52,3,0,
CUST-000835,2025-09-08,South,One year,Mailed check,Fiber optic,7,62.41,436.87,2,0,
CUST-000836,2023-11-28,South,One year,Bank transfer,No internet,47,67.93,3192.71,0,1,Competitor offered better deal
CUST-000837,2022-07-17,South,Two year,Bank transfer,DSL,22,92.44,2033.68,1,0,
CUST-000838,2025-12-05,Midwest,Month-to-month,Mailed check,Fiber optic,8,95.72,765.76,1,1,Competitor offered better deal
CUST-000839,2023-06-30,Northeast,One year,Bank transfer,DSL,2,109.67,219.34,4,0,
CUST-000840,2024-07-16,Midwest,Two year,Bank transfer,DSL,17,80.33,1365.61,0,0,
CUST-000841,2023-11-18,West,One year,Bank transfer,Fiber optic,21,67.68,1421.28,1,0,
CUST-000842,2024-03-30,West,One year,Credit card,Fiber optic,19,64.66,1228.54,3,0,
CUST-000843,2025-10-26,Northeast,One year,Credit card,Fiber optic,48,40.24,1931.52,1,0,
CUST-000844,2023-05-25,Midwest,Month-to-month,Bank transfer,Fiber optic,3,107.63,322.89,2,0,
CUST-000845,2025-12-28,Northeast,Two year,Electronic check,DSL,1,63.24,63.24,2,0,
CUST-000846,2025-04-05,South,Month-to-month,Credit card,Fiber optic,1,82.42,82.42,0,0,
CUST-000847,2022-03-15,Northeast,One year,Mailed check,Fiber optic,2,87.12,174.24,0,1,Competitor offered better deal
CUST-000848,2025-12-25,West,Month-to-month,Bank transfer,DSL,1,47.06,47.06,4,1,Competitor offered better deal
CUST-000849,2024-06-28,West,Month-to-month,Credit card,Fiber optic,45,52.17,2347.65,1,0,
CUST-000850,2023-02-05,South,One year,Electronic check,DSL,44,115.01,5060.44,3,0,
CUST-000851,2024-05-17,South,Month-to-month,Electronic check,DSL,7,76.93,538.51,1,0,
CUST-000852,2022-07-11,South,Month-to-month,Electronic check,DSL,32,58.22,1863.04,2,0,
CUST-000853,2025-07-25,Midwest,Two year,Credit card,Fiber optic,45,67.33,3029.85,0,0,
CUST-000854,2025-11-20,South,Month-to-month,Mailed check,Fiber optic,18,99.25,1786.5,2,1,Price too high
CUST-000855,2025-12-06,South,Two year,Credit card,DSL,15,94.54,1418.1,2,0,
CUST-000856,2024-10-31,Northeast,One year,Electronic check,Fiber optic,40,43.85,1754.0,0,0,
CUST-000857,2025-07-28,Midwest,One year,Electronic check,DSL,18,118.27,2128.86,1,0,
CUST-000858,2022-03-27,South,Month-to-month,Electronic check,Fiber optic,5,95.5,477.5,1,1,Moving / relocation
CUST-000859,2025-11-14,West,Month-to-month,Credit card,DSL,8,66.77,534.16,1,0,
CUST-000860,2022-10-25,Northeast,One year,Electronic check,Fiber optic,29,47.88,1388.52,0,1,Competitor offered better deal
CUST-000861,2025-11-08,Northeast,Month-to-month,Credit card,Fiber optic,2,98.23,196.46,0,0,
CUST-000862,2025-01-13,Northeast,One year,Bank transfer,Fiber optic,18,81.65,1469.7,0,0,
CUST-000863,2024-09-28,Midwest,Month-to-month,Credit card,DSL,1,43.97,43.97,0,1,Poor customer service
CUST-000864,2025-08-28,South,Month-to-month,Mailed check,Fiber optic,22,65.09,1431.98,1,0,
CUST-000865,2022-07-21,Northeast,One year,Bank transfer,Fiber optic,39,150.0,5850.0,2,0,
CUST-000866,2022-04-05,Northeast,One year,Electronic check,DSL,32,70.48,2255.36,0,0,
CUST-000867,2022-07-27,West,Month-to-month,Bank transfer,DSL,16,55.29,884.64,1,1,Poor customer service
CUST-000868,2022-06-19,Northeast,One year,Bank transfer,DSL,21,50.77,1066.17,0,1,Moving / relocation
CUST-000869,2022-02-16,Midwest,Month-to-month,Electronic check,Fiber optic,18,123.6,2224.8,1,0,
CUST-000870,2022-07-10,Midwest,Month-to-month,Credit card,Fiber optic,3,91.95,275.85,0,1,Frequent service outages
CUST-000871,2024-04-06,West,One year,Electronic check,Fiber optic,13,109.99,1429.87,1,0,
CUST-000872,2025-09-21,West,Month-to-month,Electronic check,No internet,5,75.9,379.5,1,0,
CUST-000873,2022-01-20,West,Two year,Bank transfer,Fiber optic,9,104.72,942.48,3,0,
CUST-000874,2025-09-22,South,Two year,Bank transfer,Fiber optic,9,53.44,480.96,2,0,
CUST-000875,2022-09-01,South,One year,Electronic check,Fiber optic,23,73.85,1698.55,2,1,Frequent service outages
CUST-000876,2024-06-30,South,One year,Credit card,DSL,10,76.85,768.5,1,0,
CUST-000877,2023-10-14,West,Month-to-month,Electronic check,Fiber optic,3,109.11,327.33,2,0,
CUST-000878,2023-08-26,West,Month-to-month,Bank transfer,DSL,46,77.64,3571.44,1,0,
CUST-000879,2023-06-05,West,Two year,Electronic check,Fiber optic,37,57.39,2123.43,2,0,
CUST-000880,2024-03-28,West,Month-to-month,Electronic check,DSL,8,71.56,572.48,3,1,Moving / relocation
CUST-000881,2023-04-09,South,Month-to-month,Bank transfer,No internet,4,41.0,164.0,4,1,Moving / relocation
CUST-000882,2024-07-31,South,One year,Credit card,Fiber optic,7,33.36,233.52,4,1,Price too high
CUST-000883,2024-09-30,South,One year,Bank transfer,No internet,19,91.47,1737.93,1,0,
CUST-000884,2025-05-24,Midwest,One year,Electronic check,No internet,12,62.18,746.16,2,0,
CUST-000885,2024-03-13,South,Month-to-month,Electronic check,Fiber optic,8,64.48,515.84,3,1,Moving / relocation
CUST-000886,2024-09-06,South,Two year,Credit card,DSL,40,91.46,3658.4,1,0,
CUST-000887,2022-06-06,West,Month-to-month,Electronic check,DSL,1,109.62,109.62,0,1,Moving / relocation
CUST-000888,2024-09-22,Midwest,Two year,Bank transfer,DSL,14,83.18,1164.52,1,0,
CUST-000889,2024-01-24,South,Month-to-month,Electronic check,DSL,2,129.93,259.86,2,1,Moving / relocation
CUST-000890,2025-11-21,Northeast,Two year,Electronic check,DSL,20,82.34,1646.8,1,0,
CUST-000891,2024-11-03,South,Two year,Electronic check,Fiber optic,8,77.22,617.76,1,1,Frequent service outages
CUST-000892,2022-08-31,West,Month-to-month,Electronic check,DSL,13,75.71,984.23,2,0,
CUST-000893,2024-12-06,West,Two year,Bank transfer,Fiber optic,12,46.46,557.52,0,0,
CUST-000894,2025-01-05,West,Month-to-month,Mailed check,DSL,40,95.19,3807.6,0,0,
CUST-000895,2024-05-14,South,Month-to-month,Credit card,Fiber optic,20,32.05,641.0,3,0,
CUST-000896,2025-10-11,South,Month-to-month,Electronic check,DSL,17,58.11,987.87,1,1,Price too high
CUST-000897,2024-02-19,Midwest,Two year,Mailed check,DSL,36,70.62,2542.32,2,0,
CUST-000898,2022-09-24,West,Month-to-month,Mailed check,Fiber optic,4,54.45,217.8,1,1,Competitor offered better deal
CUST-000899,2022-02-09,South,Month-to-month,Electronic check,DSL,6,60.67,364.02,2,1,Frequent service outages
CUST-000900,2023-07-02,Midwest,Two year,Electronic check,DSL,22,126.29,2778.38,1,0,
CUST-000901,2022-12-14,West,One year,Electronic check,Fiber optic,1,99.81,99.81,2,0,
CUST-000902,2023-06-27,South,Month-to-month,Electronic check,Fiber optic,1,56.29,56.29,1,1,Price too high
CUST-000903,2023-11-10,South,Month-to-month,Mailed check,Fiber optic,2,60.32,120.64,3,1,Frequent service outages
CUST-000904,2025-06-07,Northeast,Month-to-month,Electronic check,Fiber optic,28,46.59,1304.52,0,1,Frequent service outages
CUST-000905,2023-05-25,Northeast,One year,Mailed check,DSL,25,87.85,2196.25,3,0,
CUST-000906,2024-05-19,South,Two year,Mailed check,Fiber optic,36,64.72,2329.92,2,0,
CUST-000907,2024-11-08,Northeast,Two year,Mailed check,DSL,30,37.36,1120.8,1,0,
CUST-000908,2024-07-07,South,Month-to-month,Electronic check,Fiber optic,9,72.4,651.6,2,1,Price too high
CUST-000909,2024-11-24,South,One year,Bank transfer,Fiber optic,27,80.68,2178.36,1,0,
CUST-000910,2024-05-28,Midwest,Month-to-month,Mailed check,DSL,7,95.41,667.87,0,0,
CUST-000911,2025-01-06,South,One year,Credit card,Fiber optic,30,68.48,2054.4,0,0,
CUST-000912,2023-10-04,West,Month-to-month,Electronic check,No internet,14,62.22,871.08,2,1,Price too high
CUST-000913,2023-04-28,South,Month-to-month,Electronic check,Fiber optic,9,132.37,1191.33,2,1,Competitor offered better deal
CUST-000914,2022-09-23,Midwest,Month-to-month,Credit card,DSL,9,70.25,632.25,2,0,
CUST-000915,2022-01-18,South,Month-to-month,Electronic check,DSL,1,88.26,88.26,1,1,Price too high
CUST-000916,2022-03-08,South,Two year,Electronic check,DSL,32,58.99,1887.68,1,0,
CUST-000917,2022-03-10,Northeast,One year,Credit card,DSL,21,87.42,1835.82,2,0,
CUST-000918,2023-02-13,Midwest,One year,Bank transfer,Fiber optic,10,44.0,440.0,1,0,
CUST-000919,2023-08-22,Northeast,Month-to-month,Bank transfer,DSL,7,60.47,423.29,0,0,
CUST-000920,2025-12-02,Northeast,One year,Electronic check,DSL,4,47.62,190.48,1,0,
CUST-000921,2023-11-21,Midwest,Month-to-month,Electronic check,DSL,31,57.77,1790.87,1,1,Competitor offered better deal
CUST-000922,2025-04-07,West,Two year,Electronic check,Fiber optic,33,104.6,3451.8,4,0,
CUST-000923,2024-04-12,South,Month-to-month,Credit card,Fiber optic,31,57.63,1786.53,1,0,
CUST-000924,2022-11-01,Midwest,Two year,Mailed check,Fiber optic,6,88.22,529.32,2,0,
CUST-000925,2023-11-15,Northeast,Month-to-month,Bank transfer,Fiber optic,2,113.92,227.84,1,0,
CUST-000926,2023-02-18,Midwest,One year,Credit card,Fiber optic,6,69.49,416.94,2,0,
CUST-000927,2024-08-24,Midwest,Month-to-month,Credit card,Fiber optic,37,96.35,3564.95,2,1,Poor customer service
CUST-000928,2024-02-05,West,Two year,Electronic check,Fiber optic,22,83.09,1827.98,3,0,
CUST-000929,2022-06-03,South,One year,Bank transfer,Fiber optic,15,72.77,1091.55,0,0,
CUST-000930,2024-08-27,West,Month-to-month,Bank transfer,Fiber optic,3,89.13,267.39,4,1,Frequent service outages
CUST-000931,2024-03-21,Midwest,One year,Credit card,DSL,16,126.32,2021.12,1,1,Moving / relocation
CUST-000932,2022-04-13,Northeast,Month-to-month,Credit card,No internet,39,57.17,2229.63,2,0,
CUST-000933,2024-10-25,West,One year,Bank transfer,Fiber optic,7,51.58,361.06,3,0,
CUST-000934,2022-04-06,South,One year,Bank transfer,Fiber optic,39,50.62,1974.18,0,0,
CUST-000935,2023-08-25,South,One year,Electronic check,Fiber optic,23,96.37,2216.51,0,0,
CUST-000936,2024-07-28,Northeast,Two year,Bank transfer,DSL,7,100.62,704.34,1,1,Moving / relocation
CUST-000937,2024-07-24,Midwest,One year,Bank transfer,No internet,12,59.04,708.48,1,0,
CUST-000938,2024-06-03,Northeast,One year,Bank transfer,Fiber optic,11,35.39,389.29,1,1,Competitor offered better deal
CUST-000939,2024-08-27,Midwest,Two year,Bank transfer,Fiber optic,33,56.49,1864.17,2,0,
CUST-000940,2024-03-13,South,Month-to-month,Mailed check,Fiber optic,5,83.54,417.7,2,1,Moving / relocation
CUST-000941,2023-08-14,West,Month-to-month,Bank transfer,Fiber optic,18,68.62,1235.16,1,1,Price too high
CUST-000942,2023-04-11,West,One year,Credit card,Fiber optic,30,74.27,2228.1,0,0,
CUST-000943,2025-01-01,Midwest,One year,Mailed check,DSL,31,59.3,1838.3,3,0,
CUST-000944,2023-12-15,Midwest,Month-to-month,Credit card,Fiber optic,4,96.98,387.92,2,1,Moving / relocation
CUST-000945,2024-09-05,West,Month-to-month,Bank transfer,Fiber optic,10,78.24,782.4,3,1,Poor customer service
CUST-000946,2024-08-27,Midwest,Two year,Mailed check,DSL,9,84.58,761.22,0,0,
CUST-000947,2024-07-27,Midwest,Two year,Mailed check,DSL,38,73.77,2803.26,0,0,
CUST-000948,2022-12-05,Midwest,One year,Bank transfer,Fiber optic,10,82.91,829.1,5,0,
CUST-000949,2024-05-31,Northeast,Month-to-month,Credit card,DSL,44,81.19,3572.36,2,0,
CUST-000950,2022-02-16,Northeast,Month-to-month,Electronic check,Fiber optic,21,52.09,1093.89,1,0,
CUST-000951,2024-08-08,Northeast,One year,Credit card,Fiber optic,3,78.99,236.97,3,1,Moving / relocation
CUST-000952,2023-12-21,South,One year,Credit card,Fiber optic,7,90.31,632.17,1,0,
CUST-000953,2023-10-02,South,Two year,Mailed check,Fiber optic,45,101.46,4565.7,0,0,
CUST-000954,2024-10-24,Northeast,One year,Electronic check,Fiber optic,11,80.09,880.99,0,1,Competitor offered better deal
CUST-000955,2024-12-18,Northeast,Month-to-month,Electronic check,DSL,5,51.48,257.4,1,0,
CUST-000956,2022-10-15,South,One year,Electronic check,No internet,22,54.08,1189.76,1,0,
CUST-000957,2024-01-29,South,Two year,Electronic check,Fiber optic,26,60.99,1585.74,4,0,
CUST-000958,2023-06-14,South,Month-to-month,Electronic check,Fiber optic,28,74.49,2085.72,1,0,
CUST-000959,2024-02-25,Midwest,Two year,Credit card,Fiber optic,32,67.42,2157.44,1,0,
CUST-000960,2023-04-13,South,One year,Bank transfer,Fiber optic,30,48.93,1467.9,1,0,
CUST-000961,2023-12-07,South,Month-to-month,Credit card,DSL,12,48.84,586.08,0,0,
CUST-000962,2025-04-23,Northeast,Month-to-month,Bank transfer,Fiber optic,2,35.82,71.64,1,1,Frequent service outages
CUST-000963,2022-11-28,West,Month-to-month,Bank transfer,DSL,5,25.84,129.2,0,1,Competitor offered better deal
CUST-000964,2025-11-27,West,Month-to-month,Credit card,DSL,1,67.21,67.21,2,1,Moving / relocation
CUST-000965,2025-07-27,Midwest,Month-to-month,Electronic check,DSL,19,147.3,2798.7,1,0,
CUST-000966,2024-01-08,South,One year,Bank transfer,Fiber optic,17,124.58,2117.86,1,0,
CUST-000967,2025-03-11,Midwest,Two year,Credit card,Fiber optic,44,51.26,2255.44,2,0,
CUST-000968,2023-08-04,West,Month-to-month,Credit card,Fiber optic,18,73.55,1323.9,0,1,Moving / relocation
CUST-000969,2025-09-08,Northeast,Month-to-month,Mailed check,DSL,2,43.87,87.74,2,0,
CUST-000970,2024-07-02,Northeast,Month-to-month,Credit card,DSL,3,46.07,138.21,5,0,
CUST-000971,2024-05-28,South,Month-to-month,Bank transfer,DSL,13,47.79,621.27,0,0,
CUST-000972,2025-11-29,Midwest,Two year,Electronic check,Fiber optic,31,65.22,2021.82,2,0,
CUST-000973,2024-11-26,West,Two year,Electronic check,Fiber optic,35,66.13,2314.55,2,0,
CUST-000974,2024-12-27,West,Month-to-month,Bank transfer,DSL,35,76.01,2660.35,1,0,
CUST-000975,2025-11-07,West,One year,Electronic check,Fiber optic,11,86.68,953.48,2,0,
CUST-000976,2022-04-14,Northeast,Month-to-month,Electronic check,No internet,7,62.94,440.58,1,0,
CUST-000977,2022-12-28,Northeast,Month-to-month,Electronic check,DSL,7,70.92,496.44,1,1,Price too high
CUST-000978,2023-09-07,West,Month-to-month,Credit card,Fiber optic,20,49.4,988.0,3,1,Competitor offered better deal
CUST-000979,2022-01-14,South,Month-to-month,Credit card,DSL,26,45.59,1185.34,1,0,
CUST-000980,2022-10-15,South,One year,Credit card,Fiber optic,36,43.39,1562.04,0,1,Competitor offered better deal
CUST-000981,2024-04-22,South,One year,Bank transfer,No internet,25,86.29,2157.25,1,0,
CUST-000982,2022-08-16,West,Month-to-month,Credit card,DSL,16,62.92,1006.72,3,0,
CUST-000983,2025-06-07,West,One year,Bank transfer,Fiber optic,40,38.52,1540.8,1,0,
CUST-000984,2024-09-22,South,One year,Bank transfer,DSL,32,68.7,2198.4,2,0,
CUST-000985,2023-09-18,South,One year,Bank transfer,Fiber optic,43,47.01,2021.43,0,0,
CUST-000986,2024-12-17,West,One year,Electronic check,Fiber optic,12,119.26,1431.12,0,1,Price too high
CUST-000987,2022-12-03,South,One year,Bank transfer,Fiber optic,41,58.25,2388.25,1,0,
CUST-000988,2023-12-11,South,Two year,Mailed check,Fiber optic,16,87.19,1395.04,0,0,
CUST-000989,2025-01-02,West,Month-to-month,Credit card,Fiber optic,18,99.33,1787.94,1,0,
CUST-000990,2023-10-21,West,One year,Electronic check,No internet,42,51.65,2169.3,0,1,Price too high
CUST-000991,2024-04-02,West,Month-to-month,Electronic check,Fiber optic,18,71.83,1292.94,3,1,Moving / relocation
CUST-000992,2023-06-15,South,Month-to-month,Mailed check,No internet,13,83.69,1087.97,0,1,Frequent service outages
CUST-000993,2025-09-30,Midwest,One year,Electronic check,Fiber optic,15,72.75,1091.25,3,0,
CUST-000994,2025-10-17,West,Two year,Credit card,DSL,32,78.69,2518.08,3,0,
CUST-000995,2023-07-16,Midwest,Two year,Bank transfer,DSL,15,45.81,687.15,1,1,Poor customer service
CUST-000996,2023-02-14,Midwest,One year,Mailed check,DSL,15,83.7,1255.5,1,1,Price too high
CUST-000997,2023-03-17,Midwest,Month-to-month,Bank transfer,DSL,11,60.0,660.0,0,1,Price too high
CUST-000998,2022-11-10,South,One year,Bank transfer,DSL,2,78.4,156.8,1,0,
CUST-000999,2024-02-07,South,One year,Electronic check,DSL,27,94.1,2540.7,1,1,Poor customer service
CUST-001000,2025-10-12,South,One year,Mailed check,No internet,13,86.84,1128.92,2,1,Moving / relocation
CUST-001001,2025-12-05,South,Two year,Electronic check,Fiber optic,41,78.38,3213.58,2,0,
CUST-001002,2024-03-29,West,Month-to-month,Bank transfer,Fiber optic,9,86.1,774.9,3,0,
CUST-001003,2024-05-16,Midwest,One year,Credit card,No internet,31,87.38,2708.78,4,0,
CUST-001004,2022-07-10,West,Month-to-month,Electronic check,No internet,25,113.13,2828.25,1,1,Price too high
CUST-001005,2023-07-29,South,Month-to-month,Bank transfer,DSL,10,69.35,693.5,1,0,
CUST-001006,2025-03-12,West,Two year,Bank transfer,DSL,6,73.88,443.28,2,0,
CUST-001007,2024-01-12,Northeast,Month-to-month,Mailed check,No internet,23,94.47,2172.81,1,0,
CUST-001008,2024-06-21,Midwest,One year,Bank transfer,Fiber optic,31,59.92,1857.52,3,1,Competitor offered better deal
CUST-001009,2024-07-14,Northeast,One year,Mailed check,Fiber optic,17,45.73,777.41,3,0,
CUST-001010,2025-03-19,Northeast,One year,Mailed check,Fiber optic,38,82.09,3119.42,1,1,Moving / relocation
CUST-001011,2024-01-10,South,Month-to-month,Mailed check,Fiber optic,20,65.63,1312.6,0,0,
CUST-001012,2024-05-29,West,Month-to-month,Electronic check,Fiber optic,18,47.64,857.52,1,0,
CUST-001013,2022-05-08,South,Month-to-month,Bank transfer,No internet,2,82.28,164.56,0,0,
CUST-001014,2025-06-15,West,Month-to-month,Credit card,DSL,9,110.83,997.47,2,1,Competitor offered better deal
CUST-001015,2024-02-05,South,One year,Mailed check,DSL,23,41.62,957.26,1,0,
CUST-001016,2024-12-11,South,Month-to-month,Credit card,DSL,20,97.24,1944.8,0,0,
CUST-001017,2024-05-14,Midwest,Two year,Electronic check,Fiber optic,28,31.13,871.64,4,1,Moving / relocation
CUST-001018,2024-09-23,West,One year,Mailed check,DSL,36,61.68,2220.48,2,0,
CUST-001019,2023-10-13,South,Month-to-month,Bank transfer,DSL,3,126.34,379.02,0,0,
CUST-001020,2025-06-05,West,Two year,Bank transfer,DSL,9,63.11,567.99,0,0,
CUST-001021,2022-02-25,Midwest,One year,Credit card,Fiber optic,5,72.15,360.75,2,1,Price too high
CUST-001022,2023-02-12,South,Month-to-month,Mailed check,DSL,5,89.49,447.45,0,1,Moving / relocation
CUST-001023,2022-11-03,South,One year,Mailed check,Fiber optic,32,40.48,1295.36,3,0,
CUST-001024,2022-04-25,West,Two year,Bank transfer,Fiber optic,26,71.74,1865.24,0,0,
CUST-001025,2023-11-03,Midwest,Month-to-month,Bank transfer,DSL,5,71.56,357.8,1,0,
CUST-001026,2022-03-05,West,Month-to-month,Credit card,No internet,5,127.22,636.1,4,1,Moving / relocation
CUST-001027,2023-06-15,Northeast,Month-to-month,Credit card,Fiber optic,6,47.21,283.26,2,1,Competitor offered better deal
CUST-001028,2022-10-04,Northeast,Two year,Electronic check,Fiber optic,16,62.05,992.8,1,0,
CUST-001029,2023-12-23,Northeast,One year,Credit card,No internet,18,52.09,937.62,1,0,
CUST-001030,2023-11-06,South,Month-to-month,Bank transfer,No internet,6,50.35,302.1,2,1,Moving / relocation
CUST-001031,2024-09-04,South,Two year,Bank transfer,Fiber optic,10,100.56,1005.6,0,0,
CUST-001032,2022-01-12,West,Month-to-month,Mailed check,DSL,13,70.71,919.23,1,0,
CUST-001033,2022-09-02,South,Two year,Credit card,No internet,30,58.69,1760.7,2,0,
CUST-001034,2024-09-02,West,Month-to-month,Bank transfer,Fiber optic,9,59.4,534.6,0,0,
CUST-001035,2022-08-06,South,Month-to-month,Electronic check,DSL,5,58.54,292.7,0,0,
CUST-001036,2025-10-23,Midwest,One year,Mailed check,Fiber optic,10,60.24,602.4,1,0,
CUST-001037,2025-08-28,South,Month-to-month,Bank transfer,DSL,22,46.78,1029.16,3,0,
CUST-001038,2023-09-07,Midwest,Month-to-month,Credit card,Fiber optic,2,64.53,129.06,0,0,
CUST-001039,2024-12-12,West,Two year,Bank transfer,DSL,30,62.49,1874.7,1,0,
CUST-001040,2024-03-08,South,One year,Credit card,DSL,28,55.01,1540.28,3,0,
CUST-001041,2024-03-04,West,Month-to-month,Mailed check,Fiber optic,31,73.67,2283.77,0,1,Moving / relocation
CUST-001042,2025-10-31,Midwest,Month-to-month,Mailed check,DSL,22,75.7,1665.4,2,0,
CUST-001043,2025-08-28,Northeast,One year,Bank transfer,Fiber optic,14,58.67,821.38,0,0,
CUST-001044,2022-06-26,South,One year,Electronic check,Fiber optic,12,66.95,803.4,1,0,
CUST-001045,2023-04-10,South,Month-to-month,Electronic check,No internet,11,139.88,1538.68,1,0,
CUST-001046,2023-08-04,Midwest,Month-to-month,Bank transfer,No internet,12,138.18,1658.16,1,0,
CUST-001047,2023-06-09,South,One year,Electronic check,DSL,18,50.03,900.54,1,0,
CUST-001048,2025-12-13,Midwest,One year,Electronic check,No internet,33,52.32,1726.56,1,0,
CUST-001049,2025-03-07,South,Month-to-month,Electronic check,Fiber optic,3,49.95,149.85,1,1,Moving / relocation
CUST-001050,2022-07-25,South,Month-to-month,Electronic check,DSL,9,98.32,884.88,1,0,
CUST-001051,2024-06-11,Northeast,One year,Electronic check,No internet,37,61.71,2283.27,3,0,
CUST-001052,2025-07-11,South,Two year,Mailed check,No internet,27,75.69,2043.63,2,0,
CUST-001053,2022-12-16,Midwest,One year,Credit card,Fiber optic,37,132.82,4914.34,1,1,Frequent service outages
CUST-001054,2023-08-18,West,Month-to-month,Bank transfer,Fiber optic,15,69.87,1048.05,4,1,Moving / relocation
CUST-001055,2024-06-21,South,One year,Bank transfer,DSL,6,87.88,527.28,2,1,Price too high
CUST-001056,2024-01-26,West,Month-to-month,Electronic check,Fiber optic,10,82.81,828.1,2,0,
CUST-001057,2025-01-01,Midwest,Two year,Electronic check,DSL,7,58.08,406.56,2,1,Frequent service outages
CUST-001058,2025-04-19,South,One year,Credit card,Fiber optic,46,98.39,4525.94,4,0,
CUST-001059,2023-01-02,South,Two year,Bank transfer,DSL,31,53.42,1656.02,1,0,
CUST-001060,2025-12-10,West,Two year,Credit card,Fiber optic,23,107.64,2475.72,2,0,
CUST-001061,2023-07-11,South,Two year,Mailed check,DSL,36,58.09,2091.24,4,0,
CUST-001062,2022-02-08,Northeast,Month-to-month,Bank transfer,No internet,17,60.16,1022.72,0,1,Moving / relocation
CUST-001063,2022-05-16,South,Two year,Bank transfer,DSL,11,49.49,544.39,0,0,
CUST-001064,2023-05-24,South,Two year,Electronic check,No internet,41,52.16,2138.56,3,1,Moving / relocation
CUST-001065,2023-08-05,West,One year,Credit card,Fiber optic,40,61.16,2446.4,2,1,Moving / relocation
CUST-001066,2023-03-03,Midwest,One year,Mailed check,Fiber optic,25,32.2,805.0,3,0,
CUST-001067,2023-08-29,Midwest,Two year,Bank transfer,DSL,41,65.06,2667.46,1,0,
CUST-001068,2023-11-04,West,Two year,Electronic check,Fiber optic,17,59.59,1013.03,0,0,
CUST-001069,2022-11-16,South,One year,Bank transfer,Fiber optic,20,90.27,1805.4,0,0,
CUST-001070,2022-08-16,South,Month-to-month,Credit card,DSL,1,80.27,80.27,1,0,
CUST-001071,2022-03-03,South,One year,Mailed check,Fiber optic,19,55.9,1062.1,2,0,
CUST-001072,2023-04-11,Northeast,Month-to-month,Credit card,No internet,16,60.54,968.64,4,0,
CUST-001073,2024-06-26,Midwest,Month-to-month,Electronic check,Fiber optic,22,65.03,1430.66,0,0,
CUST-001074,2024-06-21,Midwest,One year,Credit card,Fiber optic,15,112.79,1691.85,3,1,Price too high
CUST-001075,2022-01-23,Northeast,One year,Bank transfer,Fiber optic,11,53.89,592.79,3,0,
CUST-001076,2025-03-18,West,One year,Credit card,Fiber optic,12,55.68,668.16,1,0,
CUST-001077,2025-03-08,West,One year,Bank transfer,DSL,24,48.85,1172.4,2,0,
CUST-001078,2025-11-05,South,Month-to-month,Bank transfer,Fiber optic,12,43.63,523.56,2,0,
CUST-001079,2023-08-03,Midwest,Two year,Mailed check,No internet,31,77.34,2397.54,3,0,
CUST-001080,2023-01-15,South,Month-to-month,Credit card,Fiber optic,1,74.81,74.81,1,0,
CUST-001081,2023-10-22,West,Two year,Credit card,Fiber optic,5,105.69,528.45,1,1,Moving / relocation
CUST-001082,2025-11-24,West,Two year,Bank transfer,DSL,47,97.83,4598.01,0,0,
CUST-001083,2024-01-08,Midwest,Two year,Bank transfer,Fiber optic,32,150.0,4800.0,2,0,
CUST-001084,2023-03-19,South,Two year,Bank transfer,DSL,27,68.47,1848.69,1,0,
CUST-001085,2023-01-03,Northeast,Month-to-month,Electronic check,DSL,1,64.5,64.5,1,1,Frequent service outages
CUST-001086,2025-09-16,South,One year,Electronic check,Fiber optic,29,46.24,1340.96,1,0,
CUST-001087,2023-04-26,Midwest,Two year,Bank transfer,DSL,21,87.61,1839.81,0,0,
CUST-001088,2024-12-28,West,One year,Bank transfer,No internet,29,72.82,2111.78,0,0,
CUST-001089,2023-12-04,South,One year,Bank transfer,Fiber optic,2,86.35,172.7,1,1,Moving / relocation
CUST-001090,2023-08-26,Northeast,Month-to-month,Bank transfer,DSL,11,48.69,535.59,2,0,
CUST-001091,2022-08-30,South,Two year,Mailed check,Fiber optic,28,78.45,2196.6,0,0,
CUST-001092,2025-11-23,South,One year,Electronic check,No internet,14,74.86,1048.04,1,0,
CUST-001093,2023-03-26,West,One year,Electronic check,Fiber optic,3,73.29,219.87,0,1,Frequent service outages
CUST-001094,2022-02-12,South,One year,Electronic check,Fiber optic,29,56.34,1633.86,1,0,
CUST-001095,2024-10-07,Northeast,One year,Bank transfer,Fiber optic,24,102.57,2461.68,3,0,
CUST-001096,2025-02-20,West,Two year,Credit card,DSL,6,135.11,810.66,3,0,
CUST-001097,2025-09-29,West,One year,Credit card,Fiber optic,37,49.14,1818.18,2,0,
CUST-001098,2024-09-11,South,One year,Electronic check,DSL,33,88.28,2913.24,0,0,
CUST-001099,2022-08-27,West,Month-to-month,Credit card,Fiber optic,3,27.91,83.73,4,1,Price too high
CUST-001100,2022-05-13,Midwest,One year,Bank transfer,No internet,22,86.83,1910.26,0,0,
CUST-001101,2022-04-18,Midwest,Two year,Mailed check,No internet,35,38.53,1348.55,3,0,
CUST-001102,2023-02-20,West,One year,Bank transfer,DSL,14,59.26,829.64,2,1,Moving / relocation
CUST-001103,2024-10-12,Midwest,Month-to-month,Credit card,DSL,47,46.05,2164.35,1,0,
CUST-001104,2023-10-18,West,Month-to-month,Mailed check,DSL,4,65.43,261.72,0,0,
CUST-001105,2022-12-05,West,Two year,Bank transfer,DSL,16,91.69,1467.04,2,1,Competitor offered better deal
CUST-001106,2022-12-20,South,One year,Electronic check,Fiber optic,14,38.69,541.66,1,0,
CUST-001107,2024-07-10,West,Month-to-month,Electronic check,DSL,18,62.49,1124.82,1,0,
CUST-001108,2025-09-25,West,Month-to-month,Electronic check,DSL,9,59.48,535.32,0,0,
CUST-001109,2023-03-27,Midwest,Month-to-month,Electronic check,DSL,11,116.27,1278.97,2,1,Price too high
CUST-001110,2022-08-14,South,One year,Bank transfer,Fiber optic,4,80.49,321.96,3,0,
CUST-001111,2022-10-14,West,One year,Electronic check,DSL,14,48.1,673.4,0,0,
CUST-001112,2024-03-27,South,One year,Bank transfer,Fiber optic,17,60.29,1024.93,2,0,
CUST-001113,2025-05-01,Midwest,One year,Credit card,Fiber optic,14,115.35,1614.9,0,0,
CUST-001114,2024-03-10,Northeast,Two year,Credit card,Fiber optic,15,88.11,1321.65,0,0,
CUST-001115,2025-11-15,South,Month-to-month,Electronic check,DSL,14,52.26,731.64,2,0,
CUST-001116,2024-02-20,South,Month-to-month,Electronic check,Fiber optic,16,64.36,1029.76,0,1,Price too high
CUST-001117,2023-04-17,South,Month-to-month,Mailed check,No internet,17,65.02,1105.34,3,0,
CUST-001118,2022-07-21,West,Two year,Electronic check,DSL,33,59.02,1947.66,1,0,
CUST-001119,2022-04-02,West,One year,Mailed check,No internet,15,40.56,608.4,2,0,
CUST-001120,2023-12-19,Midwest,One year,Bank transfer,No internet,8,56.44,451.52,1,1,Price too high
CUST-001121,2024-01-07,West,One year,Bank transfer,Fiber optic,2,109.35,218.7,1,1,Price too high
CUST-001122,2025-09-07,South,Month-to-month,Electronic check,No internet,7,62.06,434.42,1,0,
CUST-001123,2022-02-15,West,Month-to-month,Electronic check,Fiber optic,13,67.83,881.79,5,1,Price too high
CUST-001124,2022-11-02,South,One year,Credit card,Fiber optic,18,73.33,1319.94,0,0,
CUST-001125,2022-10-29,South,Two year,Credit card,Fiber optic,31,142.57,4419.67,2,1,Competitor offered better deal
CUST-001126,2022-04-19,Midwest,Month-to-month,Bank transfer,Fiber optic,5,70.3,351.5,0,1,Price too high
CUST-001127,2022-05-28,South,One year,Bank transfer,Fiber optic,13,99.49,1293.37,1,0,
CUST-001128,2025-10-18,Midwest,Two year,Bank transfer,Fiber optic,9,57.89,521.01,2,0,
CUST-001129,2022-02-08,Midwest,Two year,Electronic check,No internet,41,64.52,2645.32,0,1,Poor customer service
CUST-001130,2025-09-09,South,Two year,Credit card,Fiber optic,45,70.39,3167.55,1,0,
CUST-001131,2024-11-11,West,One year,Electronic check,No internet,30,54.72,1641.6,0,0,
CUST-001132,2024-03-25,South,Month-to-month,Bank transfer,DSL,12,65.68,788.16,3,0,
CUST-001133,2022-07-27,South,One year,Electronic check,No internet,30,93.15,2794.5,0,0,
CUST-001134,2025-07-19,Northeast,One year,Bank transfer,DSL,32,54.27,1736.64,1,0,
CUST-001135,2025-04-07,Northeast,Two year,Credit card,No internet,42,70.11,2944.62,0,0,
CUST-001136,2025-11-24,Midwest,Month-to-month,Bank transfer,Fiber optic,5,87.95,439.75,1,1,Frequent service outages
CUST-001137,2023-01-23,Northeast,Two year,Mailed check,Fiber optic,36,53.85,1938.6,1,0,
CUST-001138,2022-09-11,Midwest,Month-to-month,Bank transfer,Fiber optic,10,99.54,995.4,0,1,Price too high
CUST-001139,2023-12-18,West,One year,Bank transfer,Fiber optic,28,71.76,2009.28,0,0,
CUST-001140,2022-11-15,Midwest,Two year,Bank transfer,Fiber optic,39,66.5,2593.5,1,0,
CUST-001141,2022-06-17,West,Month-to-month,Bank transfer,Fiber optic,3,36.87,110.61,0,0,
CUST-001142,2024-02-20,South,Month-to-month,Bank transfer,No internet,8,62.21,497.68,1,0,
CUST-001143,2022-04-19,Northeast,One year,Bank transfer,Fiber optic,40,78.96,3158.4,2,0,
CUST-001144,2024-10-25,Midwest,Month-to-month,Electronic check,No internet,1,122.55,122.55,2,0,
CUST-001145,2022-08-26,Northeast,Month-to-month,Bank transfer,Fiber optic,24,84.08,2017.92,1,0,
CUST-001146,2025-03-31,Northeast,One year,Electronic check,DSL,25,100.52,2513.0,1,0,
CUST-001147,2024-12-22,West,Two year,Bank transfer,Fiber optic,17,47.61,809.37,1,0,
CUST-001148,2023-12-21,West,Month-to-month,Mailed check,No internet,42,67.32,2827.44,0,1,Price too high
CUST-001149,2025-01-25,West,One year,Credit card,DSL,41,103.61,4248.01,1,0,
CUST-001150,2022-02-04,Midwest,One year,Electronic check,Fiber optic,16,52.77,844.32,0,0,
CUST-001151,2025-12-16,Northeast,Month-to-month,Bank transfer,No internet,1,95.48,95.48,3,0,
CUST-001152,2022-04-16,West,One year,Electronic check,Fiber optic,7,88.65,620.55,2,1,Poor customer service
CUST-001153,2025-01-15,Midwest,Month-to-month,Credit card,No internet,6,76.55,459.3,0,1,Competitor offered better deal
CUST-001154,2025-05-07,Northeast,Month-to-month,Electronic check,Fiber optic,48,63.11,3029.28,1,0,
CUST-001155,2024-05-05,South,One year,Bank transfer,Fiber optic,22,51.13,1124.86,1,0,
CUST-001156,2024-04-02,Northeast,Two year,Electronic check,Fiber optic,33,123.73,4083.09,3,0,
CUST-001157,2023-03-29,Northeast,Month-to-month,Credit card,DSL,9,85.82,772.38,1,0,
CUST-001158,2022-03-20,South,One year,Electronic check,DSL,41,78.18,3205.38,3,0,
CUST-001159,2024-07-11,South,Two year,Bank transfer,DSL,28,61.43,1720.04,2,0,
CUST-001160,2024-10-12,South,Two year,Electronic check,Fiber optic,25,70.96,1774.0,0,1,Moving / relocation
CUST-001161,2023-09-16,Northeast,One year,Mailed check,Fiber optic,23,73.9,1699.7,1,0,
CUST-001162,2024-07-09,Northeast,One year,Electronic check,Fiber optic,34,79.68,2709.12,2,0,
CUST-001163,2023-05-11,Northeast,Two year,Bank transfer,Fiber optic,27,88.68,2394.36,1,0,
CUST-001164,2023-09-14,Midwest,One year,Electronic check,Fiber optic,19,54.58,1037.02,1,1,Moving / relocation
CUST-001165,2023-04-09,South,Two year,Credit card,Fiber optic,29,43.85,1271.65,1,0,
CUST-001166,2025-06-08,Northeast,One year,Mailed check,DSL,8,72.02,576.16,3,0,
CUST-001167,2024-11-21,Northeast,Month-to-month,Bank transfer,DSL,2,40.08,80.16,1,0,
CUST-001168,2023-03-04,South,Two year,Electronic check,Fiber optic,29,63.21,1833.09,1,0,
CUST-001169,2024-04-17,Midwest,Two year,Electronic check,No internet,36,59.56,2144.16,3,0,
CUST-001170,2025-01-10,South,One year,Credit card,DSL,35,82.05,2871.75,0,0,
CUST-001171,2022-05-13,Northeast,Month-to-month,Credit card,DSL,22,132.22,2908.84,3,1,Price too high
CUST-001172,2023-04-28,Midwest,Two year,Bank transfer,DSL,46,37.63,1730.98,0,0,
CUST-001173,2023-12-27,Midwest,Month-to-month,Credit card,DSL,10,145.15,1451.5,2,1,Competitor offered better deal
CUST-001174,2024-03-25,West,One year,Electronic check,No internet,13,65.07,845.91,0,0,
CUST-001175,2022-11-22,South,Month-to-month,Credit card,Fiber optic,1,78.36,78.36,1,1,Competitor offered better deal
CUST-001176,2025-12-26,Northeast,Two year,Bank transfer,Fiber optic,15,44.58,668.7,0,0,
CUST-001177,2022-10-16,South,Two year,Credit card,DSL,23,96.45,2218.35,3,0,
CUST-001178,2024-06-14,West,Month-to-month,Bank transfer,No internet,14,71.04,994.56,1,0,
CUST-001179,2022-12-20,Northeast,One year,Electronic check,Fiber optic,19,68.74,1306.06,1,1,Poor customer service
CUST-001180,2024-04-02,South,One year,Bank transfer,DSL,2,37.71,75.42,3,0,
CUST-001181,2025-02-27,Midwest,Month-to-month,Credit card,DSL,20,71.78,1435.6,1,0,
CUST-001182,2024-04-14,South,Month-to-month,Electronic check,Fiber optic,21,91.9,1929.9,3,0,
CUST-001183,2023-07-30,Northeast,One year,Mailed check,No internet,30,65.0,1950.0,3,0,
CUST-001184,2024-10-13,Northeast,Two year,Bank transfer,DSL,33,102.08,3368.64,0,1,Price too high
CUST-001185,2024-07-11,South,One year,Mailed check,DSL,14,100.74,1410.36,0,0,
CUST-001186,2025-03-17,South,Month-to-month,Mailed check,DSL,23,57.1,1313.3,0,0,
CUST-001187,2024-04-23,South,Month-to-month,Bank transfer,Fiber optic,11,116.8,1284.8,0,1,Competitor offered better deal
CUST-001188,2025-03-07,South,Month-to-month,Credit card,No internet,1,71.13,71.13,1,1,Moving / relocation
CUST-001189,2024-04-28,West,Month-to-month,Bank transfer,Fiber optic,41,71.23,2920.43,3,0,
CUST-001190,2025-01-21,West,Month-to-month,Credit card,DSL,1,72.36,72.36,0,0,
CUST-001191,2022-05-26,West,Month-to-month,Electronic check,DSL,12,71.68,860.16,3,0,
CUST-001192,2023-05-10,South,One year,Electronic check,DSL,21,30.22,634.62,4,0,
CUST-001193,2022-06-29,West,One year,Electronic check,No internet,13,66.06,858.78,1,0,
CUST-001194,2022-12-20,West,Two year,Mailed check,DSL,44,45.31,1993.64,0,0,
CUST-001195,2023-03-04,South,Month-to-month,Bank transfer,Fiber optic,2,117.97,235.94,2,0,
CUST-001196,2023-08-11,Northeast,One year,Electronic check,DSL,20,116.46,2329.2,0,0,
CUST-001197,2023-06-28,West,One year,Mailed check,DSL,9,92.08,828.72,3,1,Price too high
CUST-001198,2024-01-30,Northeast,One year,Bank transfer,Fiber optic,28,64.95,1818.6,3,0,
CUST-001199,2024-07-08,Midwest,Month-to-month,Bank transfer,Fiber optic,25,50.78,1269.5,2,0,
CUST-001200,2025-04-01,West,Month-to-month,Bank transfer,Fiber optic,23,56.8,1306.4,1,0,
CUST-001201,2024-09-09,Midwest,Two year,Bank transfer,No internet,48,130.54,6265.92,2,0,
CUST-001202,2024-02-05,Midwest,One year,Credit card,DSL,26,56.18,1460.68,2,0,
CUST-001203,2022-03-09,West,Two year,Bank transfer,No internet,20,32.99,659.8,3,0,
CUST-001204,2023-06-21,Midwest,One year,Credit card,Fiber optic,4,97.48,389.92,1,0,
CUST-001205,2024-01-18,South,One year,Credit card,No internet,14,113.31,1586.34,2,0,
CUST-001206,2024-02-24,Midwest,Two year,Credit card,DSL,44,119.22,5245.68,1,0,
CUST-001207,2025-07-17,Midwest,One year,Electronic check,Fiber optic,22,97.74,2150.28,4,0,
CUST-001208,2022-04-18,West,Month-to-month,Bank transfer,Fiber optic,44,102.98,4531.12,0,0,
CUST-001209,2025-09-07,West,Month-to-month,Mailed check,No internet,21,71.3,1497.3,1,0,
CUST-001210,2024-02-26,South,Two year,Electronic check,No internet,27,36.07,973.89,2,0,
CUST-001211,2023-08-07,South,Month-to-month,Bank transfer,Fiber optic,21,70.73,1485.33,1,0,
CUST-001212,2024-01-27,South,Two year,Electronic check,DSL,27,85.53,2309.31,1,1,Poor customer service
CUST-001213,2025-01-15,Midwest,Month-to-month,Bank transfer,No internet,4,67.14,268.56,3,1,Price too high
CUST-001214,2024-05-12,West,Month-to-month,Credit card,Fiber optic,3,66.16,198.48,1,0,
CUST-001215,2023-10-26,West,One year,Mailed check,DSL,6,51.49,308.94,0,0,
CUST-001216,2025-06-16,Northeast,Two year,Credit card,DSL,9,50.88,457.92,1,0,
CUST-001217,2022-10-23,Midwest,Two year,Credit card,Fiber optic,27,126.24,3408.48,1,0,
CUST-001218,2024-04-10,Northeast,Month-to-month,Credit card,DSL,21,127.71,2681.91,3,0,
CUST-001219,2024-07-28,Northeast,Month-to-month,Electronic check,Fiber optic,15,70.05,1050.75,6,1,Competitor offered better deal
CUST-001220,2024-04-01,South,Two year,Credit card,Fiber optic,32,76.71,2454.72,2,1,Poor customer service
CUST-001221,2023-12-18,Midwest,Two year,Electronic check,Fiber optic,30,51.22,1536.6,0,0,
CUST-001222,2024-09-20,Midwest,Month-to-month,Credit card,DSL,3,86.11,258.33,1,1,Frequent service outages
CUST-001223,2024-10-18,Midwest,One year,Electronic check,Fiber optic,22,123.11,2708.42,2,0,
CUST-001224,2025-11-19,South,Month-to-month,Electronic check,Fiber optic,35,42.98,1504.3,1,0,
CUST-001225,2025-06-10,Midwest,Two year,Mailed check,Fiber optic,31,81.32,2520.92,2,0,
CUST-001226,2024-11-26,South,Month-to-month,Bank transfer,Fiber optic,14,83.3,1166.2,3,0,
CUST-001227,2022-01-31,West,Two year,Credit card,DSL,8,83.0,664.0,2,0,
CUST-001228,2022-10-13,Northeast,Month-to-month,Bank transfer,Fiber optic,32,118.59,3794.88,2,0,
CUST-001229,2025-11-18,Northeast,One year,Bank transfer,Fiber optic,12,134.49,1613.88,0,1,Poor customer service
CUST-001230,2023-09-26,South,One year,Electronic check,Fiber optic,21,65.06,1366.26,1,1,Moving / relocation
CUST-001231,2022-02-05,Midwest,One year,Credit card,DSL,42,86.96,3652.32,1,0,
CUST-001232,2022-07-16,West,Month-to-month,Mailed check,Fiber optic,11,72.02,792.22,1,0,
CUST-001233,2022-03-01,Northeast,One year,Credit card,DSL,8,57.27,458.16,1,0,
CUST-001234,2022-02-18,Midwest,One year,Credit card,DSL,22,76.45,1681.9,0,0,
CUST-001235,2025-08-24,Northeast,Month-to-month,Mailed check,Fiber optic,5,86.91,434.55,0,1,Frequent service outages
CUST-001236,2025-04-11,Northeast,One year,Mailed check,Fiber optic,25,75.14,1878.5,1,0,
CUST-001237,2022-04-29,Northeast,Month-to-month,Bank transfer,Fiber optic,1,52.88,52.88,3,1,Poor customer service
CUST-001238,2023-06-04,Midwest,Two year,Credit card,No internet,9,60.44,543.96,2,0,
CUST-001239,2025-10-02,Midwest,Month-to-month,Bank transfer,Fiber optic,22,60.59,1332.98,2,1,Competitor offered better deal
CUST-001240,2023-01-25,South,Month-to-month,Credit card,DSL,3,53.54,160.62,1,0,
CUST-001241,2025-03-09,Midwest,Two year,Credit card,No internet,31,77.5,2402.5,0,0,
CUST-001242,2023-12-10,Northeast,Two year,Mailed check,Fiber optic,22,80.14,1763.08,0,0,
CUST-001243,2024-04-20,South,Month-to-month,Bank transfer,Fiber optic,14,95.91,1342.74,1,0,
CUST-001244,2022-10-27,Midwest,Month-to-month,Bank transfer,DSL,15,53.28,799.2,2,0,
CUST-001245,2023-02-27,South,Two year,Electronic check,No internet,27,58.28,1573.56,0,0,
CUST-001246,2022-03-11,West,One year,Credit card,Fiber optic,31,115.29,3573.99,0,0,
CUST-001247,2022-05-27,West,One year,Electronic check,DSL,8,66.51,532.08,0,0,
CUST-001248,2024-09-04,West,One year,Bank transfer,DSL,30,70.78,2123.4,1,1,Competitor offered better deal
CUST-001249,2025-12-03,Midwest,Month-to-month,Bank transfer,Fiber optic,24,66.29,1590.96,5,1,Frequent service outages
CUST-001250,2022-11-17,Northeast,Month-to-month,Credit card,DSL,1,100.74,100.74,0,1,Moving / relocation
CUST-001251,2025-02-11,South,One year,Bank transfer,DSL,18,102.0,1836.0,1,0,
CUST-001252,2022-02-08,West,Two year,Bank transfer,No internet,30,100.11,3003.3,3,0,
CUST-001253,2023-09-21,West,Month-to-month,Electronic check,DSL,6,70.7,424.2,2,0,
CUST-001254,2024-12-14,South,Month-to-month,Credit card,DSL,36,53.03,1909.08,2,0,
CUST-001255,2023-05-17,West,One year,Mailed check,DSL,30,129.81,3894.3,2,0,
CUST-001256,2025-10-16,Northeast,One year,Bank transfer,Fiber optic,7,92.21,645.47,2,0,
CUST-001257,2022-04-14,Northeast,One year,Credit card,DSL,4,60.57,242.28,1,1,Moving / relocation
CUST-001258,2022-06-19,West,One year,Bank transfer,Fiber optic,3,110.57,331.71,1,1,Frequent service outages
CUST-001259,2023-12-21,West,Two year,Electronic check,DSL,31,59.06,1830.86,3,0,
CUST-001260,2023-11-11,South,One year,Electronic check,DSL,15,110.1,1651.5,3,0,
CUST-001261,2022-02-25,Midwest,Two year,Bank transfer,DSL,12,112.51,1350.12,0,0,
CUST-001262,2022-11-01,Northeast,Month-to-month,Electronic check,DSL,21,52.2,1096.2,0,0,
CUST-001263,2024-10-20,Northeast,One year,Mailed check,Fiber optic,33,84.45,2786.85,1,0,
CUST-001264,2022-03-04,Northeast,One year,Electronic check,DSL,9,90.04,810.36,1,0,
CUST-001265,2023-11-17,Midwest,One year,Mailed check,Fiber optic,18,150.0,2700.0,1,0,
CUST-001266,2023-07-28,Midwest,One year,Bank transfer,Fiber optic,3,55.28,165.84,2,1,Poor customer service
CUST-001267,2022-02-28,Midwest,Month-to-month,Bank transfer,Fiber optic,4,110.88,443.52,2,1,Frequent service outages
CUST-001268,2025-03-17,West,One year,Bank transfer,Fiber optic,4,70.5,282.0,0,0,
CUST-001269,2022-07-09,Northeast,Two year,Bank transfer,DSL,42,47.12,1979.04,3,0,
CUST-001270,2023-03-29,Northeast,Two year,Mailed check,No internet,4,67.46,269.84,0,0,
CUST-001271,2023-02-17,Midwest,One year,Credit card,Fiber optic,21,70.16,1473.36,0,0,
CUST-001272,2022-05-20,West,Two year,Bank transfer,Fiber optic,8,49.96,399.68,1,0,
CUST-001273,2024-09-08,South,Two year,Credit card,Fiber optic,25,77.47,1936.75,0,0,
CUST-001274,2024-05-30,South,One year,Bank transfer,Fiber optic,13,95.25,1238.25,0,0,
CUST-001275,2022-12-13,South,Month-to-month,Mailed check,No internet,6,75.66,453.96,1,1,Moving / relocation
CUST-001276,2025-05-13,Northeast,Two year,Bank transfer,Fiber optic,35,58.95,2063.25,0,0,
CUST-001277,2022-05-09,South,One year,Electronic check,No internet,24,66.85,1604.4,1,0,
CUST-001278,2023-05-20,Northeast,Month-to-month,Credit card,Fiber optic,3,70.0,210.0,1,1,Price too high
CUST-001279,2022-04-05,South,Two year,Bank transfer,DSL,1,75.15,75.15,0,0,
CUST-001280,2023-10-18,West,One year,Electronic check,DSL,28,100.0,2800.0,2,0,
CUST-001281,2022-08-26,Northeast,One year,Mailed check,Fiber optic,9,76.48,688.32,3,0,
CUST-001282,2022-09-04,Northeast,Month-to-month,Bank transfer,DSL,19,44.75,850.25,0,0,
CUST-001283,2025-12-11,West,Month-to-month,Electronic check,DSL,6,58.56,351.36,1,1,Competitor offered better deal
CUST-001284,2025-12-19,West,One year,Electronic check,Fiber optic,39,73.93,2883.27,1,0,
CUST-001285,2022-03-31,South,One year,Credit card,Fiber optic,28,100.46,2812.88,1,0,
CUST-001286,2025-11-12,Northeast,Month-to-month,Mailed check,DSL,4,106.2,424.8,0,1,Frequent service outages
CUST-001287,2023-05-11,South,Month-to-month,Electronic check,No internet,3,123.7,371.1,1,0,
CUST-001288,2025-03-16,South,Month-to-month,Electronic check,No internet,17,73.1,1242.7,2,1,Frequent service outages
CUST-001289,2022-05-29,Midwest,One year,Bank transfer,Fiber optic,8,89.5,716.0,3,0,
CUST-001290,2022-04-16,South,One year,Bank transfer,DSL,30,44.02,1320.6,4,0,
CUST-001291,2024-02-16,Midwest,Month-to-month,Bank transfer,DSL,17,80.44,1367.48,1,0,
CUST-001292,2023-03-16,West,Month-to-month,Credit card,No internet,11,49.7,546.7,2,0,
CUST-001293,2023-05-24,South,Month-to-month,Electronic check,Fiber optic,32,68.72,2199.04,0,0,
CUST-001294,2022-10-15,Northeast,Month-to-month,Electronic check,No internet,1,150.0,150.0,0,1,Competitor offered better deal
CUST-001295,2023-05-23,South,Two year,Electronic check,DSL,40,77.26,3090.4,0,0,
CUST-001296,2022-06-20,South,Month-to-month,Mailed check,DSL,4,53.17,212.68,4,0,
CUST-001297,2023-06-05,South,Month-to-month,Electronic check,Fiber optic,19,79.88,1517.72,2,0,
CUST-001298,2023-09-07,South,One year,Mailed check,Fiber optic,21,59.41,1247.61,3,1,Poor customer service
CUST-001299,2022-08-22,West,Month-to-month,Credit card,Fiber optic,14,51.55,721.7,1,1,Competitor offered better deal
CUST-001300,2023-09-02,South,Month-to-month,Electronic check,No internet,3,137.41,412.23,1,1,Poor customer service
CUST-001301,2024-11-04,Midwest,Two year,Credit card,DSL,48,98.63,4734.24,2,0,
CUST-001302,2025-11-02,South,Month-to-month,Credit card,No internet,29,78.3,2270.7,0,0,
CUST-001303,2022-09-05,Midwest,Month-to-month,Bank transfer,Fiber optic,7,61.84,432.88,1,0,
CUST-001304,2024-11-28,Northeast,One year,Credit card,No internet,22,63.47,1396.34,0,0,
CUST-001305,2024-06-30,West,Month-to-month,Bank transfer,No internet,36,114.85,4134.6,3,1,Moving / relocation
CUST-001306,2022-04-26,South,Month-to-month,Mailed check,Fiber optic,29,77.33,2242.57,2,1,Frequent service outages
CUST-001307,2022-09-17,Midwest,One year,Bank transfer,Fiber optic,10,26.14,261.4,1,0,
CUST-001308,2022-03-17,Midwest,One year,Electronic check,DSL,18,150.0,2700.0,0,0,
CUST-001309,2023-01-26,Midwest,Month-to-month,Bank transfer,DSL,18,74.33,1337.94,0,1,Price too high
CUST-001310,2025-10-19,West,Two year,Credit card,Fiber optic,14,78.25,1095.5,1,0,
CUST-001311,2023-06-28,West,Month-to-month,Bank transfer,DSL,38,99.26,3771.88,1,1,Poor customer service
CUST-001312,2025-03-19,South,Month-to-month,Mailed check,Fiber optic,10,81.36,813.6,1,1,Competitor offered better deal
CUST-001313,2024-05-04,West,Two year,Bank transfer,DSL,34,89.03,3027.02,0,0,
CUST-001314,2022-02-27,South,Two year,Credit card,No internet,44,61.22,2693.68,1,0,
CUST-001315,2022-08-13,West,Two year,Electronic check,Fiber optic,39,47.3,1844.7,3,0,
CUST-001316,2025-06-07,West,One year,Mailed check,Fiber optic,22,76.68,1686.96,0,0,
CUST-001317,2024-02-15,South,One year,Electronic check,DSL,8,110.84,886.72,0,0,
CUST-001318,2023-12-19,Northeast,Two year,Credit card,DSL,7,56.98,398.86,0,0,
CUST-001319,2023-08-26,South,One year,Bank transfer,Fiber optic,33,55.54,1832.82,0,0,
CUST-001320,2024-12-23,West,One year,Electronic check,Fiber optic,29,103.62,3004.98,0,0,
CUST-001321,2022-10-24,South,One year,Bank transfer,DSL,9,60.56,545.04,2,0,
CUST-001322,2024-05-02,South,Month-to-month,Bank transfer,DSL,20,61.47,1229.4,2,0,
CUST-001323,2024-03-05,South,Two year,Electronic check,DSL,26,62.21,1617.46,0,0,
CUST-001324,2024-09-24,Northeast,Month-to-month,Credit card,Fiber optic,1,68.66,68.66,1,0,
CUST-001325,2025-12-22,West,One year,Bank transfer,Fiber optic,14,42.37,593.18,0,1,Frequent service outages
CUST-001326,2023-04-22,South,One year,Electronic check,Fiber optic,14,58.99,825.86,3,0,
CUST-001327,2025-09-22,West,One year,Credit card,Fiber optic,7,75.47,528.29,1,0,
CUST-001328,2024-01-30,Northeast,Month-to-month,Electronic check,Fiber optic,7,75.3,527.1,1,0,
CUST-001329,2022-11-21,West,Month-to-month,Electronic check,DSL,3,101.55,304.65,0,0,
CUST-001330,2022-10-16,Northeast,Two year,Mailed check,DSL,11,126.29,1389.19,1,0,
CUST-001331,2025-03-27,Northeast,Two year,Electronic check,Fiber optic,33,113.75,3753.75,0,0,
CUST-001332,2023-08-03,Midwest,One year,Bank transfer,No internet,34,93.94,3193.96,1,0,
CUST-001333,2024-06-15,Northeast,Month-to-month,Mailed check,DSL,31,66.85,2072.35,2,1,Competitor offered better deal
CUST-001334,2022-05-17,South,Month-to-month,Electronic check,DSL,13,57.43,746.59,0,0,
CUST-001335,2025-03-17,South,One year,Credit card,No internet,29,70.51,2044.79,4,0,
CUST-001336,2024-08-24,West,Month-to-month,Mailed check,Fiber optic,43,84.55,3635.65,3,1,Moving / relocation
CUST-001337,2022-10-11,West,Two year,Mailed check,DSL,17,91.2,1550.4,5,0,
CUST-001338,2022-03-29,Midwest,One year,Electronic check,Fiber optic,22,85.57,1882.54,0,1,Frequent service outages
CUST-001339,2024-02-16,West,One year,Credit card,No internet,34,67.44,2292.96,4,0,
CUST-001340,2023-03-09,West,One year,Electronic check,Fiber optic,30,90.18,2705.4,0,0,
CUST-001341,2024-04-30,Midwest,Month-to-month,Electronic check,DSL,39,104.95,4093.05,0,0,
CUST-001342,2022-05-29,Midwest,One year,Credit card,Fiber optic,10,92.91,929.1,0,1,Competitor offered better deal
CUST-001343,2024-11-28,Northeast,One year,Electronic check,Fiber optic,9,69.39,624.51,2,0,
CUST-001344,2024-08-30,West,One year,Credit card,Fiber optic,42,53.69,2254.98,2,1,Frequent service outages
CUST-001345,2025-11-04,West,One year,Bank transfer,DSL,14,53.28,745.92,2,0,
CUST-001346,2023-11-16,South,Month-to-month,Credit card,Fiber optic,18,56.37,1014.66,3,0,
CUST-001347,2023-11-03,Northeast,One year,Electronic check,Fiber optic,31,76.12,2359.72,1,0,
CUST-001348,2023-06-17,South,Two year,Credit card,Fiber optic,27,82.79,2235.33,1,0,
CUST-001349,2024-06-19,West,Month-to-month,Electronic check,Fiber optic,11,44.58,490.38,1,1,Moving / relocation
CUST-001350,2023-11-25,Northeast,One year,Electronic check,Fiber optic,25,59.66,1491.5,1,1,Competitor offered better deal
CUST-001351,2025-03-22,South,One year,Credit card,DSL,5,75.78,378.9,0,0,
CUST-001352,2022-08-24,Northeast,One year,Electronic check,Fiber optic,29,52.57,1524.53,2,1,Competitor offered better deal
CUST-001353,2022-07-19,West,One year,Mailed check,No internet,28,80.55,2255.4,0,0,
CUST-001354,2025-07-25,South,Two year,Bank transfer,DSL,8,63.54,508.32,2,0,
CUST-001355,2025-11-24,South,One year,Electronic check,Fiber optic,16,55.62,889.92,0,0,
CUST-001356,2023-05-22,Midwest,Two year,Electronic check,DSL,28,71.31,1996.68,1,0,
CUST-001357,2024-08-08,Midwest,One year,Bank transfer,Fiber optic,14,79.48,1112.72,1,0,
CUST-001358,2024-09-07,West,One year,Mailed check,DSL,10,53.44,534.4,0,1,Moving / relocation
CUST-001359,2024-02-17,Northeast,Month-to-month,Bank transfer,Fiber optic,8,64.87,518.96,0,0,
CUST-001360,2025-10-13,South,Month-to-month,Bank transfer,Fiber optic,18,81.42,1465.56,1,0,
CUST-001361,2025-08-18,South,Month-to-month,Mailed check,No internet,6,54.93,329.58,1,1,Price too high
CUST-001362,2022-07-02,Midwest,Month-to-month,Mailed check,Fiber optic,5,41.24,206.2,0,0,
CUST-001363,2023-11-08,South,One year,Electronic check,No internet,26,42.88,1114.88,0,0,
CUST-001364,2024-09-16,Northeast,Month-to-month,Mailed check,Fiber optic,15,61.33,919.95,2,0,
CUST-001365,2025-05-17,South,Month-to-month,Electronic check,Fiber optic,40,45.98,1839.2,4,0,
CUST-001366,2022-01-12,South,Month-to-month,Bank transfer,Fiber optic,2,62.72,125.44,1,0,
CUST-001367,2023-09-25,Northeast,One year,Electronic check,Fiber optic,22,119.44,2627.68,3,1,Competitor offered better deal
CUST-001368,2025-10-17,Northeast,One year,Bank transfer,DSL,29,45.1,1307.9,3,0,
CUST-001369,2023-11-19,Midwest,Two year,Electronic check,Fiber optic,41,64.04,2625.64,1,1,Moving / relocation
CUST-001370,2023-05-10,West,Month-to-month,Electronic check,Fiber optic,21,138.7,2912.7,1,1,Frequent service outages
CUST-001371,2022-04-21,South,Month-to-month,Electronic check,Fiber optic,40,79.89,3195.6,2,1,Moving / relocation
CUST-001372,2023-03-01,South,Two year,Mailed check,DSL,1,62.32,62.32,1,0,
CUST-001373,2024-05-30,West,Two year,Bank transfer,Fiber optic,33,66.67,2200.11,4,0,
CUST-001374,2023-03-25,South,Month-to-month,Bank transfer,Fiber optic,4,80.43,321.72,0,1,Frequent service outages
CUST-001375,2022-10-17,Northeast,One year,Credit card,DSL,31,120.62,3739.22,1,0,
CUST-001376,2025-12-17,West,Two year,Mailed check,DSL,10,59.15,591.5,1,0,
CUST-001377,2022-03-02,West,One year,Electronic check,No internet,47,55.01,2585.47,1,0,
CUST-001378,2023-03-09,West,Month-to-month,Credit card,Fiber optic,37,45.1,1668.7,2,0,
CUST-001379,2024-04-07,Midwest,Month-to-month,Bank transfer,Fiber optic,6,72.46,434.76,3,0,
CUST-001380,2025-08-24,South,Month-to-month,Electronic check,Fiber optic,39,44.71,1743.69,1,0,
CUST-001381,2024-12-08,Midwest,One year,Electronic check,DSL,13,60.44,785.72,2,1,Price too high
CUST-001382,2025-08-06,South,One year,Bank transfer,Fiber optic,21,52.42,1100.82,2,0,
CUST-001383,2023-10-09,Midwest,Month-to-month,Mailed check,Fiber optic,5,98.86,494.3,2,0,
CUST-001384,2025-06-03,Northeast,Month-to-month,Bank transfer,DSL,6,59.58,357.48,1,0,
CUST-001385,2023-04-09,Midwest,Month-to-month,Electronic check,Fiber optic,12,79.6,955.2,1,0,
CUST-001386,2022-08-20,Northeast,One year,Credit card,Fiber optic,17,41.96,713.32,0,1,Moving / relocation
CUST-001387,2025-07-31,South,Two year,Bank transfer,No internet,27,73.12,1974.24,2,0,
CUST-001388,2024-08-21,Northeast,One year,Credit card,No internet,24,47.7,1144.8,0,0,
CUST-001389,2022-04-08,South,One year,Electronic check,DSL,8,61.18,489.44,2,1,Frequent service outages
CUST-001390,2023-07-10,Midwest,One year,Bank transfer,Fiber optic,36,142.25,5121.0,0,1,Price too high
CUST-001391,2022-10-02,South,Month-to-month,Credit card,Fiber optic,1,94.47,94.47,3,1,Price too high
CUST-001392,2023-11-22,West,Month-to-month,Electronic check,Fiber optic,14,67.28,941.92,2,0,
CUST-001393,2024-09-05,South,Month-to-month,Bank transfer,DSL,9,150.0,1350.0,1,0,
CUST-001394,2022-08-14,Northeast,Month-to-month,Electronic check,DSL,6,52.31,313.86,2,1,Price too high
CUST-001395,2025-08-27,Northeast,Two year,Bank transfer,Fiber optic,16,101.79,1628.64,3,0,
CUST-001396,2025-11-28,West,Month-to-month,Credit card,Fiber optic,43,42.93,1845.99,2,1,Moving / relocation
CUST-001397,2024-08-26,Midwest,One year,Bank transfer,Fiber optic,33,64.84,2139.72,1,0,
CUST-001398,2023-01-24,South,Two year,Credit card,DSL,41,45.55,1867.55,3,0,
CUST-001399,2022-11-24,South,One year,Electronic check,Fiber optic,2,76.12,152.24,1,1,Competitor offered better deal
CUST-001400,2025-06-08,Midwest,Month-to-month,Credit card,DSL,3,71.37,214.11,4,0,
CUST-001401,2023-09-28,Midwest,Month-to-month,Bank transfer,DSL,17,63.53,1080.01,2,1,Competitor offered better deal
CUST-001402,2022-03-30,South,Two year,Electronic check,Fiber optic,18,99.43,1789.74,3,0,
CUST-001403,2023-08-17,Northeast,Month-to-month,Credit card,No internet,3,58.47,175.41,1,0,
CUST-001404,2025-03-03,South,Month-to-month,Electronic check,DSL,5,77.84,389.2,2,1,Price too high
CUST-001405,2024-07-22,Northeast,Month-to-month,Electronic check,DSL,13,91.16,1185.08,0,1,Poor customer service
CUST-001406,2025-03-10,South,Month-to-month,Credit card,Fiber optic,4,43.61,174.44,1,0,
CUST-001407,2024-09-01,South,Two year,Electronic check,Fiber optic,25,55.17,1379.25,3,0,
CUST-001408,2023-01-17,South,Two year,Electronic check,Fiber optic,37,71.32,2638.84,2,0,
CUST-001409,2024-04-04,Midwest,Month-to-month,Electronic check,Fiber optic,1,85.77,85.77,2,1,Moving / relocation
CUST-001410,2024-04-09,Midwest,Two year,Credit card,Fiber optic,21,110.48,2320.08,3,0,
CUST-001411,2025-12-07,South,Month-to-month,Electronic check,DSL,5,65.43,327.15,2,1,Frequent service outages
CUST-001412,2023-03-11,South,One year,Mailed check,Fiber optic,20,63.35,1267.0,1,0,
CUST-001413,2023-04-22,South,Month-to-month,Electronic check,Fiber optic,19,53.03,1007.57,1,0,
CUST-001414,2022-11-04,South,Month-to-month,Mailed check,No internet,44,77.91,3428.04,0,0,
CUST-001415,2023-07-14,South,One year,Electronic check,DSL,22,63.75,1402.5,1,0,
CUST-001416,2024-06-22,Midwest,Two year,Credit card,Fiber optic,41,64.22,2633.02,0,0,
CUST-001417,2023-09-25,Midwest,One year,Credit card,No internet,38,68.03,2585.14,0,0,
CUST-001418,2024-11-25,South,Month-to-month,Credit card,Fiber optic,3,83.64,250.92,2,0,
CUST-001419,2022-03-31,South,One year,Bank transfer,DSL,30,58.53,1755.9,4,0,
CUST-001420,2024-11-07,Northeast,One year,Mailed check,Fiber optic,30,54.76,1642.8,3,1,Frequent service outages
CUST-001421,2025-08-11,Midwest,One year,Electronic check,DSL,27,80.49,2173.23,1,0,
CUST-001422,2025-05-10,South,Month-to-month,Bank transfer,DSL,38,26.62,1011.56,3,0,
CUST-001423,2023-11-02,Northeast,One year,Mailed check,DSL,43,57.79,2484.97,2,1,Frequent service outages
CUST-001424,2024-11-10,Northeast,Two year,Bank transfer,Fiber optic,27,48.5,1309.5,1,0,
CUST-001425,2025-02-07,Northeast,Two year,Electronic check,No internet,16,103.03,1648.48,1,1,Moving / relocation
CUST-001426,2023-07-13,West,Month-to-month,Bank transfer,DSL,48,60.88,2922.24,3,1,Frequent service outages
CUST-001427,2023-07-06,Midwest,Month-to-month,Electronic check,DSL,47,58.59,2753.73,2,1,Competitor offered better deal
CUST-001428,2025-12-01,West,One year,Bank transfer,Fiber optic,33,69.02,2277.66,1,0,
CUST-001429,2025-04-17,Midwest,Month-to-month,Credit card,DSL,20,57.94,1158.8,2,0,
CUST-001430,2025-10-28,South,One year,Electronic check,No internet,5,61.63,308.15,0,0,
CUST-001431,2025-06-21,South,One year,Electronic check,DSL,20,72.32,1446.4,0,0,
CUST-001432,2023-10-23,Midwest,Two year,Electronic check,Fiber optic,10,61.25,612.5,4,0,
CUST-001433,2023-08-07,West,Month-to-month,Mailed check,DSL,13,61.11,794.43,1,0,
CUST-001434,2025-11-19,West,Two year,Bank transfer,Fiber optic,40,50.74,2029.6,0,1,Price too high
CUST-001435,2023-12-27,South,One year,Credit card,Fiber optic,11,48.46,533.06,1,0,
CUST-001436,2025-12-07,South,One year,Credit card,Fiber optic,8,71.48,571.84,1,0,
CUST-001437,2024-06-28,South,Two year,Bank transfer,Fiber optic,7,77.33,541.31,1,1,Competitor offered better deal
CUST-001438,2024-12-22,Northeast,Month-to-month,Bank transfer,Fiber optic,5,44.39,221.95,1,0,
CUST-001439,2024-11-05,South,Month-to-month,Electronic check,DSL,23,89.41,2056.43,0,0,
CUST-001440,2025-03-25,South,Month-to-month,Credit card,DSL,5,89.52,447.6,2,1,Price too high
CUST-001441,2022-08-02,South,Two year,Bank transfer,Fiber optic,36,95.77,3447.72,2,1,Frequent service outages
CUST-001442,2022-06-16,West,Two year,Electronic check,DSL,37,77.17,2855.29,3,0,
CUST-001443,2023-03-07,South,One year,Credit card,Fiber optic,16,85.96,1375.36,1,0,
CUST-001444,2023-01-30,Northeast,Month-to-month,Bank transfer,No internet,4,141.06,564.24,3,0,
CUST-001445,2023-12-23,Northeast,Month-to-month,Electronic check,DSL,11,63.66,700.26,1,1,Moving / relocation
CUST-001446,2022-06-28,Midwest,Month-to-month,Bank transfer,No internet,3,50.17,150.51,0,0,
CUST-001447,2024-02-24,South,One year,Electronic check,DSL,33,42.91,1416.03,1,0,
CUST-001448,2022-08-12,West,One year,Electronic check,DSL,43,122.95,5286.85,2,0,
CUST-001449,2024-12-03,West,Month-to-month,Electronic check,Fiber optic,48,123.47,5926.56,1,0,
CUST-001450,2025-02-09,West,One year,Bank transfer,No internet,8,52.15,417.2,3,1,Competitor offered better deal
CUST-001451,2025-11-18,Midwest,One year,Electronic check,DSL,22,55.55,1222.1,0,0,
CUST-001452,2022-10-27,West,Month-to-month,Electronic check,Fiber optic,3,63.2,189.6,0,1,Price too high
CUST-001453,2022-05-01,West,Month-to-month,Mailed check,Fiber optic,4,103.73,414.92,2,1,Poor customer service
CUST-001454,2023-07-07,South,Month-to-month,Electronic check,DSL,18,46.44,835.92,1,0,
CUST-001455,2024-11-30,Northeast,Two year,Bank transfer,Fiber optic,42,37.36,1569.12,1,0,
CUST-001456,2023-09-30,Midwest,One year,Bank transfer,No internet,5,140.27,701.35,1,1,Moving / relocation
CUST-001457,2022-10-31,South,Month-to-month,Electronic check,Fiber optic,20,77.48,1549.6,1,1,Competitor offered better deal
CUST-001458,2022-04-10,Midwest,Two year,Electronic check,Fiber optic,33,81.08,2675.64,1,0,
CUST-001459,2022-08-25,South,One year,Electronic check,Fiber optic,15,65.65,984.75,0,1,Moving / relocation
CUST-001460,2025-06-12,South,Two year,Bank transfer,DSL,15,81.37,1220.55,1,0,
CUST-001461,2025-04-13,West,One year,Credit card,DSL,8,43.18,345.44,1,0,
CUST-001462,2025-05-20,South,Month-to-month,Electronic check,DSL,14,53.57,749.98,1,0,
CUST-001463,2024-01-19,Northeast,One year,Electronic check,Fiber optic,4,72.5,290.0,1,0,
CUST-001464,2022-01-28,Northeast,Month-to-month,Electronic check,No internet,4,33.9,135.6,1,1,Frequent service outages
CUST-001465,2024-09-13,Northeast,Month-to-month,Bank transfer,Fiber optic,7,63.64,445.48,4,1,Poor customer service
CUST-001466,2024-05-15,Midwest,Month-to-month,Mailed check,Fiber optic,9,62.39,561.51,2,1,Competitor offered better deal
CUST-001467,2024-07-15,South,One year,Bank transfer,Fiber optic,37,63.63,2354.31,2,0,
CUST-001468,2024-05-24,South,One year,Bank transfer,Fiber optic,28,58.77,1645.56,0,0,
CUST-001469,2022-12-27,West,Two year,Electronic check,DSL,37,50.97,1885.89,1,0,
CUST-001470,2024-07-02,Northeast,Month-to-month,Mailed check,DSL,5,39.13,195.65,0,1,Price too high
CUST-001471,2025-10-23,South,Month-to-month,Credit card,Fiber optic,24,73.43,1762.32,0,0,
CUST-001472,2023-01-13,South,Two year,Electronic check,No internet,46,63.69,2929.74,1,0,
CUST-001473,2023-01-02,Midwest,One year,Bank transfer,Fiber optic,33,45.15,1489.95,3,0,
CUST-001474,2022-09-05,South,Month-to-month,Bank transfer,Fiber optic,15,71.52,1072.8,2,0,
CUST-001475,2024-07-19,Northeast,Two year,Electronic check,DSL,47,63.79,2998.13,2,0,
CUST-001476,2022-05-07,Northeast,Two year,Credit card,DSL,22,60.49,1330.78,2,1,Poor customer service
CUST-001477,2024-05-27,South,Month-to-month,Electronic check,No internet,4,35.16,140.64,3,1,Price too high
CUST-001478,2024-11-19,South,One year,Electronic check,Fiber optic,29,87.22,2529.38,1,1,Price too high
CUST-001479,2023-03-12,South,One year,Bank transfer,Fiber optic,9,47.25,425.25,0,1,Frequent service outages
CUST-001480,2023-12-21,West,Two year,Credit card,No internet,19,71.54,1359.26,1,0,
CUST-001481,2022-12-25,Midwest,Two year,Electronic check,Fiber optic,11,54.13,595.43,2,0,
CUST-001482,2024-06-14,Midwest,Month-to-month,Bank transfer,DSL,1,61.91,61.91,2,1,Price too high
CUST-001483,2022-09-23,South,One year,Electronic check,Fiber optic,2,101.37,202.74,0,1,Frequent service outages
CUST-001484,2024-03-25,Midwest,One year,Bank transfer,Fiber optic,9,83.11,747.99,0,0,
CUST-001485,2024-04-10,West,Month-to-month,Mailed check,No internet,30,100.65,3019.5,0,1,Poor customer service
CUST-001486,2024-08-19,Northeast,Month-to-month,Mailed check,No internet,38,77.92,2960.96,0,0,
CUST-001487,2025-08-11,West,Month-to-month,Credit card,No internet,12,79.58,954.96,1,0,
CUST-001488,2024-10-27,West,Two year,Bank transfer,DSL,1,39.65,39.65,1,0,
CUST-001489,2023-02-05,South,Month-to-month,Electronic check,DSL,8,63.33,506.64,1,0,
CUST-001490,2022-11-06,South,Two year,Credit card,DSL,33,65.24,2152.92,1,0,
CUST-001491,2023-09-24,Midwest,Month-to-month,Electronic check,Fiber optic,20,103.71,2074.2,1,0,
CUST-001492,2024-10-02,Northeast,One year,Bank transfer,DSL,4,59.62,238.48,3,1,Moving / relocation
CUST-001493,2023-07-29,West,Month-to-month,Bank transfer,DSL,1,76.31,76.31,1,0,
CUST-001494,2023-02-08,West,Two year,Credit card,DSL,9,75.36,678.24,0,0,
CUST-001495,2024-10-17,Northeast,One year,Mailed check,Fiber optic,30,101.54,3046.2,0,0,
CUST-001496,2022-02-10,Midwest,Two year,Bank transfer,Fiber optic,32,67.17,2149.44,1,0,
CUST-001497,2025-05-07,Midwest,One year,Bank transfer,DSL,20,91.37,1827.4,0,0,
CUST-001498,2025-04-11,Midwest,One year,Mailed check,No internet,47,40.63,1909.61,0,0,
CUST-001499,2022-05-12,South,Two year,Credit card,Fiber optic,3,41.83,125.49,5,0,
CUST-001500,2025-01-03,West,One year,Electronic check,Fiber optic,47,33.76,1586.72,1,0,
CUST-001501,2024-03-13,Midwest,Two year,Electronic check,No internet,12,90.15,1081.8,0,0,
CUST-001502,2025-01-04,West,Month-to-month,Bank transfer,DSL,2,86.97,173.94,0,0,
CUST-001503,2025-01-22,West,One year,Electronic check,DSL,17,93.41,1587.97,2,1,Competitor offered better deal
CUST-001504,2023-07-03,South,Two year,Credit card,No internet,19,56.44,1072.36,4,0,
CUST-001505,2025-04-07,West,Two year,Mailed check,DSL,15,58.54,878.1,1,0,
CUST-001506,2025-02-04,Northeast,One year,Mailed check,DSL,18,67.44,1213.92,2,0,
CUST-001507,2024-10-17,West,One year,Bank transfer,DSL,16,111.27,1780.32,2,0,
CUST-001508,2023-02-28,Northeast,Two year,Credit card,Fiber optic,35,120.55,4219.25,0,0,
CUST-001509,2022-11-21,South,Month-to-month,Bank transfer,Fiber optic,10,90.38,903.8,2,1,Frequent service outages
CUST-001510,2023-03-12,West,Two year,Electronic check,Fiber optic,5,77.94,389.7,0,0,
CUST-001511,2023-04-10,Midwest,Month-to-month,Mailed check,DSL,16,107.48,1719.68,2,1,Frequent service outages
CUST-001512,2023-06-19,South,Month-to-month,Credit card,Fiber optic,17,64.59,1098.03,2,0,
CUST-001513,2025-01-26,South,One year,Credit card,No internet,11,61.86,680.46,6,1,Poor customer service
CUST-001514,2024-11-23,Northeast,Month-to-month,Bank transfer,Fiber optic,7,67.27,470.89,1,0,
CUST-001515,2023-05-11,Northeast,Month-to-month,Bank transfer,DSL,18,51.25,922.5,0,0,
CUST-001516,2022-12-29,West,Month-to-month,Mailed check,Fiber optic,24,66.29,1590.96,2,0,
CUST-001517,2024-12-02,West,Two year,Bank transfer,Fiber optic,21,49.03,1029.63,1,0,
CUST-001518,2022-04-19,Midwest,Month-to-month,Mailed check,Fiber optic,4,97.32,389.28,2,0,
CUST-001519,2024-04-07,South,Two year,Electronic check,DSL,1,83.43,83.43,0,0,
CUST-001520,2023-01-14,South,Month-to-month,Electronic check,Fiber optic,3,110.77,332.31,2,0,
CUST-001521,2024-05-15,Midwest,One year,Bank transfer,Fiber optic,33,41.62,1373.46,2,0,
CUST-001522,2023-11-02,Midwest,Month-to-month,Bank transfer,No internet,4,128.84,515.36,2,1,Price too high
CUST-001523,2022-04-13,West,Month-to-month,Electronic check,DSL,12,42.39,508.68,2,0,
CUST-001524,2023-04-11,Midwest,Month-to-month,Credit card,DSL,11,47.78,525.58,1,1,Price too high
CUST-001525,2024-01-05,West,Month-to-month,Electronic check,DSL,17,57.47,976.99,0,0,
CUST-001526,2024-11-17,West,Month-to-month,Bank transfer,DSL,4,106.53,426.12,0,0,
CUST-001527,2025-09-08,West,One year,Credit card,Fiber optic,17,75.35,1280.95,1,1,Poor customer service
CUST-001528,2022-04-24,Midwest,Month-to-month,Credit card,Fiber optic,10,64.84,648.4,4,0,
CUST-001529,2024-10-18,Midwest,Month-to-month,Credit card,Fiber optic,2,54.4,108.8,3,0,
CUST-001530,2024-08-16,Northeast,Month-to-month,Credit card,Fiber optic,23,45.14,1038.22,5,1,Competitor offered better deal
CUST-001531,2022-01-10,Midwest,One year,Bank transfer,DSL,7,100.73,705.11,0,1,Competitor offered better deal
CUST-001532,2023-04-04,West,One year,Bank transfer,No internet,1,90.52,90.52,2,0,
CUST-001533,2022-07-23,South,Two year,Credit card,DSL,46,108.07,4971.22,1,0,
CUST-001534,2022-09-26,Midwest,Two year,Mailed check,Fiber optic,14,79.6,1114.4,2,0,
CUST-001535,2023-04-29,Midwest,One year,Bank transfer,DSL,41,30.1,1234.1,1,0,
CUST-001536,2022-12-07,Midwest,Month-to-month,Electronic check,Fiber optic,3,47.07,141.21,4,1,Frequent service outages
CUST-001537,2024-06-09,Northeast,Two year,Bank transfer,Fiber optic,12,81.35,976.2,2,0,
CUST-001538,2022-10-18,Northeast,Two year,Electronic check,Fiber optic,8,62.28,498.24,0,1,Moving / relocation
CUST-001539,2022-08-03,Midwest,One year,Bank transfer,DSL,40,58.63,2345.2,1,0,
CUST-001540,2025-06-11,South,One year,Mailed check,DSL,36,49.25,1773.0,2,0,
CUST-001541,2024-02-05,Midwest,Two year,Electronic check,DSL,35,94.94,3322.9,0,1,Poor customer service
CUST-001542,2023-03-08,Northeast,Two year,Mailed check,DSL,18,81.12,1460.16,0,0,
CUST-001543,2025-04-16,Midwest,Month-to-month,Bank transfer,DSL,7,82.3,576.1,0,0,
CUST-001544,2025-04-02,South,Month-to-month,Credit card,Fiber optic,41,57.24,2346.84,1,1,Poor customer service
CUST-001545,2022-01-14,Northeast,Two year,Electronic check,DSL,17,74.17,1260.89,1,0,
CUST-001546,2023-02-28,Northeast,One year,Electronic check,Fiber optic,12,45.69,548.28,1,0,
CUST-001547,2024-02-28,West,Month-to-month,Bank transfer,Fiber optic,48,67.25,3228.0,0,0,
CUST-001548,2022-01-06,Northeast,One year,Bank transfer,DSL,26,31.22,811.72,1,0,
CUST-001549,2024-09-13,Midwest,One year,Mailed check,Fiber optic,16,42.44,679.04,1,0,
CUST-001550,2022-01-10,Northeast,Month-to-month,Bank transfer,DSL,1,63.24,63.24,0,0,
CUST-001551,2025-12-09,Northeast,One year,Credit card,Fiber optic,18,149.91,2698.38,1,0,
CUST-001552,2023-06-22,West,Month-to-month,Electronic check,Fiber optic,2,39.4,78.8,3,0,
CUST-001553,2024-02-20,West,One year,Bank transfer,Fiber optic,34,47.09,1601.06,1,0,
CUST-001554,2025-06-01,Midwest,Two year,Electronic check,DSL,34,75.14,2554.76,0,0,
CUST-001555,2024-03-18,Midwest,Month-to-month,Credit card,Fiber optic,33,123.5,4075.5,0,1,Price too high
CUST-001556,2024-05-14,South,One year,Credit card,DSL,12,74.79,897.48,1,1,Price too high
CUST-001557,2025-10-30,Midwest,One year,Bank transfer,Fiber optic,18,87.77,1579.86,2,0,
CUST-001558,2024-09-19,South,One year,Credit card,Fiber optic,35,62.93,2202.55,0,0,
CUST-001559,2023-08-19,South,Two year,Electronic check,Fiber optic,42,59.54,2500.68,2,0,
CUST-001560,2023-08-29,West,Month-to-month,Bank transfer,No internet,5,71.97,359.85,2,0,
CUST-001561,2024-08-05,Midwest,One year,Credit card,Fiber optic,19,56.79,1079.01,3,0,
CUST-001562,2023-02-07,Midwest,One year,Credit card,Fiber optic,19,88.39,1679.41,0,0,
CUST-001563,2022-01-03,Midwest,One year,Bank transfer,Fiber optic,18,41.93,754.74,2,0,
CUST-001564,2024-07-28,South,Two year,Electronic check,DSL,48,93.2,4473.6,1,0,
CUST-001565,2024-08-24,West,Month-to-month,Electronic check,Fiber optic,9,70.99,638.91,0,0,
CUST-001566,2024-04-26,Midwest,Two year,Electronic check,Fiber optic,23,65.45,1505.35,0,0,
CUST-001567,2023-03-30,Midwest,Month-to-month,Credit card,DSL,7,41.44,290.08,2,0,
CUST-001568,2022-02-20,South,Two year,Mailed check,No internet,42,51.24,2152.08,3,0,
CUST-001569,2022-10-07,Midwest,Month-to-month,Bank transfer,Fiber optic,25,102.88,2572.0,3,1,Competitor offered better deal
CUST-001570,2024-03-19,Northeast,One year,Electronic check,Fiber optic,12,65.58,786.96,1,0,
CUST-001571,2022-02-17,South,Month-to-month,Bank transfer,Fiber optic,5,76.64,383.2,1,0,
CUST-001572,2024-07-10,South,One year,Mailed check,No internet,27,52.91,1428.57,3,0,
CUST-001573,2022-09-29,South,Month-to-month,Bank transfer,DSL,39,69.46,2708.94,3,0,
CUST-001574,2023-06-23,West,Month-to-month,Mailed check,Fiber optic,43,45.19,1943.17,2,1,Price too high
CUST-001575,2025-12-12,South,Month-to-month,Electronic check,DSL,11,72.38,796.18,1,0,
CUST-001576,2023-05-15,South,Month-to-month,Electronic check,Fiber optic,23,78.93,1815.39,1,0,
CUST-001577,2023-08-12,West,Two year,Credit card,Fiber optic,38,77.68,2951.84,0,0,
CUST-001578,2025-02-24,South,One year,Bank transfer,No internet,39,52.5,2047.5,2,0,
CUST-001579,2022-04-08,Midwest,Month-to-month,Bank transfer,Fiber optic,9,62.84,565.56,1,1,Price too high
CUST-001580,2023-06-26,Midwest,Two year,Credit card,Fiber optic,23,83.25,1914.75,0,0,
CUST-001581,2023-12-09,Northeast,One year,Bank transfer,DSL,22,65.52,1441.44,0,0,
CUST-001582,2023-02-23,South,Month-to-month,Bank transfer,DSL,16,63.95,1023.2,4,1,Price too high
CUST-001583,2025-12-07,South,Month-to-month,Bank transfer,Fiber optic,6,128.91,773.46,1,1,Frequent service outages
CUST-001584,2025-02-20,Midwest,One year,Electronic check,DSL,30,51.71,1551.3,3,1,Competitor offered better deal
CUST-001585,2022-03-26,West,One year,Mailed check,DSL,17,99.06,1684.02,1,0,
CUST-001586,2025-12-09,South,Two year,Credit card,DSL,7,48.45,339.15,1,0,
CUST-001587,2022-10-20,Northeast,One year,Mailed check,Fiber optic,9,86.45,778.05,1,0,
CUST-001588,2022-09-27,Midwest,Two year,Electronic check,Fiber optic,6,87.94,527.64,3,0,
CUST-001589,2024-12-29,West,Two year,Credit card,No internet,44,59.54,2619.76,1,0,
CUST-001590,2023-07-07,Northeast,Two year,Electronic check,DSL,3,47.48,142.44,1,0,
CUST-001591,2022-02-27,West,Month-to-month,Bank transfer,Fiber optic,5,37.32,186.6,1,0,
CUST-001592,2022-01-04,West,Two year,Bank transfer,DSL,25,57.58,1439.5,2,0,
CUST-001593,2024-10-20,South,Two year,Mailed check,Fiber optic,28,82.96,2322.88,1,0,
CUST-001594,2023-12-11,South,One year,Electronic check,No internet,2,49.66,99.32,2,1,Moving / relocation
CUST-001595,2023-11-18,Midwest,Month-to-month,Mailed check,DSL,30,72.31,2169.3,2,1,Moving / relocation
CUST-001596,2023-02-18,Northeast,Month-to-month,Credit card,No internet,12,43.71,524.52,2,1,Frequent service outages
CUST-001597,2022-11-10,Northeast,One year,Credit card,DSL,25,65.05,1626.25,5,0,
CUST-001598,2025-04-21,South,One year,Credit card,DSL,32,48.57,1554.24,1,0,
CUST-001599,2023-09-26,West,Two year,Electronic check,Fiber optic,28,68.38,1914.64,1,0,
CUST-001600,2025-08-30,Northeast,One year,Electronic check,Fiber optic,20,59.72,1194.4,1,0,
CUST-001601,2024-04-30,Midwest,Month-to-month,Bank transfer,Fiber optic,22,47.9,1053.8,0,0,
CUST-001602,2022-06-19,Northeast,Month-to-month,Bank transfer,No internet,20,56.78,1135.6,0,0,
CUST-001603,2023-09-16,South,One year,Electronic check,DSL,39,51.99,2027.61,1,0,
CUST-001604,2025-06-16,West,Two year,Electronic check,Fiber optic,23,46.04,1058.92,0,0,
CUST-001605,2022-04-19,West,Two year,Electronic check,Fiber optic,9,99.13,892.17,2,0,
CUST-001606,2022-11-11,Midwest,Month-to-month,Mailed check,DSL,37,62.47,2311.39,1,0,
CUST-001607,2024-01-06,South,Month-to-month,Bank transfer,DSL,11,34.65,381.15,3,0,
CUST-001608,2023-03-26,South,Two year,Credit card,DSL,28,57.43,1608.04,0,0,
CUST-001609,2024-06-12,West,One year,Electronic check,DSL,18,93.94,1690.92,1,1,Moving / relocation
CUST-001610,2025-07-18,South,Two year,Bank transfer,Fiber optic,10,54.95,549.5,1,0,
CUST-001611,2024-10-27,Northeast,Month-to-month,Mailed check,DSL,17,113.21,1924.57,2,1,Price too high
CUST-001612,2023-06-18,Midwest,Month-to-month,Mailed check,Fiber optic,11,53.3,586.3,1,0,
CUST-001613,2025-04-11,South,Two year,Electronic check,Fiber optic,43,82.36,3541.48,2,0,
CUST-001614,2022-01-25,South,Month-to-month,Electronic check,Fiber optic,34,97.68,3321.12,1,1,Frequent service outages
CUST-001615,2025-01-02,Midwest,One year,Electronic check,DSL,5,80.97,404.85,2,1,Frequent service outages
CUST-001616,2022-03-17,Midwest,One year,Bank transfer,Fiber optic,13,45.16,587.08,3,0,
CUST-001617,2022-09-24,Midwest,Month-to-month,Bank transfer,Fiber optic,18,51.85,933.3,1,0,
CUST-001618,2023-05-09,Midwest,Month-to-month,Bank transfer,DSL,4,101.94,407.76,1,1,Moving / relocation
CUST-001619,2022-07-17,Northeast,One year,Bank transfer,Fiber optic,9,54.19,487.71,0,0,
CUST-001620,2025-07-16,Midwest,Two year,Mailed check,DSL,37,95.8,3544.6,2,0,
CUST-001621,2024-07-22,Northeast,Month-to-month,Electronic check,DSL,20,61.09,1221.8,2,1,Price too high
CUST-001622,2022-05-10,Midwest,One year,Electronic check,DSL,1,73.35,73.35,2,1,Frequent service outages
CUST-001623,2024-11-06,Midwest,Month-to-month,Electronic check,Fiber optic,38,44.99,1709.62,1,0,
CUST-001624,2022-10-13,Northeast,Two year,Electronic check,Fiber optic,2,57.71,115.42,1,0,
CUST-001625,2024-12-22,South,Two year,Credit card,Fiber optic,31,52.98,1642.38,2,0,
CUST-001626,2025-11-14,South,Month-to-month,Credit card,DSL,33,75.35,2486.55,1,1,Price too high
CUST-001627,2022-04-02,West,Two year,Credit card,Fiber optic,25,72.23,1805.75,3,1,Moving / relocation
CUST-001628,2023-08-25,South,Two year,Bank transfer,DSL,35,81.29,2845.15,0,0,
CUST-001629,2024-07-15,Northeast,One year,Bank transfer,No internet,24,59.92,1438.08,0,0,
CUST-001630,2025-06-28,Midwest,Month-to-month,Bank transfer,DSL,10,52.06,520.6,0,0,
CUST-001631,2024-08-15,South,Two year,Bank transfer,Fiber optic,29,74.33,2155.57,1,0,
CUST-001632,2023-07-15,South,Two year,Electronic check,DSL,39,50.43,1966.77,0,1,Price too high
CUST-001633,2022-03-14,Midwest,Month-to-month,Credit card,Fiber optic,7,99.0,693.0,2,0,
CUST-001634,2024-01-28,West,Month-to-month,Credit card,No internet,15,67.58,1013.7,2,1,Moving / relocation
CUST-001635,2023-10-08,South,Two year,Electronic check,Fiber optic,21,63.16,1326.36,0,0,
CUST-001636,2025-10-15,South,One year,Bank transfer,DSL,10,81.28,812.8,2,0,
CUST-001637,2024-01-05,South,One year,Credit card,Fiber optic,12,68.41,820.92,0,0,
CUST-001638,2025-10-29,Midwest,Two year,Credit card,DSL,17,41.24,701.08,0,0,
CUST-001639,2024-04-01,South,Month-to-month,Mailed check,Fiber optic,14,49.92,698.88,1,0,
CUST-001640,2022-08-30,Midwest,Two year,Bank transfer,Fiber optic,20,98.34,1966.8,2,0,
CUST-001641,2022-05-01,West,One year,Mailed check,Fiber optic,25,72.01,1800.25,1,1,Moving / relocation
CUST-001642,2024-09-15,Northeast,Month-to-month,Mailed check,Fiber optic,4,40.93,163.72,1,0,
CUST-001643,2022-10-02,South,Two year,Electronic check,Fiber optic,15,78.47,1177.05,1,0,
CUST-001644,2023-09-12,West,Two year,Electronic check,No internet,41,58.62,2403.42,2,0,
CUST-001645,2024-10-06,Midwest,Month-to-month,Mailed check,Fiber optic,10,52.99,529.9,0,0,
CUST-001646,2022-08-07,Midwest,Two year,Bank transfer,DSL,22,48.6,1069.2,0,1,Competitor offered better deal
CUST-001647,2022-06-17,Northeast,Two year,Credit card,Fiber optic,6,96.54,579.24,1,0,
CUST-001648,2022-02-07,South,Two year,Bank transfer,DSL,9,37.38,336.42,1,0,
CUST-001649,2023-04-11,Northeast,Month-to-month,Mailed check,No internet,22,53.62,1179.64,5,1,Moving / relocation
CUST-001650,2024-01-12,South,Month-to-month,Bank transfer,Fiber optic,18,72.85,1311.3,0,1,Price too high
CUST-001651,2023-08-10,South,One year,Credit card,No internet,14,116.17,1626.38,1,0,
CUST-001652,2022-05-17,Northeast,Two year,Bank transfer,DSL,2,83.7,167.4,1,0,
CUST-001653,2024-04-02,South,Month-to-month,Bank transfer,DSL,4,53.48,213.92,1,1,Competitor offered better deal
CUST-001654,2025-10-02,West,One year,Electronic check,Fiber optic,33,114.36,3773.88,1,0,
CUST-001655,2022-12-01,West,Month-to-month,Electronic check,No internet,12,45.44,545.28,0,0,
CUST-001656,2023-01-01,Northeast,One year,Credit card,No internet,12,76.32,915.84,2,0,
CUST-001657,2022-03-10,West,One year,Electronic check,Fiber optic,17,81.95,1393.15,0,0,
CUST-001658,2023-10-05,South,Month-to-month,Mailed check,Fiber optic,26,52.88,1374.88,0,1,Moving / relocation
CUST-001659,2022-08-18,West,Two year,Electronic check,Fiber optic,25,87.64,2191.0,0,0,
CUST-001660,2024-11-27,Midwest,One year,Bank transfer,Fiber optic,19,59.47,1129.93,0,0,
CUST-001661,2024-04-17,South,One year,Bank transfer,Fiber optic,19,87.57,1663.83,1,0,
CUST-001662,2024-01-12,South,Two year,Bank transfer,No internet,33,38.91,1284.03,2,0,
CUST-001663,2022-05-10,West,Month-to-month,Credit card,No internet,14,78.04,1092.56,0,0,
CUST-001664,2023-07-06,Northeast,Month-to-month,Electronic check,Fiber optic,15,61.44,921.6,0,0,
CUST-001665,2024-03-28,South,One year,Mailed check,Fiber optic,38,101.28,3848.64,0,0,
CUST-001666,2024-07-08,South,One year,Credit card,DSL,16,69.13,1106.08,1,0,
CUST-001667,2025-11-19,West,Month-to-month,Bank transfer,No internet,17,104.56,1777.52,1,0,
CUST-001668,2022-10-16,West,Two year,Credit card,DSL,32,82.47,2639.04,0,0,
CUST-001669,2025-08-03,West,One year,Bank transfer,No internet,30,67.3,2019.0,1,0,
CUST-001670,2023-12-18,South,One year,Electronic check,DSL,27,90.2,2435.4,3,0,
CUST-001671,2023-10-03,Midwest,Two year,Credit card,DSL,12,90.39,1084.68,3,0,
CUST-001672,2025-11-08,South,Two year,Mailed check,Fiber optic,5,81.53,407.65,2,0,
CUST-001673,2023-02-15,West,One year,Bank transfer,DSL,20,33.67,673.4,1,0,
CUST-001674,2025-02-20,Midwest,Month-to-month,Electronic check,DSL,42,51.19,2149.98,1,0,
CUST-001675,2024-03-24,South,One year,Bank transfer,DSL,43,109.17,4694.31,1,0,
CUST-001676,2023-05-04,Northeast,One year,Bank transfer,DSL,25,46.9,1172.5,2,0,
CUST-001677,2023-01-05,Northeast,One year,Electronic check,Fiber optic,11,92.98,1022.78,1,1,Moving / relocation
CUST-001678,2025-08-26,Midwest,One year,Credit card,Fiber optic,23,87.89,2021.47,1,0,
CUST-001679,2025-02-18,South,Month-to-month,Electronic check,No internet,4,55.58,222.32,2,1,Poor customer service
CUST-001680,2025-07-02,South,One year,Mailed check,Fiber optic,10,37.02,370.2,1,1,Price too high
CUST-001681,2025-01-24,Northeast,One year,Electronic check,Fiber optic,14,58.44,818.16,2,0,
CUST-001682,2023-02-01,West,Month-to-month,Bank transfer,DSL,1,136.31,136.31,0,0,
CUST-001683,2025-07-27,Midwest,Month-to-month,Bank transfer,Fiber optic,3,53.18,159.54,1,1,Price too high
CUST-001684,2025-09-26,West,Two year,Bank transfer,DSL,16,54.37,869.92,1,0,
CUST-001685,2025-02-05,Midwest,Month-to-month,Bank transfer,DSL,26,50.95,1324.7,0,0,
CUST-001686,2023-12-11,South,Month-to-month,Credit card,DSL,13,103.41,1344.33,1,0,
CUST-001687,2024-01-26,South,Month-to-month,Credit card,No internet,31,64.86,2010.66,0,0,
CUST-001688,2025-09-24,Northeast,One year,Credit card,Fiber optic,28,57.38,1606.64,2,1,Price too high
CUST-001689,2023-05-09,South,One year,Mailed check,No internet,8,110.2,881.6,0,1,Poor customer service
CUST-001690,2024-03-14,Northeast,One year,Bank transfer,DSL,7,84.39,590.73,2,0,
CUST-001691,2025-08-21,Northeast,Month-to-month,Electronic check,No internet,6,52.24,313.44,1,1,Frequent service outages
CUST-001692,2022-05-22,South,One year,Electronic check,DSL,43,47.39,2037.77,0,0,
CUST-001693,2024-04-14,South,Month-to-month,Bank transfer,Fiber optic,34,101.56,3453.04,3,0,
CUST-001694,2022-07-23,West,Two year,Bank transfer,DSL,29,70.48,2043.92,1,0,
CUST-001695,2025-05-28,South,Two year,Bank transfer,Fiber optic,12,42.7,512.4,0,0,
CUST-001696,2023-12-29,West,One year,Bank transfer,DSL,11,39.62,435.82,1,0,
CUST-001697,2024-03-27,Northeast,One year,Bank transfer,Fiber optic,34,49.05,1667.7,4,1,Competitor offered better deal
CUST-001698,2022-02-06,West,One year,Credit card,Fiber optic,5,47.15,235.75,1,1,Price too high
CUST-001699,2022-02-14,Midwest,Month-to-month,Electronic check,No internet,26,36.43,947.18,1,1,Price too high
CUST-001700,2025-01-27,Northeast,One year,Mailed check,No internet,38,49.31,1873.78,2,0,
CUST-001701,2025-11-04,South,Two year,Electronic check,DSL,20,52.24,1044.8,3,0,
CUST-001702,2023-03-26,South,Month-to-month,Electronic check,Fiber optic,13,60.46,785.98,1,0,
CUST-001703,2024-05-30,South,Month-to-month,Credit card,DSL,41,120.51,4940.91,0,0,
CUST-001704,2022-02-15,Midwest,One year,Electronic check,No internet,15,64.37,965.55,1,0,
CUST-001705,2022-06-13,South,Month-to-month,Electronic check,Fiber optic,5,66.45,332.25,0,1,Price too high
CUST-001706,2024-08-05,South,Month-to-month,Mailed check,Fiber optic,2,82.51,165.02,1,0,
CUST-001707,2022-12-18,Midwest,Month-to-month,Electronic check,No internet,47,64.98,3054.06,3,0,
CUST-001708,2024-06-03,Northeast,One year,Bank transfer,Fiber optic,13,79.68,1035.84,2,1,Competitor offered better deal
CUST-001709,2024-11-16,South,Month-to-month,Credit card,DSL,18,76.69,1380.42,1,0,
CUST-001710,2022-07-04,South,Two year,Bank transfer,DSL,3,72.91,218.73,2,0,
CUST-001711,2024-09-20,South,One year,Mailed check,DSL,25,150.0,3750.0,0,0,
CUST-001712,2022-09-22,South,Month-to-month,Bank transfer,Fiber optic,34,93.84,3190.56,3,1,Price too high
CUST-001713,2023-09-25,South,One year,Credit card,DSL,41,49.59,2033.19,1,0,
CUST-001714,2024-12-22,Northeast,One year,Electronic check,DSL,28,78.92,2209.76,3,0,
CUST-001715,2023-11-13,South,Two year,Bank transfer,No internet,32,54.42,1741.44,1,0,
CUST-001716,2022-08-09,West,One year,Bank transfer,Fiber optic,25,80.87,2021.75,2,0,
CUST-001717,2024-12-21,Northeast,Month-to-month,Bank transfer,No internet,22,45.15,993.3,0,0,
CUST-001718,2022-01-10,West,Month-to-month,Electronic check,Fiber optic,27,49.18,1327.86,1,0,
CUST-001719,2025-12-09,Midwest,One year,Bank transfer,Fiber optic,30,78.26,2347.8,2,0,
CUST-001720,2025-12-31,West,Month-to-month,Credit card,No internet,13,96.47,1254.11,4,1,Frequent service outages
CUST-001721,2025-06-17,South,Month-to-month,Bank transfer,Fiber optic,7,82.34,576.38,5,1,Price too high
CUST-001722,2023-02-28,Midwest,Month-to-month,Electronic check,Fiber optic,29,92.14,2672.06,1,0,
CUST-001723,2022-03-02,Midwest,Two year,Electronic check,Fiber optic,28,79.01,2212.28,1,0,
CUST-001724,2025-07-25,Northeast,Month-to-month,Bank transfer,DSL,2,74.08,148.16,1,0,
CUST-001725,2024-10-25,Northeast,Month-to-month,Bank transfer,DSL,14,59.67,835.38,2,0,
CUST-001726,2023-08-28,Northeast,Month-to-month,Credit card,No internet,32,90.94,2910.08,2,1,Moving / relocation
CUST-001727,2022-12-05,West,Month-to-month,Bank transfer,Fiber optic,34,97.32,3308.88,1,0,
CUST-001728,2025-11-07,West,One year,Electronic check,Fiber optic,36,68.7,2473.2,2,0,
CUST-001729,2023-08-06,Northeast,One year,Credit card,Fiber optic,32,67.53,2160.96,2,0,
CUST-001730,2023-09-21,Northeast,Month-to-month,Bank transfer,No internet,8,116.66,933.28,1,0,
CUST-001731,2025-03-07,South,Two year,Bank transfer,DSL,28,69.65,1950.2,1,0,
CUST-001732,2024-12-30,South,One year,Bank transfer,Fiber optic,16,71.82,1149.12,0,0,
CUST-001733,2023-08-07,Northeast,Month-to-month,Mailed check,Fiber optic,18,81.86,1473.48,0,0,
CUST-001734,2025-11-11,Midwest,Month-to-month,Electronic check,Fiber optic,40,67.95,2718.0,0,0,
CUST-001735,2023-11-12,South,Month-to-month,Electronic check,DSL,23,53.92,1240.16,0,0,
CUST-001736,2023-02-17,Northeast,Month-to-month,Electronic check,DSL,35,79.12,2769.2,1,1,Frequent service outages
CUST-001737,2022-10-13,South,Month-to-month,Bank transfer,DSL,6,69.24,415.44,0,0,
CUST-001738,2022-02-13,West,Month-to-month,Electronic check,Fiber optic,7,126.41,884.87,2,1,Poor customer service
CUST-001739,2022-04-26,West,Month-to-month,Credit card,Fiber optic,1,90.22,90.22,2,1,Price too high
CUST-001740,2023-10-18,South,Month-to-month,Electronic check,DSL,10,57.94,579.4,3,1,Competitor offered better deal
CUST-001741,2025-12-02,Midwest,Two year,Bank transfer,DSL,30,88.53,2655.9,2,0,
CUST-001742,2025-01-17,West,Month-to-month,Bank transfer,Fiber optic,31,77.36,2398.16,1,0,
CUST-001743,2022-09-22,West,Two year,Electronic check,DSL,27,106.59,2877.93,0,0,
CUST-001744,2024-04-04,South,Month-to-month,Bank transfer,No internet,2,59.27,118.54,1,0,
CUST-001745,2023-08-06,West,Month-to-month,Credit card,DSL,16,74.47,1191.52,1,0,
CUST-001746,2025-05-05,South,Month-to-month,Credit card,DSL,6,67.92,407.52,1,0,
CUST-001747,2023-01-07,South,One year,Electronic check,DSL,23,71.43,1642.89,0,0,
CUST-001748,2023-01-25,South,Month-to-month,Bank transfer,Fiber optic,8,52.81,422.48,1,1,Moving / relocation
CUST-001749,2024-10-03,South,Month-to-month,Electronic check,Fiber optic,4,84.29,337.16,3,1,Poor customer service
CUST-001750,2022-04-10,Midwest,Month-to-month,Bank transfer,Fiber optic,8,80.14,641.12,0,1,Competitor offered better deal
CUST-001751,2023-02-15,West,Month-to-month,Mailed check,Fiber optic,6,105.77,634.62,0,1,Poor customer service
CUST-001752,2022-11-19,West,Month-to-month,Credit card,DSL,23,69.88,1607.24,2,0,
CUST-001753,2023-09-15,South,Two year,Bank transfer,DSL,27,61.45,1659.15,3,0,
CUST-001754,2022-12-01,West,Two year,Electronic check,Fiber optic,29,90.25,2617.25,1,0,
CUST-001755,2025-04-30,Midwest,One year,Credit card,No internet,22,54.37,1196.14,1,0,
CUST-001756,2023-05-05,South,Two year,Bank transfer,No internet,9,99.21,892.89,3,1,Frequent service outages
CUST-001757,2023-06-06,Midwest,Month-to-month,Electronic check,Fiber optic,2,99.14,198.28,2,1,Moving / relocation
CUST-001758,2023-04-01,Northeast,Two year,Credit card,Fiber optic,35,104.83,3669.05,1,0,
CUST-001759,2023-09-13,South,One year,Bank transfer,Fiber optic,42,79.08,3321.36,0,0,
CUST-001760,2022-12-09,Northeast,One year,Mailed check,No internet,14,60.0,840.0,3,0,
CUST-001761,2024-12-07,Midwest,One year,Electronic check,DSL,10,72.6,726.0,1,0,
CUST-001762,2022-06-27,Midwest,Month-to-month,Electronic check,DSL,15,79.17,1187.55,0,1,Poor customer service
CUST-001763,2022-05-06,South,Month-to-month,Electronic check,No internet,1,58.6,58.6,5,1,Price too high
CUST-001764,2024-02-02,South,One year,Credit card,DSL,11,107.4,1181.4,1,0,
CUST-001765,2023-12-11,South,Month-to-month,Electronic check,No internet,24,84.41,2025.84,0,0,
CUST-001766,2024-11-05,Northeast,One year,Bank transfer,Fiber optic,38,52.69,2002.22,3,0,
CUST-001767,2022-05-20,South,Two year,Credit card,Fiber optic,35,128.06,4482.1,2,0,
CUST-001768,2025-08-20,Northeast,One year,Credit card,Fiber optic,34,72.32,2458.88,2,1,Competitor offered better deal
CUST-001769,2024-05-04,West,Month-to-month,Credit card,No internet,5,49.4,247.0,1,0,
CUST-001770,2023-02-07,West,Month-to-month,Credit card,Fiber optic,15,53.75,806.25,0,0,
CUST-001771,2025-01-21,West,Two year,Credit card,Fiber optic,19,112.85,2144.15,0,0,
CUST-001772,2024-08-23,South,Two year,Credit card,DSL,3,125.71,377.13,1,0,
CUST-001773,2025-08-21,West,One year,Bank transfer,Fiber optic,19,96.84,1839.96,1,1,Frequent service outages
CUST-001774,2024-02-10,South,Month-to-month,Electronic check,DSL,13,106.93,1390.09,0,0,
CUST-001775,2024-10-06,Midwest,Month-to-month,Electronic check,Fiber optic,23,103.47,2379.81,3,1,Moving / relocation
CUST-001776,2025-07-15,West,Month-to-month,Mailed check,Fiber optic,8,83.78,670.24,3,1,Frequent service outages
CUST-001777,2025-04-21,Northeast,One year,Electronic check,Fiber optic,24,77.89,1869.36,3,1,Moving / relocation
CUST-001778,2024-10-12,South,One year,Mailed check,DSL,12,83.33,999.96,3,0,
CUST-001779,2023-07-10,West,One year,Electronic check,Fiber optic,23,88.72,2040.56,2,1,Competitor offered better deal
CUST-001780,2022-09-25,Midwest,Month-to-month,Bank transfer,Fiber optic,5,55.3,276.5,3,0,
CUST-001781,2022-02-16,Midwest,One year,Mailed check,DSL,4,88.61,354.44,1,0,
CUST-001782,2023-01-25,Northeast,One year,Electronic check,Fiber optic,25,111.81,2795.25,0,0,
CUST-001783,2023-11-18,South,Month-to-month,Bank transfer,Fiber optic,2,65.63,131.26,2,0,
CUST-001784,2024-07-01,South,One year,Electronic check,DSL,29,63.42,1839.18,1,0,
CUST-001785,2022-10-07,South,One year,Bank transfer,No internet,16,81.65,1306.4,2,0,
CUST-001786,2025-01-02,Midwest,Two year,Electronic check,No internet,18,56.95,1025.1,1,0,
CUST-001787,2025-06-21,South,One year,Bank transfer,Fiber optic,15,46.0,690.0,0,0,
CUST-001788,2022-04-25,West,Two year,Credit card,DSL,8,101.22,809.76,1,0,
CUST-001789,2025-06-08,West,One year,Electronic check,DSL,26,60.68,1577.68,3,1,Price too high
CUST-001790,2024-08-02,Midwest,Month-to-month,Credit card,Fiber optic,2,70.52,141.04,1,1,Price too high
CUST-001791,2022-04-15,South,One year,Credit card,Fiber optic,34,57.67,1960.78,0,0,
CUST-001792,2022-09-06,West,Month-to-month,Credit card,No internet,38,105.48,4008.24,1,1,Price too high
CUST-001793,2024-12-28,South,Two year,Credit card,DSL,15,92.11,1381.65,1,0,
CUST-001794,2025-10-09,West,Month-to-month,Bank transfer,DSL,6,64.91,389.46,3,0,
CUST-001795,2024-12-17,South,Month-to-month,Electronic check,Fiber optic,7,48.06,336.42,5,1,Poor customer service
CUST-001796,2025-11-09,Midwest,Month-to-month,Electronic check,DSL,15,62.74,941.1,2,0,
CUST-001797,2023-06-16,South,One year,Electronic check,Fiber optic,22,84.14,1851.08,2,1,Moving / relocation
CUST-001798,2025-06-09,South,Two year,Mailed check,Fiber optic,14,74.47,1042.58,1,0,
CUST-001799,2025-06-11,Midwest,Two year,Credit card,No internet,35,72.6,2541.0,1,0,
CUST-001800,2025-06-11,Northeast,Month-to-month,Electronic check,No internet,3,75.02,225.06,3,0,
CUST-001801,2022-01-22,West,Month-to-month,Bank transfer,No internet,5,89.37,446.85,0,1,Poor customer service
CUST-001802,2025-11-05,West,One year,Credit card,DSL,34,69.17,2351.78,2,0,
CUST-001803,2024-02-03,Northeast,Two year,Electronic check,DSL,26,80.96,2104.96,3,0,
CUST-001804,2023-02-22,South,Month-to-month,Electronic check,Fiber optic,2,51.12,102.24,3,1,Price too high
CUST-001805,2025-01-05,South,Two year,Electronic check,No internet,10,150.0,1500.0,3,0,
CUST-001806,2024-02-03,Midwest,One year,Electronic check,Fiber optic,4,64.02,256.08,3,0,
CUST-001807,2023-07-09,West,Month-to-month,Bank transfer,Fiber optic,1,74.82,74.82,2,0,
CUST-001808,2022-07-15,West,Two year,Mailed check,Fiber optic,35,84.04,2941.4,1,0,
CUST-001809,2025-03-21,West,Month-to-month,Bank transfer,DSL,7,61.47,430.29,2,1,Poor customer service
CUST-001810,2023-10-29,Northeast,Month-to-month,Electronic check,Fiber optic,23,70.28,1616.44,0,1,Moving / relocation
CUST-001811,2024-06-13,Midwest,Month-to-month,Bank transfer,DSL,13,70.01,910.13,1,0,
CUST-001812,2022-06-02,Northeast,Month-to-month,Electronic check,DSL,43,52.33,2250.19,1,0,
CUST-001813,2023-02-01,South,Two year,Bank transfer,Fiber optic,27,80.67,2178.09,3,0,
CUST-001814,2024-10-07,South,One year,Electronic check,No internet,31,41.36,1282.16,2,0,
CUST-001815,2023-03-05,South,Two year,Credit card,DSL,7,122.84,859.88,2,0,
CUST-001816,2022-04-21,West,Two year,Bank transfer,Fiber optic,8,90.36,722.88,0,0,
CUST-001817,2023-02-24,Northeast,Month-to-month,Electronic check,Fiber optic,17,86.01,1462.17,4,1,Poor customer service
CUST-001818,2025-06-09,West,Month-to-month,Bank transfer,DSL,15,40.22,603.3,0,0,
CUST-001819,2025-10-31,South,Month-to-month,Mailed check,Fiber optic,10,54.4,544.0,0,0,
CUST-001820,2025-05-29,West,Month-to-month,Credit card,Fiber optic,7,109.35,765.45,3,0,
CUST-001821,2023-07-02,Northeast,One year,Credit card,No internet,23,150.0,3450.0,0,0,
CUST-001822,2025-11-11,Midwest,Two year,Electronic check,Fiber optic,47,102.75,4829.25,2,0,
CUST-001823,2025-05-11,South,One year,Bank transfer,Fiber optic,22,97.69,2149.18,2,0,
CUST-001824,2022-02-09,West,Month-to-month,Electronic check,Fiber optic,6,82.93,497.58,2,0,
CUST-001825,2023-06-05,Northeast,Two year,Bank transfer,Fiber optic,27,53.45,1443.15,1,0,
CUST-001826,2025-04-10,South,Two year,Electronic check,Fiber optic,26,96.4,2506.4,2,0,
CUST-001827,2022-09-22,Northeast,Two year,Bank transfer,Fiber optic,8,49.28,394.24,0,0,
CUST-001828,2023-03-04,Midwest,Two year,Credit card,DSL,14,47.59,666.26,3,0,
CUST-001829,2025-11-15,South,Two year,Mailed check,DSL,31,46.64,1445.84,1,0,
CUST-001830,2022-10-14,Midwest,Month-to-month,Credit card,DSL,13,95.8,1245.4,3,0,
CUST-001831,2024-12-10,Midwest,Two year,Electronic check,No internet,26,68.83,1789.58,1,0,
CUST-001832,2025-01-01,South,One year,Credit card,Fiber optic,29,72.4,2099.6,1,1,Frequent service outages
CUST-001833,2023-01-25,West,One year,Credit card,DSL,32,69.76,2232.32,1,0,
CUST-001834,2022-06-25,Northeast,Month-to-month,Mailed check,DSL,6,48.9,293.4,2,1,Moving / relocation
CUST-001835,2022-06-01,Midwest,One year,Electronic check,DSL,30,56.56,1696.8,1,0,
CUST-001836,2025-07-03,South,Month-to-month,Bank transfer,No internet,10,57.48,574.8,2,0,
CUST-001837,2022-12-17,West,Month-to-month,Bank transfer,DSL,39,44.72,1744.08,1,0,
CUST-001838,2025-07-02,Midwest,Two year,Electronic check,No internet,22,59.66,1312.52,3,0,
CUST-001839,2024-01-08,Midwest,One year,Credit card,Fiber optic,12,49.6,595.2,0,0,
CUST-001840,2024-03-23,Northeast,Two year,Credit card,Fiber optic,15,84.34,1265.1,3,0,
CUST-001841,2024-08-25,Midwest,Two year,Credit card,Fiber optic,26,86.62,2252.12,0,1,Frequent service outages
CUST-001842,2023-09-10,South,Month-to-month,Electronic check,DSL,7,46.34,324.38,1,1,Competitor offered better deal
CUST-001843,2025-10-21,Midwest,Two year,Mailed check,Fiber optic,34,63.76,2167.84,3,0,
CUST-001844,2025-07-23,South,Month-to-month,Electronic check,Fiber optic,1,126.97,126.97,3,0,
CUST-001845,2024-08-26,Midwest,Month-to-month,Electronic check,No internet,7,51.22,358.54,1,0,
CUST-001846,2024-11-06,Midwest,Two year,Electronic check,DSL,36,80.36,2892.96,0,0,
CUST-001847,2024-11-12,South,Two year,Electronic check,Fiber optic,29,72.51,2102.79,0,0,
CUST-001848,2022-02-17,South,Month-to-month,Bank transfer,Fiber optic,15,99.46,1491.9,1,0,
CUST-001849,2023-02-04,West,Two year,Electronic check,DSL,15,77.06,1155.9,1,0,
CUST-001850,2023-08-25,South,Month-to-month,Electronic check,No internet,12,61.07,732.84,2,0,
CUST-001851,2022-07-22,West,Two year,Bank transfer,DSL,6,71.62,429.72,1,1,Competitor offered better deal
CUST-001852,2023-09-20,Midwest,One year,Bank transfer,Fiber optic,9,71.95,647.55,3,0,
CUST-001853,2024-08-09,South,Month-to-month,Credit card,DSL,25,68.08,1702.0,2,0,
CUST-001854,2025-06-04,South,Two year,Bank transfer,Fiber optic,12,45.97,551.64,1,0,
CUST-001855,2024-12-31,South,One year,Electronic check,No internet,8,104.35,834.8,0,0,
CUST-001856,2025-07-13,Midwest,Month-to-month,Bank transfer,DSL,40,98.62,3944.8,0,1,Competitor offered better deal
CUST-001857,2024-09-09,Northeast,Two year,Bank transfer,DSL,27,50.19,1355.13,4,1,Frequent service outages
CUST-001858,2024-03-05,South,Two year,Electronic check,Fiber optic,43,63.67,2737.81,0,0,
CUST-001859,2024-06-01,South,One year,Electronic check,Fiber optic,12,65.23,782.76,1,0,
CUST-001860,2022-06-14,South,Month-to-month,Credit card,DSL,3,48.42,145.26,1,1,Competitor offered better deal
CUST-001861,2025-03-26,South,Month-to-month,Electronic check,DSL,6,38.58,231.48,2,0,
CUST-001862,2024-06-08,South,Month-to-month,Electronic check,Fiber optic,22,56.57,1244.54,3,1,Competitor offered better deal
CUST-001863,2024-11-24,Northeast,Two year,Electronic check,DSL,31,62.55,1939.05,2,0,
CUST-001864,2023-11-04,West,Month-to-month,Credit card,Fiber optic,12,44.2,530.4,3,1,Moving / relocation
CUST-001865,2025-02-28,South,One year,Bank transfer,DSL,41,74.19,3041.79,0,0,
CUST-001866,2023-09-10,Northeast,Two year,Credit card,DSL,15,101.71,1525.65,2,0,
CUST-001867,2025-05-31,Midwest,Two year,Credit card,Fiber optic,8,91.79,734.32,0,1,Moving / relocation
CUST-001868,2025-12-09,Midwest,One year,Credit card,DSL,12,67.32,807.84,3,0,
CUST-001869,2022-09-07,Northeast,Month-to-month,Electronic check,Fiber optic,3,38.9,116.7,2,1,Price too high
CUST-001870,2025-12-25,Northeast,Two year,Mailed check,DSL,13,88.15,1145.95,2,0,
CUST-001871,2025-03-06,West,One year,Credit card,No internet,4,73.47,293.88,4,0,
CUST-001872,2023-08-22,South,Month-to-month,Credit card,No internet,15,80.3,1204.5,0,0,
CUST-001873,2024-02-28,Midwest,Month-to-month,Credit card,Fiber optic,1,130.26,130.26,1,1,Frequent service outages
CUST-001874,2025-09-27,West,Month-to-month,Credit card,DSL,12,53.84,646.08,3,1,Price too high
CUST-001875,2024-01-21,Midwest,Month-to-month,Bank transfer,DSL,28,27.94,782.32,1,0,
CUST-001876,2022-12-24,Midwest,Month-to-month,Bank transfer,DSL,9,50.04,450.36,1,0,
CUST-001877,2024-06-21,Midwest,One year,Bank transfer,Fiber optic,17,81.9,1392.3,1,0,
CUST-001878,2022-10-10,Northeast,Two year,Bank transfer,Fiber optic,32,70.71,2262.72,4,0,
CUST-001879,2023-07-23,Northeast,Two year,Electronic check,Fiber optic,47,47.51,2232.97,2,1,Poor customer service
CUST-001880,2024-08-17,West,Month-to-month,Mailed check,No internet,8,44.51,356.08,1,0,
CUST-001881,2024-05-05,South,Month-to-month,Electronic check,No internet,11,62.58,688.38,1,1,Price too high
CUST-001882,2024-01-02,South,Month-to-month,Electronic check,Fiber optic,20,47.05,941.0,2,1,Poor customer service
CUST-001883,2022-07-25,Midwest,Month-to-month,Mailed check,DSL,13,82.81,1076.53,0,0,
CUST-001884,2024-12-25,South,Month-to-month,Bank transfer,Fiber optic,29,61.46,1782.34,2,0,
CUST-001885,2022-12-31,South,Two year,Bank transfer,Fiber optic,39,57.36,2237.04,1,0,
CUST-001886,2022-06-10,Midwest,Month-to-month,Bank transfer,Fiber optic,8,55.0,440.0,0,1,Poor customer service
CUST-001887,2023-02-11,Midwest,One year,Bank transfer,DSL,19,76.26,1448.94,0,0,
CUST-001888,2023-12-06,Midwest,One year,Mailed check,Fiber optic,30,71.07,2132.1,1,0,
CUST-001889,2022-04-05,Midwest,Month-to-month,Mailed check,DSL,5,74.79,373.95,1,1,Moving / relocation
CUST-001890,2024-09-23,South,One year,Bank transfer,No internet,2,74.27,148.54,1,0,
CUST-001891,2024-10-07,Northeast,Two year,Electronic check,Fiber optic,14,68.5,959.0,3,1,Competitor offered better deal
CUST-001892,2024-01-03,Northeast,Month-to-month,Bank transfer,DSL,13,50.37,654.81,0,0,
CUST-001893,2023-11-11,South,Two year,Credit card,No internet,9,55.49,499.41,1,0,
CUST-001894,2023-02-23,West,Month-to-month,Electronic check,DSL,3,61.79,185.37,2,0,
CUST-001895,2023-11-19,Midwest,Two year,Credit card,Fiber optic,10,135.76,1357.6,1,1,Poor customer service
CUST-001896,2024-01-02,Northeast,Month-to-month,Electronic check,Fiber optic,33,45.53,1502.49,1,0,
CUST-001897,2024-05-16,South,One year,Bank transfer,DSL,26,61.31,1594.06,0,1,Competitor offered better deal
CUST-001898,2024-05-05,Northeast,One year,Credit card,Fiber optic,18,72.34,1302.12,1,0,
CUST-001899,2023-01-01,Midwest,Two year,Bank transfer,DSL,38,63.62,2417.56,1,0,
CUST-001900,2024-03-15,South,Two year,Bank transfer,Fiber optic,25,98.86,2471.5,1,0,
CUST-001901,2023-07-11,West,One year,Bank transfer,DSL,39,63.52,2477.28,1,1,Competitor offered better deal
CUST-001902,2024-04-06,West,Two year,Electronic check,Fiber optic,17,65.04,1105.68,2,1,Moving / relocation
CUST-001903,2024-09-04,Midwest,Month-to-month,Bank transfer,Fiber optic,12,90.98,1091.76,0,1,Price too high
CUST-001904,2023-10-09,West,Month-to-month,Bank transfer,DSL,18,125.14,2252.52,0,1,Frequent service outages
CUST-001905,2023-05-15,Midwest,Month-to-month,Electronic check,Fiber optic,24,109.99,2639.76,5,1,Price too high
CUST-001906,2023-04-29,South,Month-to-month,Electronic check,DSL,18,67.11,1207.98,2,1,Poor customer service
CUST-001907,2025-07-01,Midwest,Month-to-month,Credit card,No internet,22,69.0,1518.0,2,0,
CUST-001908,2022-04-13,South,Month-to-month,Electronic check,DSL,3,71.16,213.48,1,0,
CUST-001909,2025-04-14,Midwest,Month-to-month,Credit card,Fiber optic,3,73.48,220.44,0,1,Poor customer service
CUST-001910,2022-03-09,West,One year,Electronic check,No internet,21,53.46,1122.66,1,0,
CUST-001911,2024-07-18,West,Month-to-month,Mailed check,Fiber optic,6,94.6,567.6,0,1,Moving / relocation
CUST-001912,2024-02-19,Midwest,Two year,Bank transfer,Fiber optic,31,74.9,2321.9,0,0,
CUST-001913,2024-11-13,Northeast,Month-to-month,Bank transfer,Fiber optic,1,69.11,69.11,0,1,Price too high
CUST-001914,2025-06-08,South,One year,Bank transfer,DSL,27,46.68,1260.36,2,0,
CUST-001915,2025-04-24,Midwest,Month-to-month,Mailed check,Fiber optic,5,71.52,357.6,2,1,Poor customer service
CUST-001916,2025-02-21,Midwest,Two year,Bank transfer,Fiber optic,4,38.25,153.0,2,0,
CUST-001917,2024-05-15,South,Two year,Bank transfer,Fiber optic,21,58.2,1222.2,1,0,
CUST-001918,2024-02-23,West,One year,Mailed check,Fiber optic,33,58.55,1932.15,3,0,
CUST-001919,2024-10-05,South,Two year,Bank transfer,DSL,16,76.85,1229.6,2,0,
CUST-001920,2024-07-23,South,One year,Mailed check,DSL,15,127.94,1919.1,0,1,Poor customer service
CUST-001921,2024-02-03,South,Two year,Mailed check,DSL,29,84.18,2441.22,2,0,
CUST-001922,2025-11-27,Midwest,Month-to-month,Electronic check,Fiber optic,1,111.44,111.44,0,0,
CUST-001923,2023-03-28,South,Month-to-month,Electronic check,No internet,4,86.18,344.72,1,1,Price too high
CUST-001924,2025-11-14,Northeast,Month-to-month,Credit card,Fiber optic,8,100.49,803.92,1,0,
CUST-001925,2024-11-18,Northeast,Two year,Credit card,Fiber optic,27,127.01,3429.27,2,0,
CUST-001926,2025-12-24,Northeast,Month-to-month,Electronic check,Fiber optic,10,55.47,554.7,0,0,
CUST-001927,2022-12-28,West,Month-to-month,Electronic check,No internet,8,54.32,434.56,1,0,
CUST-001928,2022-01-25,West,One year,Credit card,DSL,10,86.84,868.4,0,0,
CUST-001929,2023-07-05,South,Two year,Mailed check,Fiber optic,14,70.02,980.28,2,0,
CUST-001930,2024-07-18,Northeast,One year,Mailed check,Fiber optic,34,75.23,2557.82,4,1,Price too high
CUST-001931,2025-10-11,South,One year,Bank transfer,Fiber optic,7,64.74,453.18,3,0,
CUST-001932,2024-12-24,Midwest,Month-to-month,Mailed check,Fiber optic,12,57.93,695.16,0,0,
CUST-001933,2022-12-19,West,Two year,Bank transfer,DSL,4,117.76,471.04,2,0,
CUST-001934,2022-05-31,South,Month-to-month,Credit card,Fiber optic,38,49.31,1873.78,1,1,Poor customer service
CUST-001935,2024-03-25,Midwest,Month-to-month,Bank transfer,Fiber optic,7,87.33,611.31,2,0,
CUST-001936,2023-06-15,South,One year,Bank transfer,DSL,12,82.91,994.92,0,0,
CUST-001937,2023-06-19,South,Month-to-month,Electronic check,DSL,17,42.3,719.1,0,0,
CUST-001938,2022-08-30,West,Two year,Electronic check,Fiber optic,30,53.74,1612.2,1,0,
CUST-001939,2024-03-22,Midwest,Two year,Credit card,Fiber optic,30,56.71,1701.3,0,0,
CUST-001940,2023-07-16,West,Month-to-month,Credit card,No internet,15,83.99,1259.85,0,0,
CUST-001941,2022-08-14,South,Month-to-month,Credit card,DSL,12,62.34,748.08,1,1,Frequent service outages
CUST-001942,2023-10-07,Midwest,Month-to-month,Electronic check,DSL,19,68.21,1295.99,1,0,
CUST-001943,2022-05-25,Midwest,Month-to-month,Credit card,DSL,19,43.97,835.43,1,1,Moving / relocation
CUST-001944,2022-09-18,Midwest,Two year,Electronic check,Fiber optic,3,147.57,442.71,1,0,
CUST-001945,2024-06-28,Northeast,Two year,Bank transfer,Fiber optic,28,71.72,2008.16,1,0,
CUST-001946,2023-12-26,Midwest,Month-to-month,Bank transfer,Fiber optic,9,82.24,740.16,1,0,
CUST-001947,2022-05-20,Northeast,Month-to-month,Mailed check,Fiber optic,12,58.97,707.64,2,0,
CUST-001948,2022-10-02,Midwest,Two year,Bank transfer,DSL,48,56.89,2730.72,1,0,
CUST-001949,2022-03-06,Midwest,One year,Bank transfer,Fiber optic,1,129.29,129.29,0,1,Competitor offered better deal
CUST-001950,2025-09-09,South,Two year,Credit card,Fiber optic,24,37.96,911.04,1,0,
CUST-001951,2023-09-23,South,Month-to-month,Electronic check,Fiber optic,33,76.64,2529.12,2,0,
CUST-001952,2022-09-05,Midwest,One year,Electronic check,DSL,11,47.58,523.38,1,0,
CUST-001953,2023-05-16,Northeast,Month-to-month,Bank transfer,DSL,6,61.58,369.48,1,0,
CUST-001954,2024-01-19,South,Two year,Electronic check,DSL,34,57.16,1943.44,0,0,
CUST-001955,2022-03-21,West,Month-to-month,Electronic check,Fiber optic,18,51.14,920.52,1,1,Moving / relocation
CUST-001956,2023-05-19,South,One year,Electronic check,No internet,17,70.91,1205.47,1,0,
CUST-001957,2023-11-09,South,Month-to-month,Electronic check,No internet,39,30.82,1201.98,2,0,
CUST-001958,2023-09-10,Midwest,One year,Bank transfer,DSL,8,63.37,506.96,1,0,
CUST-001959,2025-12-12,South,Month-to-month,Credit card,DSL,1,68.11,68.11,2,1,Price too high
CUST-001960,2023-07-23,South,Two year,Credit card,Fiber optic,14,45.38,635.32,1,0,
CUST-001961,2022-09-23,Midwest,Month-to-month,Bank transfer,DSL,44,113.78,5006.32,2,0,
CUST-001962,2025-11-30,West,Two year,Electronic check,No internet,25,57.96,1449.0,0,0,
CUST-001963,2025-11-19,Northeast,Month-to-month,Bank transfer,Fiber optic,7,64.98,454.86,3,0,
CUST-001964,2024-08-27,Midwest,Two year,Bank transfer,Fiber optic,26,58.0,1508.0,2,0,
CUST-001965,2025-04-12,West,One year,Credit card,Fiber optic,13,68.3,887.9,0,0,
CUST-001966,2022-03-13,West,One year,Bank transfer,No internet,40,106.55,4262.0,1,1,Price too high
CUST-001967,2024-05-20,Northeast,One year,Bank transfer,DSL,27,150.0,4050.0,1,0,
CUST-001968,2025-05-05,Midwest,Month-to-month,Electronic check,No internet,17,89.0,1513.0,2,0,
CUST-001969,2022-01-02,South,One year,Credit card,DSL,30,99.3,2979.0,3,0,
CUST-001970,2024-03-07,South,One year,Credit card,Fiber optic,12,121.42,1457.04,4,0,
CUST-001971,2022-08-15,West,Month-to-month,Mailed check,DSL,33,75.92,2505.36,1,0,
CUST-001972,2022-06-20,West,Month-to-month,Credit card,Fiber optic,18,115.87,2085.66,1,0,
CUST-001973,2024-08-17,South,One year,Electronic check,Fiber optic,28,90.34,2529.52,2,0,
CUST-001974,2023-11-21,South,Month-to-month,Electronic check,Fiber optic,3,73.41,220.23,0,1,Poor customer service
CUST-001975,2023-09-19,West,Month-to-month,Credit card,DSL,20,78.42,1568.4,0,1,Price too high
CUST-001976,2022-07-15,South,Month-to-month,Bank transfer,Fiber optic,4,39.14,156.56,3,1,Price too high
CUST-001977,2023-04-26,Northeast,Month-to-month,Electronic check,Fiber optic,26,76.97,2001.22,2,1,Moving / relocation
CUST-001978,2024-03-25,South,Two year,Electronic check,No internet,25,42.78,1069.5,1,1,Frequent service outages
CUST-001979,2023-09-04,South,One year,Electronic check,Fiber optic,5,41.68,208.4,2,0,
CUST-001980,2023-06-26,West,Month-to-month,Electronic check,No internet,24,74.57,1789.68,1,1,Poor customer service
CUST-001981,2025-11-10,South,Two year,Bank transfer,DSL,32,49.08,1570.56,2,0,
CUST-001982,2022-04-08,Northeast,Month-to-month,Electronic check,DSL,6,69.95,419.7,3,0,
CUST-001983,2023-08-31,South,Month-to-month,Bank transfer,Fiber optic,4,73.28,293.12,0,1,Price too high
CUST-001984,2024-08-12,West,One year,Bank transfer,Fiber optic,34,74.33,2527.22,3,0,
CUST-001985,2024-05-02,Northeast,Two year,Bank transfer,DSL,33,52.49,1732.17,2,0,
CUST-001986,2022-12-08,Northeast,Month-to-month,Credit card,No internet,47,93.46,4392.62,2,0,
CUST-001987,2024-04-08,Midwest,One year,Electronic check,DSL,23,68.13,1566.99,0,1,Price too high
CUST-001988,2025-01-24,Northeast,Month-to-month,Electronic check,Fiber optic,16,80.73,1291.68,4,1,Price too high
CUST-001989,2024-01-18,South,Month-to-month,Electronic check,DSL,16,47.81,764.96,1,0,
CUST-001990,2025-08-13,Northeast,Two year,Mailed check,No internet,28,66.22,1854.16,1,1,Poor customer service
CUST-001991,2024-09-21,West,Month-to-month,Bank transfer,DSL,5,99.6,498.0,0,1,Price too high
CUST-001992,2022-12-21,Northeast,Month-to-month,Electronic check,Fiber optic,19,95.63,1816.97,0,1,Price too high
CUST-001993,2024-08-05,Northeast,Two year,Bank transfer,Fiber optic,21,54.32,1140.72,1,0,
CUST-001994,2023-03-23,Midwest,One year,Credit card,No internet,28,58.88,1648.64,2,0,
CUST-001995,2023-01-05,South,Month-to-month,Electronic check,Fiber optic,45,51.09,2299.05,2,0,
CUST-001996,2022-03-10,West,Month-to-month,Electronic check,Fiber optic,1,56.82,56.82,0,0,
CUST-001997,2024-12-31,South,Two year,Credit card,DSL,4,44.8,179.2,1,0,
CUST-001998,2023-12-05,West,Two year,Credit card,DSL,42,67.07,2816.94,2,1,Price too high
CUST-001999,2025-04-14,Midwest,One year,Electronic check,Fiber optic,18,85.85,1545.3,3,0,
CUST-002000,2025-05-12,Northeast,Two year,Bank transfer,DSL,21,54.53,1145.13,0,0,
CUST-002001,2023-02-03,West,Two year,Electronic check,No internet,25,68.1,1702.5,3,0,
CUST-002002,2022-06-10,South,One year,Bank transfer,No internet,5,65.33,326.65,2,0,
CUST-002003,2024-11-29,South,Month-to-month,Bank transfer,Fiber optic,4,98.26,393.04,0,1,Moving / relocation
CUST-002004,2022-09-03,South,One year,Electronic check,No internet,6,57.64,345.84,2,0,
CUST-002005,2024-09-22,Northeast,Two year,Electronic check,DSL,29,58.32,1691.28,2,0,
CUST-002006,2024-12-23,Midwest,Month-to-month,Bank transfer,Fiber optic,10,53.48,534.8,0,0,
CUST-002007,2024-10-22,Midwest,Month-to-month,Bank transfer,Fiber optic,27,48.72,1315.44,0,1,Competitor offered better deal
CUST-002008,2024-07-21,Midwest,Month-to-month,Credit card,No internet,8,83.04,664.32,1,1,Poor customer service
CUST-002009,2022-11-20,Midwest,One year,Bank transfer,Fiber optic,25,67.14,1678.5,1,0,
CUST-002010,2022-10-19,South,Two year,Credit card,Fiber optic,3,71.35,214.05,3,1,Poor customer service
CUST-002011,2024-08-20,West,One year,Bank transfer,DSL,7,105.41,737.87,2,1,Moving / relocation
CUST-002012,2022-09-08,West,One year,Bank transfer,DSL,24,107.37,2576.88,2,0,
CUST-002013,2023-11-24,Northeast,One year,Electronic check,Fiber optic,12,41.4,496.8,3,0,
CUST-002014,2022-04-13,West,Two year,Electronic check,DSL,32,86.25,2760.0,2,0,
CUST-002015,2023-01-05,Midwest,Two year,Bank transfer,DSL,47,75.35,3541.45,2,0,
CUST-002016,2022-01-26,South,Month-to-month,Electronic check,DSL,23,60.48,1391.04,2,0,
CUST-002017,2023-03-04,Northeast,One year,Electronic check,DSL,19,77.86,1479.34,1,0,
CUST-002018,2023-09-10,Northeast,One year,Electronic check,Fiber optic,38,40.35,1533.3,4,1,Poor customer service
CUST-002019,2022-05-23,West,Month-to-month,Credit card,No internet,5,111.95,559.75,2,1,Poor customer service
CUST-002020,2022-06-07,South,One year,Bank transfer,DSL,34,82.66,2810.44,1,0,
CUST-002021,2025-01-06,Midwest,Month-to-month,Credit card,Fiber optic,19,53.15,1009.85,1,0,
CUST-002022,2023-03-03,West,Month-to-month,Credit card,Fiber optic,37,58.13,2150.81,1,0,
CUST-002023,2023-10-06,West,One year,Bank transfer,DSL,47,40.65,1910.55,1,0,
CUST-002024,2025-06-30,Midwest,Two year,Bank transfer,Fiber optic,34,63.4,2155.6,0,0,
CUST-002025,2022-03-17,Midwest,Month-to-month,Bank transfer,DSL,6,60.07,360.42,0,1,Price too high
CUST-002026,2022-03-14,Midwest,One year,Bank transfer,Fiber optic,1,45.88,45.88,2,0,
CUST-002027,2023-06-13,South,Month-to-month,Credit card,DSL,9,89.89,809.01,2,0,
CUST-002028,2025-03-10,Midwest,Two year,Credit card,Fiber optic,31,105.49,3270.19,1,0,
CUST-002029,2025-11-14,South,Two year,Bank transfer,DSL,26,69.49,1806.74,1,0,
CUST-002030,2023-07-12,West,Two year,Credit card,DSL,6,63.57,381.42,0,1,Moving / relocation
CUST-002031,2023-03-09,West,One year,Bank transfer,Fiber optic,35,80.58,2820.3,2,0,
CUST-002032,2023-08-25,South,Month-to-month,Mailed check,No internet,3,69.67,209.01,1,1,Price too high
CUST-002033,2024-02-21,West,Month-to-month,Electronic check,DSL,7,49.59,347.13,1,0,
CUST-002034,2025-11-22,Midwest,Month-to-month,Electronic check,DSL,8,56.89,455.12,2,0,
CUST-002035,2022-12-01,South,One year,Electronic check,Fiber optic,22,63.76,1402.72,0,1,Frequent service outages
CUST-002036,2024-04-10,Midwest,Month-to-month,Bank transfer,DSL,40,75.9,3036.0,1,0,
CUST-002037,2025-07-17,Midwest,Month-to-month,Electronic check,No internet,25,70.32,1758.0,0,0,
CUST-002038,2022-02-23,South,One year,Credit card,Fiber optic,3,74.99,224.97,2,0,
CUST-002039,2024-07-11,West,Month-to-month,Electronic check,No internet,34,43.04,1463.36,0,1,Price too high
CUST-002040,2025-03-05,South,Two year,Electronic check,Fiber optic,33,86.74,2862.42,2,0,
CUST-002041,2023-05-25,South,Month-to-month,Bank transfer,DSL,21,70.18,1473.78,1,1,Price too high
CUST-002042,2024-03-21,Midwest,One year,Electronic check,DSL,47,150.0,7050.0,0,0,
CUST-002043,2025-05-03,West,One year,Electronic check,Fiber optic,25,61.93,1548.25,3,0,
CUST-002044,2025-02-09,South,One year,Electronic check,DSL,43,77.75,3343.25,2,0,
CUST-002045,2024-07-10,West,Two year,Bank transfer,Fiber optic,20,150.0,3000.0,0,0,
CUST-002046,2022-08-09,West,Two year,Electronic check,No internet,7,74.6,522.2,1,1,Price too high
CUST-002047,2022-10-24,South,One year,Bank transfer,DSL,31,68.6,2126.6,1,0,
CUST-002048,2023-01-19,South,One year,Electronic check,DSL,39,51.12,1993.68,1,0,
CUST-002049,2024-10-10,Northeast,Two year,Electronic check,Fiber optic,7,114.32,800.24,0,0,
CUST-002050,2025-08-23,Midwest,Month-to-month,Electronic check,No internet,41,48.38,1983.58,0,1,Frequent service outages
CUST-002051,2024-01-23,South,Month-to-month,Electronic check,No internet,6,80.37,482.22,1,1,Frequent service outages
CUST-002052,2023-09-21,Northeast,One year,Credit card,DSL,22,60.25,1325.5,2,0,
CUST-002053,2025-11-13,West,Two year,Mailed check,Fiber optic,27,65.98,1781.46,2,0,
CUST-002054,2024-01-17,Midwest,Month-to-month,Bank transfer,Fiber optic,8,44.45,355.6,3,0,
CUST-002055,2024-09-30,West,Month-to-month,Credit card,Fiber optic,35,107.75,3771.25,0,0,
CUST-002056,2024-07-28,West,Two year,Electronic check,DSL,6,64.14,384.84,0,0,
CUST-002057,2025-06-09,Midwest,Two year,Credit card,Fiber optic,28,47.52,1330.56,1,1,Moving / relocation
CUST-002058,2024-02-11,Northeast,Two year,Bank transfer,Fiber optic,45,104.68,4710.6,4,1,Poor customer service
CUST-002059,2023-06-19,Northeast,One year,Bank transfer,Fiber optic,10,59.66,596.6,0,0,
CUST-002060,2025-01-01,Northeast,Two year,Credit card,Fiber optic,9,78.03,702.27,1,0,
CUST-002061,2022-03-24,Midwest,One year,Electronic check,DSL,21,91.77,1927.17,1,0,
CUST-002062,2022-11-23,Northeast,One year,Bank transfer,DSL,18,81.59,1468.62,1,1,Competitor offered better deal
CUST-002063,2022-06-13,South,Month-to-month,Bank transfer,No internet,3,34.71,104.13,2,0,
CUST-002064,2025-09-07,South,Month-to-month,Bank transfer,Fiber optic,22,87.58,1926.76,2,0,
CUST-002065,2025-07-06,West,Two year,Electronic check,Fiber optic,13,67.88,882.44,2,0,
CUST-002066,2022-03-20,West,Month-to-month,Electronic check,Fiber optic,6,63.1,378.6,0,1,Price too high
CUST-002067,2022-12-19,Northeast,Month-to-month,Credit card,DSL,14,67.7,947.8,3,0,
CUST-002068,2023-12-31,West,Month-to-month,Bank transfer,No internet,1,41.88,41.88,1,0,
CUST-002069,2025-11-11,South,Two year,Electronic check,Fiber optic,24,74.55,1789.2,0,0,
CUST-002070,2025-12-28,South,One year,Electronic check,Fiber optic,31,45.3,1404.3,1,0,
CUST-002071,2024-05-22,Midwest,One year,Bank transfer,No internet,14,63.98,895.72,3,0,
CUST-002072,2024-08-20,South,Month-to-month,Electronic check,DSL,43,73.7,3169.1,0,0,
CUST-002073,2023-04-22,Midwest,One year,Electronic check,Fiber optic,23,98.86,2273.78,2,0,
CUST-002074,2023-12-06,Midwest,Two year,Credit card,Fiber optic,25,53.93,1348.25,2,0,
CUST-002075,2025-09-23,Midwest,Two year,Electronic check,Fiber optic,9,111.55,1003.95,2,0,
CUST-002076,2025-10-23,Northeast,Two year,Electronic check,Fiber optic,14,94.92,1328.88,1,0,
CUST-002077,2024-03-05,Midwest,Two year,Bank transfer,DSL,34,61.1,2077.4,1,0,
CUST-002078,2022-04-24,South,One year,Electronic check,DSL,11,49.17,540.87,3,0,
CUST-002079,2023-04-14,Midwest,One year,Electronic check,Fiber optic,19,44.17,839.23,2,0,
CUST-002080,2023-09-10,South,Month-to-month,Bank transfer,DSL,10,76.47,764.7,1,1,Price too high
CUST-002081,2023-03-23,South,One year,Bank transfer,Fiber optic,20,55.37,1107.4,0,0,
CUST-002082,2025-08-13,West,One year,Mailed check,Fiber optic,7,102.9,720.3,1,1,Moving / relocation
CUST-002083,2024-02-06,Midwest,One year,Credit card,Fiber optic,24,56.4,1353.6,0,0,
CUST-002084,2024-09-20,West,Month-to-month,Credit card,Fiber optic,1,52.55,52.55,2,0,
CUST-002085,2025-03-11,Northeast,Month-to-month,Bank transfer,No internet,10,75.55,755.5,0,0,
CUST-002086,2023-06-23,Northeast,One year,Bank transfer,Fiber optic,38,56.29,2139.02,1,0,
CUST-002087,2025-04-14,Midwest,One year,Credit card,Fiber optic,40,70.3,2812.0,0,0,
CUST-002088,2025-11-29,West,One year,Electronic check,DSL,48,96.11,4613.28,0,0,
CUST-002089,2023-05-14,South,Month-to-month,Bank transfer,Fiber optic,22,72.79,1601.38,1,0,
CUST-002090,2025-01-14,Midwest,Two year,Electronic check,Fiber optic,2,72.87,145.74,2,1,Competitor offered better deal
CUST-002091,2024-04-01,Northeast,Month-to-month,Electronic check,Fiber optic,23,74.86,1721.78,2,0,
CUST-002092,2025-11-28,West,Two year,Credit card,Fiber optic,19,40.78,774.82,0,0,
CUST-002093,2024-10-04,West,One year,Electronic check,Fiber optic,40,79.47,3178.8,1,0,
CUST-002094,2024-05-02,Midwest,Two year,Mailed check,DSL,15,73.79,1106.85,1,0,
CUST-002095,2025-04-19,Northeast,One year,Electronic check,Fiber optic,12,93.29,1119.48,1,0,
CUST-002096,2022-01-12,West,Two year,Bank transfer,Fiber optic,5,85.1,425.5,1,0,
CUST-002097,2025-07-11,Midwest,Two year,Credit card,DSL,16,65.72,1051.52,0,0,
CUST-002098,2025-11-21,Midwest,One year,Mailed check,Fiber optic,13,97.55,1268.15,3,1,Competitor offered better deal
CUST-002099,2025-02-28,West,Month-to-month,Credit card,Fiber optic,21,63.84,1340.64,1,0,
CUST-002100,2025-04-18,South,One year,Mailed check,Fiber optic,18,75.88,1365.84,0,0,
CUST-002101,2023-06-03,Northeast,One year,Credit card,Fiber optic,35,63.46,2221.1,1,0,
CUST-002102,2024-03-14,South,Two year,Credit card,DSL,21,81.27,1706.67,1,0,
CUST-002103,2022-08-18,South,Two year,Electronic check,Fiber optic,8,62.15,497.2,1,0,
CUST-002104,2022-08-24,Midwest,Month-to-month,Credit card,Fiber optic,10,118.77,1187.7,1,1,Price too high
CUST-002105,2023-11-10,South,Month-to-month,Electronic check,Fiber optic,3,133.69,401.07,2,1,Price too high
CUST-002106,2025-07-11,Northeast,Month-to-month,Bank transfer,DSL,20,92.73,1854.6,0,0,
CUST-002107,2024-05-03,South,Two year,Electronic check,Fiber optic,37,114.8,4247.6,1,0,
CUST-002108,2024-07-20,South,One year,Mailed check,Fiber optic,10,42.84,428.4,0,1,Moving / relocation
CUST-002109,2025-11-05,South,One year,Credit card,Fiber optic,13,44.49,578.37,0,0,
CUST-002110,2022-01-05,Northeast,One year,Credit card,Fiber optic,2,63.25,126.5,0,0,
CUST-002111,2022-03-14,West,Month-to-month,Bank transfer,Fiber optic,18,71.04,1278.72,2,1,Price too high
CUST-002112,2023-12-23,South,One year,Credit card,Fiber optic,2,65.8,131.6,1,1,Competitor offered better deal
CUST-002113,2022-09-13,West,Two year,Mailed check,DSL,45,41.45,1865.25,4,1,Moving / relocation
CUST-002114,2025-12-06,Midwest,Month-to-month,Electronic check,No internet,7,101.34,709.38,1,0,
CUST-002115,2023-04-02,West,One year,Credit card,DSL,32,139.68,4469.76,1,0,
CUST-002116,2024-05-06,Northeast,Month-to-month,Electronic check,Fiber optic,15,105.63,1584.45,0,1,Moving / relocation
CUST-002117,2022-01-02,West,One year,Credit card,DSL,12,99.22,1190.64,4,0,
CUST-002118,2024-11-04,West,Two year,Electronic check,Fiber optic,39,75.37,2939.43,2,0,
CUST-002119,2025-12-04,South,Month-to-month,Electronic check,DSL,6,53.53,321.18,1,0,
CUST-002120,2024-08-19,Northeast,Month-to-month,Mailed check,DSL,43,71.75,3085.25,1,0,
CUST-002121,2023-11-07,West,One year,Mailed check,DSL,36,137.52,4950.72,2,0,
CUST-002122,2024-01-28,South,One year,Electronic check,Fiber optic,31,62.64,1941.84,3,1,Poor customer service
CUST-002123,2023-10-05,South,One year,Electronic check,DSL,42,60.61,2545.62,0,1,Price too high
CUST-002124,2024-10-08,South,One year,Electronic check,DSL,20,99.92,1998.4,2,1,Poor customer service
CUST-002125,2022-07-23,Midwest,Month-to-month,Credit card,DSL,14,102.06,1428.84,1,1,Competitor offered better deal
CUST-002126,2022-10-14,Northeast,Two year,Bank transfer,DSL,8,53.45,427.6,1,0,
CUST-002127,2024-04-07,West,Month-to-month,Electronic check,Fiber optic,23,64.48,1483.04,1,0,
CUST-002128,2023-05-09,Midwest,One year,Electronic check,Fiber optic,20,59.7,1194.0,0,0,
CUST-002129,2025-06-27,South,Month-to-month,Electronic check,Fiber optic,5,71.69,358.45,1,1,Competitor offered better deal
CUST-002130,2025-07-23,South,Month-to-month,Mailed check,Fiber optic,16,99.8,1596.8,1,1,Competitor offered better deal
CUST-002131,2025-10-06,West,One year,Bank transfer,Fiber optic,46,54.2,2493.2,3,0,
CUST-002132,2023-01-30,Midwest,Two year,Electronic check,Fiber optic,42,99.35,4172.7,0,0,
CUST-002133,2023-03-20,West,Two year,Credit card,Fiber optic,15,72.42,1086.3,1,0,
CUST-002134,2023-09-01,Northeast,Month-to-month,Electronic check,Fiber optic,24,147.58,3541.92,0,0,
CUST-002135,2025-02-23,West,One year,Mailed check,Fiber optic,32,77.64,2484.48,2,1,Poor customer service
CUST-002136,2022-06-01,West,One year,Bank transfer,No internet,11,67.96,747.56,0,0,
CUST-002137,2024-10-31,West,Month-to-month,Mailed check,Fiber optic,2,84.26,168.52,2,0,
CUST-002138,2025-09-21,Northeast,One year,Electronic check,DSL,2,62.94,125.88,2,0,
CUST-002139,2025-07-10,South,One year,Mailed check,Fiber optic,29,39.47,1144.63,4,1,Competitor offered better deal
CUST-002140,2023-01-29,West,Two year,Bank transfer,Fiber optic,7,64.91,454.37,2,0,
CUST-002141,2023-08-16,West,One year,Credit card,Fiber optic,17,64.59,1098.03,2,0,
CUST-002142,2024-04-28,West,Month-to-month,Mailed check,Fiber optic,45,42.12,1895.4,1,0,
CUST-002143,2023-03-29,South,Month-to-month,Credit card,No internet,4,68.49,273.96,3,0,
CUST-002144,2023-08-06,West,Month-to-month,Bank transfer,Fiber optic,3,36.18,108.54,4,0,
CUST-002145,2023-06-08,Northeast,One year,Bank transfer,Fiber optic,21,62.72,1317.12,0,0,
CUST-002146,2023-05-22,Northeast,One year,Electronic check,DSL,1,75.79,75.79,1,0,
CUST-002147,2023-06-08,South,Month-to-month,Credit card,DSL,2,72.32,144.64,3,0,
CUST-002148,2022-09-03,West,Month-to-month,Electronic check,DSL,9,61.46,553.14,2,1,Price too high
CUST-002149,2023-11-15,Northeast,Month-to-month,Mailed check,Fiber optic,5,68.21,341.05,0,0,
CUST-002150,2025-12-26,West,One year,Bank transfer,No internet,39,54.55,2127.45,1,0,
CUST-002151,2023-01-03,Midwest,Month-to-month,Credit card,Fiber optic,6,70.35,422.1,2,0,
CUST-002152,2023-02-27,South,One year,Mailed check,Fiber optic,24,71.42,1714.08,2,0,
CUST-002153,2022-12-08,South,One year,Electronic check,DSL,34,52.56,1787.04,0,0,
CUST-002154,2023-08-03,West,Two year,Credit card,No internet,31,76.38,2367.78,0,0,
CUST-002155,2022-04-02,South,Two year,Credit card,No internet,32,76.22,2439.04,1,1,Moving / relocation
CUST-002156,2022-10-09,Midwest,One year,Bank transfer,DSL,18,66.47,1196.46,0,0,
CUST-002157,2023-02-23,West,One year,Mailed check,No internet,32,150.0,4800.0,1,0,
CUST-002158,2024-07-05,West,Month-to-month,Mailed check,Fiber optic,4,67.02,268.08,1,0,
CUST-002159,2023-05-19,South,Month-to-month,Credit card,No internet,6,64.11,384.66,2,0,
CUST-002160,2022-05-06,West,Two year,Electronic check,DSL,25,61.24,1531.0,2,0,
CUST-002161,2024-02-19,Northeast,One year,Credit card,Fiber optic,4,51.38,205.52,3,1,Price too high
CUST-002162,2024-08-26,South,Two year,Bank transfer,Fiber optic,10,87.31,873.1,0,0,
CUST-002163,2024-07-17,Midwest,Month-to-month,Credit card,DSL,9,56.28,506.52,1,1,Price too high
CUST-002164,2024-01-06,South,Month-to-month,Bank transfer,Fiber optic,2,58.45,116.9,2,0,
CUST-002165,2022-11-15,Midwest,One year,Electronic check,No internet,6,59.01,354.06,1,0,
CUST-002166,2024-08-03,Northeast,Month-to-month,Credit card,No internet,28,51.15,1432.2,3,1,Frequent service outages
CUST-002167,2025-05-18,South,Month-to-month,Credit card,DSL,23,40.03,920.69,0,0,
CUST-002168,2022-01-07,South,Month-to-month,Credit card,Fiber optic,4,60.45,241.8,3,1,Moving / relocation
CUST-002169,2024-11-27,South,Two year,Electronic check,DSL,46,92.71,4264.66,2,0,
CUST-002170,2024-09-10,West,Month-to-month,Mailed check,DSL,5,74.67,373.35,1,0,
CUST-002171,2023-03-03,West,Month-to-month,Credit card,Fiber optic,2,115.51,231.02,0,0,
CUST-002172,2022-03-08,West,One year,Bank transfer,Fiber optic,39,89.15,3476.85,2,0,
CUST-002173,2024-02-05,Midwest,Two year,Electronic check,DSL,25,82.9,2072.5,0,1,Poor customer service
CUST-002174,2025-09-02,West,Two year,Electronic check,Fiber optic,24,128.05,3073.2,0,0,
CUST-002175,2025-01-27,South,One year,Electronic check,Fiber optic,6,67.96,407.76,3,0,
CUST-002176,2025-03-05,West,Two year,Electronic check,Fiber optic,12,71.53,858.36,4,0,
CUST-002177,2023-08-09,Midwest,One year,Mailed check,Fiber optic,8,69.85,558.8,1,0,
CUST-002178,2022-07-01,Northeast,Two year,Credit card,DSL,17,114.89,1953.13,2,1,Poor customer service
CUST-002179,2024-03-23,South,Month-to-month,Bank transfer,Fiber optic,2,70.16,140.32,0,1,Frequent service outages
CUST-002180,2024-03-23,Northeast,Two year,Electronic check,DSL,33,56.97,1880.01,3,0,
CUST-002181,2024-03-31,West,Two year,Bank transfer,No internet,33,84.61,2792.13,4,0,
CUST-002182,2025-10-29,South,Month-to-month,Mailed check,DSL,4,53.99,215.96,2,0,
CUST-002183,2025-01-24,South,Month-to-month,Credit card,DSL,3,83.16,249.48,1,1,Moving / relocation
CUST-002184,2022-12-21,Northeast,Month-to-month,Credit card,Fiber optic,6,80.03,480.18,0,1,Competitor offered better deal
CUST-002185,2025-02-06,Midwest,Month-to-month,Electronic check,Fiber optic,3,65.98,197.94,2,1,Frequent service outages
CUST-002186,2022-04-17,Midwest,Month-to-month,Credit card,DSL,21,84.02,1764.42,2,0,
CUST-002187,2023-07-15,Northeast,Month-to-month,Electronic check,No internet,7,43.55,304.85,1,1,Moving / relocation
CUST-002188,2023-09-10,Northeast,Month-to-month,Bank transfer,No internet,19,73.86,1403.34,1,0,
CUST-002189,2023-07-26,South,Month-to-month,Credit card,Fiber optic,9,60.46,544.14,2,0,
CUST-002190,2022-07-21,Northeast,Two year,Credit card,Fiber optic,43,150.0,6450.0,0,0,
CUST-002191,2023-02-02,South,Two year,Electronic check,DSL,27,73.69,1989.63,1,0,
CUST-002192,2025-02-09,South,Two year,Electronic check,No internet,18,57.93,1042.74,1,0,
CUST-002193,2022-01-29,Midwest,Month-to-month,Electronic check,No internet,21,45.1,947.1,1,1,Price too high
CUST-002194,2025-08-25,West,Month-to-month,Electronic check,No internet,4,106.46,425.84,2,1,Price too high
CUST-002195,2025-04-23,South,Month-to-month,Electronic check,Fiber optic,3,62.68,188.04,3,1,Price too high
CUST-002196,2023-10-19,West,Two year,Electronic check,DSL,26,54.42,1414.92,2,0,
CUST-002197,2022-10-18,Midwest,Month-to-month,Bank transfer,Fiber optic,2,78.07,156.14,0,1,Price too high
CUST-002198,2025-12-28,Northeast,Two year,Electronic check,Fiber optic,31,86.31,2675.61,3,0,
CUST-002199,2025-11-01,Northeast,Month-to-month,Mailed check,DSL,19,85.87,1631.53,0,1,Competitor offered better deal
CUST-002200,2022-10-05,Midwest,Month-to-month,Bank transfer,Fiber optic,7,70.55,493.85,4,0,
CUST-002201,2025-03-23,Midwest,Month-to-month,Electronic check,Fiber optic,26,73.77,1918.02,5,0,
CUST-002202,2025-09-02,Northeast,Month-to-month,Bank transfer,Fiber optic,1,75.51,75.51,0,1,Price too high
CUST-002203,2025-05-03,Midwest,Month-to-month,Credit card,Fiber optic,3,78.07,234.21,0,1,Frequent service outages
CUST-002204,2023-04-18,Northeast,Two year,Bank transfer,Fiber optic,10,80.32,803.2,3,1,Competitor offered better deal
CUST-002205,2024-06-22,West,Month-to-month,Bank transfer,DSL,27,99.51,2686.77,1,0,
CUST-002206,2025-08-10,Midwest,One year,Bank transfer,Fiber optic,41,71.38,2926.58,3,0,
CUST-002207,2024-06-10,South,Month-to-month,Bank transfer,DSL,10,53.98,539.8,1,0,
CUST-002208,2025-08-14,West,Two year,Bank transfer,DSL,41,66.94,2744.54,1,1,Moving / relocation
CUST-002209,2022-10-05,West,One year,Credit card,Fiber optic,17,89.23,1516.91,0,0,
CUST-002210,2023-05-25,South,One year,Credit card,DSL,10,39.58,395.8,1,0,
CUST-002211,2025-11-11,Midwest,One year,Mailed check,Fiber optic,43,39.65,1704.95,1,1,Frequent service outages
CUST-002212,2022-01-30,West,Two year,Mailed check,No internet,47,94.05,4420.35,5,0,
CUST-002213,2025-05-11,West,Month-to-month,Credit card,No internet,12,114.03,1368.36,4,0,
CUST-002214,2023-03-19,West,One year,Bank transfer,No internet,9,46.77,420.93,0,0,
CUST-002215,2022-08-01,South,One year,Bank transfer,DSL,1,72.4,72.4,1,1,Poor customer service
CUST-002216,2023-09-30,Northeast,Month-to-month,Electronic check,DSL,7,61.69,431.83,2,0,
CUST-002217,2023-08-19,South,Month-to-month,Electronic check,Fiber optic,3,64.49,193.47,0,0,
CUST-002218,2025-12-08,Midwest,One year,Bank transfer,No internet,18,77.31,1391.58,1,0,
CUST-002219,2023-06-12,Northeast,Month-to-month,Credit card,Fiber optic,21,46.35,973.35,1,0,
CUST-002220,2024-10-04,Midwest,Month-to-month,Mailed check,DSL,14,49.19,688.66,3,1,Price too high
CUST-002221,2023-04-13,Midwest,One year,Credit card,Fiber optic,30,63.66,1909.8,1,0,
CUST-002222,2024-07-16,South,Month-to-month,Credit card,DSL,5,66.92,334.6,2,0,
CUST-002223,2025-02-18,Midwest,Month-to-month,Credit card,DSL,2,48.9,97.8,0,0,
CUST-002224,2024-07-31,Northeast,One year,Credit card,Fiber optic,19,90.26,1714.94,2,1,Poor customer service
CUST-002225,2024-07-21,South,One year,Electronic check,Fiber optic,24,61.34,1472.16,3,0,
CUST-002226,2023-08-02,Midwest,One year,Mailed check,DSL,13,61.25,796.25,1,0,
CUST-002227,2024-11-26,South,Month-to-month,Electronic check,No internet,10,76.74,767.4,1,0,
CUST-002228,2024-10-04,Midwest,One year,Mailed check,Fiber optic,46,67.27,3094.42,0,0,
CUST-002229,2023-04-02,Midwest,Two year,Electronic check,DSL,21,91.65,1924.65,2,0,
CUST-002230,2023-02-13,West,Month-to-month,Credit card,DSL,20,52.0,1040.0,1,0,
CUST-002231,2022-03-16,South,Month-to-month,Credit card,Fiber optic,4,44.83,179.32,2,1,Poor customer service
CUST-002232,2025-01-04,West,One year,Electronic check,Fiber optic,6,63.49,380.94,1,0,
CUST-002233,2022-01-24,South,One year,Bank transfer,DSL,23,71.47,1643.81,3,0,
CUST-002234,2024-08-10,West,Month-to-month,Bank transfer,Fiber optic,10,47.13,471.3,4,0,
CUST-002235,2023-08-28,South,Month-to-month,Bank transfer,No internet,33,44.97,1484.01,2,1,Frequent service outages
CUST-002236,2024-12-26,Northeast,One year,Credit card,Fiber optic,7,74.32,520.24,1,0,
CUST-002237,2022-05-13,South,One year,Electronic check,DSL,18,55.01,990.18,5,0,
CUST-002238,2022-08-10,South,One year,Electronic check,Fiber optic,20,44.04,880.8,1,1,Poor customer service
CUST-002239,2025-02-04,West,One year,Credit card,DSL,23,95.48,2196.04,1,1,Price too high
CUST-002240,2024-03-17,South,Month-to-month,Electronic check,Fiber optic,1,57.27,57.27,4,0,
CUST-002241,2025-09-03,Midwest,One year,Credit card,Fiber optic,12,101.29,1215.48,1,0,
CUST-002242,2022-10-08,South,Month-to-month,Electronic check,DSL,3,70.75,212.25,2,1,Competitor offered better deal
CUST-002243,2022-02-02,South,Two year,Bank transfer,DSL,25,77.04,1926.0,1,0,
CUST-002244,2023-04-01,South,One year,Bank transfer,DSL,9,65.52,589.68,2,0,
CUST-002245,2022-10-08,Midwest,Month-to-month,Credit card,Fiber optic,7,29.97,209.79,2,0,
CUST-002246,2025-03-02,Midwest,Two year,Electronic check,Fiber optic,33,48.73,1608.09,1,0,
CUST-002247,2024-04-26,West,One year,Credit card,Fiber optic,9,67.34,606.06,1,0,
CUST-002248,2023-09-02,South,Month-to-month,Credit card,Fiber optic,13,78.78,1024.14,1,1,Poor customer service
CUST-002249,2025-11-06,West,One year,Credit card,Fiber optic,12,39.54,474.48,0,0,
CUST-002250,2022-03-14,West,Month-to-month,Credit card,Fiber optic,4,68.91,275.64,1,0,
CUST-002251,2025-03-04,West,Month-to-month,Credit card,DSL,12,48.95,587.4,1,0,
CUST-002252,2025-07-27,Midwest,One year,Credit card,Fiber optic,16,75.57,1209.12,2,0,
CUST-002253,2022-01-06,Northeast,Month-to-month,Bank transfer,Fiber optic,18,69.67,1254.06,3,0,
CUST-002254,2022-06-06,West,One year,Credit card,DSL,12,88.94,1067.28,3,0,
CUST-002255,2022-09-21,South,One year,Credit card,DSL,22,98.63,2169.86,2,0,
CUST-002256,2023-12-28,Midwest,One year,Bank transfer,DSL,1,81.2,81.2,1,0,
CUST-002257,2023-09-03,West,Two year,Electronic check,Fiber optic,46,92.33,4247.18,1,0,
CUST-002258,2023-11-26,South,Two year,Electronic check,DSL,26,62.67,1629.42,1,0,
CUST-002259,2025-02-12,West,Month-to-month,Credit card,Fiber optic,1,150.0,150.0,1,0,
CUST-002260,2023-08-07,South,Two year,Credit card,DSL,6,47.46,284.76,0,0,
CUST-002261,2025-12-28,South,Month-to-month,Electronic check,No internet,2,59.21,118.42,4,0,
CUST-002262,2022-01-08,Midwest,One year,Credit card,DSL,14,93.54,1309.56,1,0,
CUST-002263,2022-09-20,Midwest,Month-to-month,Electronic check,No internet,3,89.2,267.6,0,0,
CUST-002264,2023-01-07,South,One year,Mailed check,Fiber optic,31,81.94,2540.14,1,0,
CUST-002265,2022-06-07,Midwest,One year,Credit card,Fiber optic,8,87.02,696.16,1,0,
CUST-002266,2022-08-16,Midwest,One year,Credit card,Fiber optic,7,35.99,251.93,2,0,
CUST-002267,2022-05-28,Midwest,Month-to-month,Bank transfer,Fiber optic,15,116.58,1748.7,1,1,Poor customer service
CUST-002268,2022-08-27,West,Month-to-month,Credit card,Fiber optic,13,65.68,853.84,0,1,Poor customer service
CUST-002269,2023-08-10,West,Month-to-month,Credit card,No internet,9,104.45,940.05,1,1,Competitor offered better deal
CUST-002270,2022-07-04,Northeast,Two year,Credit card,Fiber optic,16,36.57,585.12,2,0,
CUST-002271,2023-12-10,South,One year,Credit card,No internet,24,76.1,1826.4,3,0,
CUST-002272,2025-04-18,Midwest,Month-to-month,Mailed check,No internet,12,58.54,702.48,3,0,
CUST-002273,2023-12-25,Midwest,One year,Electronic check,DSL,14,84.19,1178.66,3,1,Competitor offered better deal
CUST-002274,2022-05-28,Northeast,Two year,Electronic check,No internet,34,77.59,2638.06,0,0,
CUST-002275,2024-02-07,Midwest,One year,Electronic check,Fiber optic,13,78.82,1024.66,1,0,
CUST-002276,2023-05-02,Midwest,One year,Electronic check,No internet,10,49.96,499.6,1,1,Moving / relocation
CUST-002277,2025-05-05,Midwest,Month-to-month,Electronic check,DSL,16,68.84,1101.44,1,1,Price too high
CUST-002278,2024-04-27,Midwest,Month-to-month,Electronic check,DSL,4,66.18,264.72,1,1,Price too high
CUST-002279,2023-01-10,South,One year,Bank transfer,DSL,8,82.15,657.2,1,1,Poor customer service
CUST-002280,2022-03-01,West,One year,Electronic check,No internet,22,96.21,2116.62,0,0,
CUST-002281,2023-09-25,South,Two year,Mailed check,No internet,34,73.56,2501.04,0,0,
CUST-002282,2024-02-07,Northeast,Month-to-month,Electronic check,Fiber optic,10,46.6,466.0,1,1,Moving / relocation
CUST-002283,2022-04-05,South,Two year,Electronic check,Fiber optic,24,72.56,1741.44,3,1,Price too high
CUST-002284,2023-11-09,West,Month-to-month,Bank transfer,Fiber optic,8,150.0,1200.0,1,0,
CUST-002285,2024-12-26,South,Two year,Credit card,DSL,38,118.71,4510.98,2,0,
CUST-002286,2025-06-07,West,Month-to-month,Bank transfer,Fiber optic,5,27.06,135.3,2,0,
CUST-002287,2024-11-19,Northeast,One year,Bank transfer,DSL,23,71.54,1645.42,3,0,
CUST-002288,2022-06-19,Midwest,Two year,Credit card,Fiber optic,31,94.47,2928.57,1,0,
CUST-002289,2023-02-01,South,Month-to-month,Bank transfer,No internet,13,66.13,859.69,1,0,
CUST-002290,2022-03-27,Midwest,Two year,Electronic check,DSL,30,60.51,1815.3,2,0,
CUST-002291,2024-03-14,Northeast,Two year,Electronic check,DSL,29,64.37,1866.73,4,1,Price too high
CUST-002292,2022-08-03,West,Month-to-month,Bank transfer,Fiber optic,24,83.65,2007.6,1,1,Moving / relocation
CUST-002293,2022-05-03,Midwest,Month-to-month,Bank transfer,DSL,17,48.54,825.18,1,0,
CUST-002294,2023-11-27,West,Two year,Credit card,Fiber optic,38,102.55,3896.9,1,0,
CUST-002295,2024-09-26,West,One year,Electronic check,DSL,36,68.86,2478.96,0,1,Price too high
CUST-002296,2022-06-03,Northeast,Month-to-month,Credit card,No internet,16,51.98,831.68,0,1,Competitor offered better deal
CUST-002297,2022-10-07,West,Two year,Bank transfer,DSL,13,100.46,1305.98,1,0,
CUST-002298,2024-06-18,South,One year,Credit card,No internet,36,42.76,1539.36,2,0,
CUST-002299,2024-03-04,West,One year,Bank transfer,Fiber optic,16,58.69,939.04,0,0,
CUST-002300,2025-03-05,Northeast,Two year,Electronic check,DSL,36,58.39,2102.04,3,0,
CUST-002301,2022-04-10,Northeast,One year,Mailed check,No internet,20,139.22,2784.4,2,1,Poor customer service
CUST-002302,2024-03-22,South,One year,Electronic check,DSL,11,56.31,619.41,1,0,
CUST-002303,2023-11-30,Northeast,Month-to-month,Electronic check,No internet,14,35.18,492.52,3,0,
CUST-002304,2023-06-08,South,One year,Credit card,DSL,35,58.2,2037.0,2,1,Price too high
CUST-002305,2024-08-13,West,One year,Mailed check,Fiber optic,10,81.11,811.1,1,1,Moving / relocation
CUST-002306,2023-10-15,West,Two year,Electronic check,Fiber optic,7,90.1,630.7,1,0,
CUST-002307,2025-10-09,Midwest,Month-to-month,Mailed check,DSL,24,145.26,3486.24,2,0,
CUST-002308,2022-12-21,South,Two year,Bank transfer,No internet,12,109.97,1319.64,3,0,
CUST-002309,2025-02-18,Northeast,One year,Electronic check,DSL,23,74.45,1712.35,1,0,
CUST-002310,2025-05-29,Midwest,One year,Electronic check,Fiber optic,21,52.71,1106.91,1,0,
CUST-002311,2025-10-04,Midwest,Month-to-month,Credit card,DSL,11,117.88,1296.68,0,0,
CUST-002312,2023-04-18,South,Month-to-month,Electronic check,DSL,5,62.31,311.55,1,1,Competitor offered better deal
CUST-002313,2023-07-12,Midwest,Two year,Credit card,Fiber optic,27,56.79,1533.33,0,0,
CUST-002314,2025-06-08,Northeast,Month-to-month,Electronic check,DSL,4,61.35,245.4,2,1,Competitor offered better deal
CUST-002315,2024-10-30,Midwest,Month-to-month,Bank transfer,No internet,17,46.96,798.32,3,1,Price too high
CUST-002316,2025-11-12,Northeast,Month-to-month,Bank transfer,DSL,1,60.41,60.41,2,1,Competitor offered better deal
CUST-002317,2023-05-11,Northeast,Two year,Electronic check,Fiber optic,7,65.07,455.49,1,0,
CUST-002318,2023-01-09,South,Month-to-month,Bank transfer,DSL,1,88.57,88.57,2,1,Price too high
CUST-002319,2024-09-09,South,One year,Mailed check,Fiber optic,15,61.92,928.8,2,1,Moving / relocation
CUST-002320,2025-06-07,West,One year,Mailed check,DSL,45,46.73,2102.85,0,0,
CUST-002321,2025-09-11,Midwest,Month-to-month,Credit card,No internet,8,41.96,335.68,0,1,Poor customer service
CUST-002322,2025-05-07,Northeast,Month-to-month,Credit card,DSL,3,74.97,224.91,1,1,Moving / relocation
CUST-002323,2025-11-25,South,One year,Electronic check,No internet,1,71.75,71.75,0,0,
CUST-002324,2024-06-12,South,Two year,Bank transfer,DSL,27,58.71,1585.17,0,1,Poor customer service
CUST-002325,2022-01-05,West,One year,Electronic check,Fiber optic,45,60.37,2716.65,5,0,
CUST-002326,2025-05-03,South,Two year,Electronic check,DSL,17,79.39,1349.63,1,0,
CUST-002327,2023-02-22,West,Month-to-month,Electronic check,DSL,10,109.4,1094.0,3,1,Poor customer service
CUST-002328,2023-09-14,Northeast,Two year,Bank transfer,Fiber optic,13,54.62,710.06,1,1,Price too high
CUST-002329,2024-11-23,West,Month-to-month,Bank transfer,Fiber optic,2,72.13,144.26,2,1,Price too high
CUST-002330,2024-05-30,Midwest,Two year,Bank transfer,DSL,11,95.26,1047.86,1,0,
CUST-002331,2024-08-08,West,Two year,Credit card,Fiber optic,5,54.69,273.45,1,0,
CUST-002332,2023-08-16,Northeast,Two year,Credit card,Fiber optic,32,69.76,2232.32,1,0,
CUST-002333,2023-01-28,Northeast,Month-to-month,Electronic check,Fiber optic,20,69.26,1385.2,0,0,
CUST-002334,2025-12-30,South,One year,Electronic check,No internet,29,46.08,1336.32,1,0,
CUST-002335,2024-09-21,Northeast,Two year,Bank transfer,Fiber optic,36,73.99,2663.64,0,0,
CUST-002336,2024-02-17,South,One year,Mailed check,DSL,23,70.82,1628.86,0,0,
CUST-002337,2023-03-30,Midwest,One year,Electronic check,Fiber optic,33,83.73,2763.09,1,0,
CUST-002338,2022-12-13,South,One year,Electronic check,Fiber optic,17,47.95,815.15,3,1,Frequent service outages
CUST-002339,2024-07-28,South,Month-to-month,Mailed check,Fiber optic,1,70.33,70.33,0,0,
CUST-002340,2024-09-06,South,One year,Bank transfer,Fiber optic,7,109.09,763.63,0,0,
CUST-002341,2025-02-24,South,Month-to-month,Bank transfer,Fiber optic,31,136.29,4224.99,0,0,
CUST-002342,2025-01-12,Midwest,Two year,Credit card,Fiber optic,29,105.6,3062.4,2,0,
CUST-002343,2024-02-06,South,Month-to-month,Credit card,DSL,19,48.1,913.9,2,0,
CUST-002344,2025-06-12,South,Month-to-month,Credit card,Fiber optic,21,80.99,1700.79,1,1,Price too high
CUST-002345,2024-06-10,South,Month-to-month,Mailed check,Fiber optic,27,60.06,1621.62,3,1,Moving / relocation
CUST-002346,2022-01-19,South,Two year,Bank transfer,Fiber optic,19,76.77,1458.63,3,0,
CUST-002347,2022-06-13,South,One year,Electronic check,No internet,24,54.76,1314.24,2,0,
CUST-002348,2024-12-27,South,One year,Credit card,Fiber optic,21,40.52,850.92,1,0,
CUST-002349,2025-07-17,Midwest,One year,Bank transfer,DSL,15,62.79,941.85,1,0,
CUST-002350,2024-02-15,South,One year,Electronic check,DSL,21,88.34,1855.14,2,0,
CUST-002351,2025-10-22,Midwest,Month-to-month,Bank transfer,Fiber optic,11,76.87,845.57,2,0,
CUST-002352,2024-11-27,Northeast,Two year,Bank transfer,Fiber optic,48,79.75,3828.0,2,0,
CUST-002353,2025-03-18,Northeast,One year,Credit card,DSL,26,75.13,1953.38,3,1,Moving / relocation
CUST-002354,2024-02-10,West,One year,Electronic check,No internet,34,79.79,2712.86,1,1,Price too high
CUST-002355,2024-10-03,West,Month-to-month,Mailed check,No internet,23,83.05,1910.15,1,0,
CUST-002356,2023-04-27,West,Two year,Credit card,Fiber optic,18,64.21,1155.78,3,0,
CUST-002357,2025-09-01,South,One year,Bank transfer,Fiber optic,30,71.99,2159.7,2,0,
CUST-002358,2022-02-21,Midwest,Month-to-month,Mailed check,Fiber optic,16,122.47,1959.52,1,1,Frequent service outages
CUST-002359,2022-02-03,West,Two year,Bank transfer,Fiber optic,46,73.37,3375.02,0,1,Moving / relocation
CUST-002360,2023-04-14,South,Month-to-month,Bank transfer,No internet,16,71.07,1137.12,1,0,
CUST-002361,2022-11-03,West,Month-to-month,Electronic check,Fiber optic,2,72.45,144.9,4,1,Price too high
CUST-002362,2024-08-16,Midwest,One year,Electronic check,Fiber optic,2,65.38,130.76,3,0,
CUST-002363,2024-11-19,West,Two year,Mailed check,Fiber optic,47,60.99,2866.53,3,1,Moving / relocation
CUST-002364,2022-01-15,West,One year,Electronic check,No internet,9,74.95,674.55,1,0,
CUST-002365,2022-11-09,South,One year,Mailed check,Fiber optic,19,59.63,1132.97,1,0,
CUST-002366,2025-09-08,Midwest,Month-to-month,Mailed check,Fiber optic,7,66.92,468.44,2,1,Moving / relocation
CUST-002367,2024-07-28,West,Month-to-month,Bank transfer,Fiber optic,25,54.44,1361.0,1,0,
CUST-002368,2023-08-07,South,One year,Bank transfer,Fiber optic,13,72.57,943.41,0,0,
CUST-002369,2023-07-13,West,One year,Mailed check,Fiber optic,12,84.52,1014.24,2,0,
CUST-002370,2022-04-02,South,Month-to-month,Electronic check,No internet,10,65.51,655.1,1,0,
CUST-002371,2023-09-23,Northeast,Month-to-month,Mailed check,DSL,4,36.87,147.48,3,0,
CUST-002372,2025-07-12,South,Month-to-month,Electronic check,DSL,35,84.68,2963.8,3,1,Poor customer service
CUST-002373,2024-03-04,Midwest,Month-to-month,Credit card,Fiber optic,2,72.85,145.7,1,1,Competitor offered better deal
CUST-002374,2022-09-22,West,Month-to-month,Electronic check,Fiber optic,29,51.02,1479.58,3,0,
CUST-002375,2025-12-02,West,Month-to-month,Credit card,DSL,7,89.79,628.53,1,1,Price too high
CUST-002376,2022-03-27,Midwest,One year,Bank transfer,Fiber optic,13,44.81,582.53,0,1,Competitor offered better deal
CUST-002377,2022-01-25,South,One year,Credit card,DSL,34,97.96,3330.64,1,0,
CUST-002378,2022-04-25,South,Month-to-month,Credit card,DSL,10,68.83,688.3,2,0,
CUST-002379,2022-05-27,South,One year,Credit card,Fiber optic,38,33.92,1288.96,2,0,
CUST-002380,2024-02-11,South,Two year,Bank transfer,Fiber optic,30,74.22,2226.6,2,0,
CUST-002381,2025-04-20,Midwest,Month-to-month,Electronic check,No internet,3,61.56,184.68,1,0,
CUST-002382,2023-02-22,West,One year,Bank transfer,No internet,33,58.66,1935.78,1,0,
CUST-002383,2024-09-03,West,One year,Electronic check,Fiber optic,11,55.36,608.96,1,0,
CUST-002384,2025-05-14,Northeast,Month-to-month,Mailed check,Fiber optic,7,67.31,471.17,1,1,Competitor offered better deal
CUST-002385,2024-06-22,Northeast,Month-to-month,Credit card,DSL,14,60.02,840.28,0,0,
CUST-002386,2024-03-08,South,One year,Bank transfer,DSL,10,38.7,387.0,0,0,
CUST-002387,2022-03-19,South,One year,Electronic check,Fiber optic,26,105.33,2738.58,1,0,
CUST-002388,2023-02-11,West,Two year,Credit card,No internet,24,64.83,1555.92,1,0,
CUST-002389,2025-08-10,Midwest,Two year,Electronic check,No internet,37,55.47,2052.39,0,0,
CUST-002390,2024-05-03,South,Month-to-month,Credit card,Fiber optic,3,48.86,146.58,5,1,Price too high
CUST-002391,2023-10-29,West,Month-to-month,Credit card,Fiber optic,6,89.71,538.26,0,1,Moving / relocation
CUST-002392,2025-10-11,Midwest,Two year,Electronic check,Fiber optic,14,46.27,647.78,0,0,
CUST-002393,2024-08-27,Northeast,One year,Electronic check,No internet,23,73.18,1683.14,3,0,
CUST-002394,2025-06-13,West,Two year,Credit card,DSL,16,58.16,930.56,2,0,
CUST-002395,2022-07-02,Midwest,Two year,Electronic check,No internet,30,59.26,1777.8,0,1,Moving / relocation
CUST-002396,2022-07-19,West,Month-to-month,Credit card,DSL,8,49.25,394.0,2,0,
CUST-002397,2025-07-15,Midwest,One year,Mailed check,DSL,47,57.48,2701.56,4,1,Moving / relocation
CUST-002398,2025-06-27,South,Month-to-month,Mailed check,Fiber optic,21,70.3,1476.3,2,0,
CUST-002399,2023-04-13,West,Two year,Bank transfer,Fiber optic,19,75.59,1436.21,0,0,
CUST-002400,2023-06-20,Midwest,One year,Bank transfer,No internet,48,54.52,2616.96,2,0,
CUST-002401,2022-12-28,South,Month-to-month,Mailed check,Fiber optic,1,68.09,68.09,2,0,
CUST-002402,2023-07-16,South,One year,Bank transfer,No internet,25,93.16,2329.0,1,0,
CUST-002403,2022-02-01,South,Two year,Mailed check,Fiber optic,21,41.18,864.78,1,0,
CUST-002404,2024-01-07,Midwest,One year,Electronic check,DSL,24,69.96,1679.04,0,0,
CUST-002405,2025-01-03,South,Month-to-month,Credit card,DSL,15,51.72,775.8,1,0,
CUST-002406,2025-01-27,South,One year,Bank transfer,Fiber optic,27,50.06,1351.62,0,0,
CUST-002407,2024-01-23,Midwest,One year,Bank transfer,DSL,24,76.21,1829.04,2,0,
CUST-002408,2023-09-10,South,Two year,Bank transfer,No internet,9,58.88,529.92,1,0,
CUST-002409,2022-07-05,Midwest,One year,Bank transfer,Fiber optic,14,47.49,664.86,1,0,
CUST-002410,2024-08-23,Midwest,Month-to-month,Electronic check,Fiber optic,2,107.1,214.2,2,1,Competitor offered better deal
CUST-002411,2023-10-29,Northeast,Two year,Credit card,DSL,39,94.11,3670.29,1,0,
CUST-002412,2022-09-06,West,Month-to-month,Mailed check,DSL,4,37.78,151.12,2,1,Price too high
CUST-002413,2023-12-24,South,Month-to-month,Credit card,DSL,19,43.74,831.06,1,0,
CUST-002414,2023-03-08,Midwest,Two year,Credit card,Fiber optic,19,84.77,1610.63,3,0,
CUST-002415,2022-05-03,South,Month-to-month,Bank transfer,Fiber optic,4,64.0,256.0,2,1,Frequent service outages
CUST-002416,2025-10-16,Midwest,Two year,Bank transfer,Fiber optic,14,113.32,1586.48,1,0,
CUST-002417,2025-05-29,South,One year,Electronic check,No internet,45,85.39,3842.55,2,0,
CUST-002418,2023-09-06,Midwest,Month-to-month,Mailed check,No internet,2,77.16,154.32,1,0,
CUST-002419,2025-08-19,Midwest,Month-to-month,Bank transfer,DSL,8,50.55,404.4,1,1,Competitor offered better deal
CUST-002420,2024-11-27,West,One year,Mailed check,Fiber optic,31,82.04,2543.24,1,0,
CUST-002421,2023-08-21,Northeast,Month-to-month,Electronic check,No internet,19,46.61,885.59,2,0,
CUST-002422,2022-04-27,Midwest,Month-to-month,Bank transfer,Fiber optic,2,106.45,212.9,1,1,Moving / relocation
CUST-002423,2025-12-12,South,Month-to-month,Electronic check,Fiber optic,8,80.24,641.92,1,1,Moving / relocation
CUST-002424,2022-02-14,South,One year,Mailed check,Fiber optic,36,53.84,1938.24,0,1,Poor customer service
CUST-002425,2025-09-14,South,Month-to-month,Bank transfer,DSL,17,90.69,1541.73,0,0,
CUST-002426,2022-03-18,South,Month-to-month,Electronic check,Fiber optic,19,143.64,2729.16,1,0,
CUST-002427,2025-04-15,West,One year,Electronic check,Fiber optic,12,65.39,784.68,2,0,
CUST-002428,2024-10-21,Northeast,Two year,Electronic check,DSL,28,83.61,2341.08,1,0,
CUST-002429,2025-01-29,Northeast,Two year,Bank transfer,DSL,44,61.06,2686.64,3,0,
CUST-002430,2022-03-24,Midwest,Month-to-month,Credit card,Fiber optic,12,72.05,864.6,1,0,
CUST-002431,2025-08-23,South,One year,Electronic check,Fiber optic,10,43.28,432.8,1,0,
CUST-002432,2024-05-29,West,Month-to-month,Bank transfer,DSL,8,70.09,560.72,2,0,
CUST-002433,2025-06-08,Northeast,One year,Electronic check,Fiber optic,12,71.09,853.08,1,0,
CUST-002434,2023-01-02,South,Two year,Bank transfer,Fiber optic,23,124.67,2867.41,2,0,
CUST-002435,2023-12-17,Midwest,One year,Electronic check,No internet,17,39.47,670.99,2,1,Competitor offered better deal
CUST-002436,2022-07-25,South,Two year,Credit card,DSL,34,64.08,2178.72,2,0,
CUST-002437,2024-09-26,South,Month-to-month,Bank transfer,Fiber optic,19,105.87,2011.53,0,1,Poor customer service
CUST-002438,2024-10-09,Midwest,One year,Bank transfer,DSL,10,64.89,648.9,1,1,Moving / relocation
CUST-002439,2022-06-25,Midwest,Two year,Electronic check,DSL,26,66.37,1725.62,3,0,
CUST-002440,2024-03-05,West,Month-to-month,Credit card,Fiber optic,5,53.7,268.5,2,1,Poor customer service
CUST-002441,2024-06-03,West,One year,Electronic check,DSL,20,52.02,1040.4,1,0,
CUST-002442,2025-07-26,Midwest,Month-to-month,Bank transfer,DSL,1,39.08,39.08,0,1,Price too high
CUST-002443,2022-06-03,South,Month-to-month,Credit card,Fiber optic,1,57.32,57.32,0,0,
CUST-002444,2024-11-28,South,One year,Bank transfer,Fiber optic,11,51.08,561.88,1,0,
CUST-002445,2024-06-21,South,One year,Credit card,Fiber optic,14,72.8,1019.2,4,0,
CUST-002446,2023-04-17,West,Month-to-month,Bank transfer,DSL,28,54.49,1525.72,0,0,
CUST-002447,2022-10-10,South,Month-to-month,Credit card,DSL,3,60.13,180.39,1,0,
CUST-002448,2022-07-04,West,Two year,Electronic check,DSL,8,60.66,485.28,1,1,Competitor offered better deal
CUST-002449,2022-05-28,South,One year,Mailed check,Fiber optic,28,69.03,1932.84,1,0,
CUST-002450,2024-07-20,Northeast,Month-to-month,Bank transfer,DSL,13,59.2,769.6,2,0,
CUST-002451,2024-11-11,Northeast,Month-to-month,Bank transfer,DSL,32,49.91,1597.12,2,0,
CUST-002452,2023-05-23,South,Month-to-month,Bank transfer,Fiber optic,6,72.06,432.36,2,0,
CUST-002453,2025-09-17,Midwest,One year,Bank transfer,No internet,7,98.65,690.55,0,0,
CUST-002454,2022-08-30,South,Two year,Bank transfer,Fiber optic,24,73.05,1753.2,0,0,
CUST-002455,2022-07-28,South,One year,Electronic check,DSL,8,57.68,461.44,2,0,
CUST-002456,2024-04-17,South,Month-to-month,Mailed check,DSL,15,67.4,1011.0,4,1,Price too high
CUST-002457,2024-12-05,South,Month-to-month,Credit card,DSL,11,36.37,400.07,1,0,
CUST-002458,2024-08-24,Northeast,Month-to-month,Electronic check,DSL,22,67.05,1475.1,3,1,Price too high
CUST-002459,2025-12-05,West,One year,Electronic check,Fiber optic,23,61.68,1418.64,0,0,
CUST-002460,2023-02-22,Midwest,Two year,Bank transfer,DSL,5,52.0,260.0,0,0,
CUST-002461,2023-06-30,South,Month-to-month,Electronic check,Fiber optic,23,55.11,1267.53,0,0,
CUST-002462,2024-11-20,Midwest,Month-to-month,Bank transfer,DSL,16,61.48,983.68,1,0,
CUST-002463,2023-01-03,Midwest,Two year,Bank transfer,DSL,35,96.31,3370.85,2,0,
CUST-002464,2022-04-10,South,One year,Bank transfer,Fiber optic,24,99.43,2386.32,2,0,
CUST-002465,2024-11-29,Northeast,Two year,Credit card,DSL,34,52.09,1771.06,1,0,
CUST-002466,2024-12-02,Northeast,One year,Credit card,Fiber optic,15,59.4,891.0,5,0,
CUST-002467,2022-10-27,Midwest,Month-to-month,Bank transfer,DSL,22,59.88,1317.36,2,0,
CUST-002468,2022-06-04,South,One year,Credit card,Fiber optic,11,90.84,999.24,3,1,Moving / relocation
CUST-002469,2022-05-07,Midwest,Month-to-month,Electronic check,Fiber optic,2,73.45,146.9,1,0,
CUST-002470,2024-10-06,West,One year,Electronic check,Fiber optic,16,72.22,1155.52,0,0,
CUST-002471,2022-04-02,Northeast,Month-to-month,Bank transfer,Fiber optic,5,83.23,416.15,0,1,Competitor offered better deal
CUST-002472,2023-09-28,West,Month-to-month,Bank transfer,DSL,4,57.92,231.68,0,0,
CUST-002473,2022-01-29,South,Two year,Electronic check,Fiber optic,30,108.47,3254.1,3,0,
CUST-002474,2022-08-10,West,One year,Mailed check,Fiber optic,15,70.07,1051.05,1,0,
CUST-002475,2025-07-08,West,Month-to-month,Electronic check,No internet,8,53.31,426.48,0,1,Price too high
CUST-002476,2022-01-31,South,Two year,Electronic check,Fiber optic,31,65.14,2019.34,1,0,
CUST-002477,2025-08-12,South,Month-to-month,Mailed check,Fiber optic,5,103.98,519.9,0,0,
CUST-002478,2025-05-20,South,One year,Credit card,DSL,13,61.19,795.47,0,0,
CUST-002479,2024-08-22,West,Month-to-month,Credit card,DSL,6,95.0,570.0,2,1,Poor customer service
CUST-002480,2025-07-09,Northeast,Two year,Bank transfer,Fiber optic,10,57.39,573.9,0,0,
CUST-002481,2025-03-04,South,Month-to-month,Bank transfer,Fiber optic,47,54.87,2578.89,2,0,
CUST-002482,2023-06-25,South,One year,Electronic check,DSL,31,86.58,2683.98,1,0,
CUST-002483,2023-10-29,West,Two year,Bank transfer,DSL,2,53.0,106.0,3,0,
CUST-002484,2024-08-21,Northeast,One year,Bank transfer,No internet,9,91.21,820.89,2,0,
CUST-002485,2025-04-06,South,Month-to-month,Credit card,Fiber optic,21,78.45,1647.45,1,1,Price too high
CUST-002486,2025-06-24,Midwest,Month-to-month,Mailed check,Fiber optic,2,53.01,106.02,0,0,
CUST-002487,2023-02-25,West,Month-to-month,Credit card,DSL,9,68.52,616.68,3,0,
CUST-002488,2022-05-11,Northeast,Month-to-month,Credit card,Fiber optic,4,58.81,235.24,0,1,Frequent service outages
CUST-002489,2024-01-13,West,One year,Electronic check,Fiber optic,7,78.39,548.73,0,1,Frequent service outages
CUST-002490,2024-01-10,Northeast,One year,Credit card,Fiber optic,9,128.26,1154.34,1,1,Price too high
CUST-002491,2025-07-09,West,Two year,Electronic check,DSL,25,62.26,1556.5,0,0,
CUST-002492,2023-09-13,South,One year,Credit card,No internet,5,83.16,415.8,2,0,
CUST-002493,2023-04-09,West,Two year,Bank transfer,No internet,13,70.66,918.58,3,0,
CUST-002494,2022-11-11,Northeast,One year,Mailed check,Fiber optic,44,70.65,3108.6,0,0,
CUST-002495,2022-04-21,West,One year,Mailed check,Fiber optic,31,66.5,2061.5,1,0,
CUST-002496,2023-01-02,South,One year,Bank transfer,No internet,15,53.28,799.2,2,1,Price too high
CUST-002497,2023-06-25,Northeast,Month-to-month,Credit card,DSL,18,78.04,1404.72,2,0,
CUST-002498,2025-09-03,West,One year,Credit card,DSL,30,63.92,1917.6,2,0,
CUST-002499,2025-01-17,Midwest,One year,Mailed check,DSL,3,52.48,157.44,0,0,
CUST-002500,2024-10-12,Northeast,One year,Credit card,Fiber optic,19,96.98,1842.62,2,0,
CUST-002501,2022-01-31,Northeast,Month-to-month,Bank transfer,Fiber optic,9,72.36,651.24,1,1,Frequent service outages
CUST-002502,2024-07-01,South,Month-to-month,Mailed check,No internet,8,65.17,521.36,2,0,
CUST-002503,2022-04-23,South,Month-to-month,Electronic check,Fiber optic,9,107.64,968.76,1,0,
CUST-002504,2024-08-03,Midwest,One year,Credit card,DSL,8,38.96,311.68,3,1,Moving / relocation
CUST-002505,2023-08-16,South,Month-to-month,Bank transfer,No internet,4,105.35,421.4,1,0,
CUST-002506,2023-08-27,West,Two year,Mailed check,Fiber optic,9,52.9,476.1,1,0,
CUST-002507,2023-06-28,South,One year,Bank transfer,No internet,16,75.02,1200.32,1,0,
CUST-002508,2025-02-24,West,Month-to-month,Credit card,Fiber optic,18,58.08,1045.44,2,1,Moving / relocation
CUST-002509,2022-02-15,Northeast,One year,Electronic check,No internet,15,52.18,782.7,0,0,
CUST-002510,2024-12-25,South,Two year,Mailed check,Fiber optic,9,106.75,960.75,2,0,
CUST-002511,2023-02-27,South,Two year,Mailed check,Fiber optic,15,126.97,1904.55,2,0,
CUST-002512,2023-09-30,South,One year,Electronic check,DSL,45,65.31,2938.95,3,1,Price too high
CUST-002513,2024-09-08,Northeast,One year,Mailed check,No internet,48,78.05,3746.4,3,0,
CUST-002514,2022-08-03,South,Two year,Credit card,DSL,32,71.4,2284.8,5,0,
CUST-002515,2022-08-19,Northeast,Two year,Electronic check,DSL,8,121.97,975.76,1,1,Poor customer service
CUST-002516,2022-05-23,Northeast,Two year,Credit card,No internet,6,35.65,213.9,0,0,
CUST-002517,2022-11-23,South,One year,Credit card,DSL,46,79.1,3638.6,1,0,
CUST-002518,2025-03-07,South,One year,Electronic check,No internet,24,55.55,1333.2,1,1,Price too high
CUST-002519,2022-07-08,West,Month-to-month,Mailed check,Fiber optic,11,32.99,362.89,1,1,Moving / relocation
CUST-002520,2024-10-23,Midwest,Month-to-month,Electronic check,Fiber optic,12,62.47,749.64,2,0,
CUST-002521,2024-01-24,West,Month-to-month,Bank transfer,Fiber optic,5,126.64,633.2,1,0,
CUST-002522,2023-10-20,South,Month-to-month,Bank transfer,No internet,4,56.83,227.32,0,0,
CUST-002523,2025-04-04,South,One year,Bank transfer,Fiber optic,16,90.29,1444.64,0,0,
CUST-002524,2022-07-18,Northeast,Month-to-month,Credit card,Fiber optic,7,102.88,720.16,1,0,
CUST-002525,2022-03-07,West,Month-to-month,Credit card,Fiber optic,5,69.82,349.1,1,1,Poor customer service
CUST-002526,2025-02-03,South,Month-to-month,Bank transfer,Fiber optic,3,72.86,218.58,2,1,Moving / relocation
CUST-002527,2022-07-09,Northeast,Month-to-month,Credit card,DSL,22,40.48,890.56,4,1,Poor customer service
CUST-002528,2023-06-09,South,Two year,Credit card,Fiber optic,34,55.75,1895.5,1,0,
CUST-002529,2024-10-23,Midwest,Month-to-month,Bank transfer,No internet,7,93.71,655.97,1,0,
CUST-002530,2025-02-08,West,Month-to-month,Electronic check,No internet,22,71.48,1572.56,2,1,Price too high
CUST-002531,2024-10-10,West,Two year,Credit card,DSL,18,78.85,1419.3,0,0,
CUST-002532,2024-10-18,South,Month-to-month,Credit card,Fiber optic,41,73.16,2999.56,0,1,Poor customer service
CUST-002533,2023-07-08,Midwest,Month-to-month,Bank transfer,No internet,9,141.38,1272.42,1,1,Moving / relocation
CUST-002534,2025-09-20,South,Month-to-month,Bank transfer,Fiber optic,4,61.08,244.32,1,0,
CUST-002535,2022-12-02,Midwest,Month-to-month,Mailed check,Fiber optic,8,117.18,937.44,1,1,Moving / relocation
CUST-002536,2022-04-10,West,One year,Bank transfer,Fiber optic,39,73.17,2853.63,0,0,
CUST-002537,2025-05-23,South,One year,Credit card,Fiber optic,23,120.56,2772.88,2,0,
CUST-002538,2024-07-28,South,Month-to-month,Credit card,DSL,2,47.37,94.74,0,1,Competitor offered better deal
CUST-002539,2024-02-07,Northeast,One year,Electronic check,Fiber optic,9,74.37,669.33,2,1,Poor customer service
CUST-002540,2025-03-03,Northeast,One year,Electronic check,DSL,2,61.81,123.62,1,0,
CUST-002541,2024-12-01,Midwest,Month-to-month,Mailed check,DSL,21,73.31,1539.51,1,0,
CUST-002542,2023-03-02,South,One year,Mailed check,Fiber optic,23,103.66,2384.18,3,1,Price too high
CUST-002543,2022-02-14,South,Month-to-month,Credit card,Fiber optic,4,79.14,316.56,3,1,Price too high
CUST-002544,2024-12-12,West,Month-to-month,Electronic check,DSL,11,103.6,1139.6,0,1,Price too high
CUST-002545,2024-11-11,West,Two year,Credit card,Fiber optic,30,56.57,1697.1,3,0,
CUST-002546,2023-03-12,South,Two year,Bank transfer,Fiber optic,29,53.88,1562.52,1,0,
CUST-002547,2023-05-04,Northeast,One year,Bank transfer,DSL,40,70.47,2818.8,0,0,
CUST-002548,2024-07-16,South,Month-to-month,Bank transfer,Fiber optic,2,69.24,138.48,2,1,Competitor offered better deal
CUST-002549,2022-04-03,West,Month-to-month,Credit card,Fiber optic,4,66.06,264.24,1,1,Competitor offered better deal
CUST-002550,2024-09-21,South,Month-to-month,Mailed check,Fiber optic,2,51.59,103.18,3,1,Price too high
CUST-002551,2022-09-02,South,Month-to-month,Mailed check,DSL,19,102.88,1954.72,0,0,
CUST-002552,2025-07-31,Northeast,Two year,Bank transfer,Fiber optic,24,62.42,1498.08,1,0,
CUST-002553,2022-07-31,Midwest,Month-to-month,Mailed check,DSL,16,110.65,1770.4,0,1,Moving / relocation
CUST-002554,2025-10-21,South,Month-to-month,Mailed check,Fiber optic,11,70.39,774.29,2,1,Poor customer service
CUST-002555,2023-10-16,West,Two year,Credit card,Fiber optic,32,86.27,2760.64,2,0,
CUST-002556,2025-12-27,West,Two year,Bank transfer,No internet,8,83.8,670.4,0,1,Frequent service outages
CUST-002557,2025-02-21,West,Month-to-month,Electronic check,DSL,10,53.85,538.5,0,1,Competitor offered better deal
CUST-002558,2024-10-10,West,One year,Bank transfer,No internet,36,78.85,2838.6,2,0,
CUST-002559,2022-10-07,South,One year,Electronic check,Fiber optic,3,129.94,389.82,2,1,Frequent service outages
CUST-002560,2024-04-25,South,Month-to-month,Mailed check,Fiber optic,3,75.98,227.94,0,0,
CUST-002561,2022-10-31,Midwest,One year,Electronic check,DSL,19,93.54,1777.26,0,0,
CUST-002562,2024-09-24,West,Two year,Electronic check,No internet,26,87.52,2275.52,0,0,
CUST-002563,2023-06-29,South,Two year,Mailed check,DSL,34,77.34,2629.56,1,0,
CUST-002564,2024-12-27,South,One year,Bank transfer,DSL,13,74.42,967.46,0,0,
CUST-002565,2023-03-30,West,Month-to-month,Mailed check,DSL,32,83.52,2672.64,2,0,
CUST-002566,2025-04-06,Midwest,One year,Electronic check,Fiber optic,19,89.5,1700.5,0,1,Moving / relocation
CUST-002567,2023-12-14,South,One year,Electronic check,DSL,23,45.48,1046.04,0,1,Moving / relocation
CUST-002568,2023-03-02,Northeast,Month-to-month,Electronic check,DSL,5,75.88,379.4,2,1,Competitor offered better deal
CUST-002569,2025-12-18,Midwest,One year,Bank transfer,Fiber optic,28,66.1,1850.8,1,0,
CUST-002570,2024-11-01,West,Two year,Electronic check,Fiber optic,41,61.85,2535.85,1,1,Moving / relocation
CUST-002571,2022-11-19,Midwest,One year,Bank transfer,Fiber optic,10,106.13,1061.3,1,1,Poor customer service
CUST-002572,2022-10-08,West,Two year,Bank transfer,Fiber optic,27,55.45,1497.15,3,0,
CUST-002573,2025-04-11,South,One year,Electronic check,Fiber optic,38,44.87,1705.06,1,0,
CUST-002574,2022-05-31,South,Two year,Bank transfer,Fiber optic,25,90.43,2260.75,1,1,Price too high
CUST-002575,2022-06-18,West,One year,Bank transfer,DSL,11,44.5,489.5,1,0,
CUST-002576,2025-03-04,South,Month-to-month,Bank transfer,DSL,24,37.83,907.92,2,0,
CUST-002577,2022-07-14,Midwest,One year,Mailed check,Fiber optic,13,93.75,1218.75,3,0,
CUST-002578,2024-04-27,South,Month-to-month,Mailed check,DSL,17,73.76,1253.92,2,0,
CUST-002579,2025-08-13,South,One year,Bank transfer,Fiber optic,18,81.55,1467.9,1,0,
CUST-002580,2023-11-27,South,Two year,Credit card,Fiber optic,41,60.85,2494.85,4,0,
CUST-002581,2025-11-19,West,Month-to-month,Mailed check,No internet,25,45.01,1125.25,3,0,
CUST-002582,2023-08-05,South,One year,Bank transfer,DSL,34,47.97,1630.98,1,0,
CUST-002583,2024-12-20,Midwest,Two year,Mailed check,DSL,21,64.26,1349.46,0,0,
CUST-002584,2023-01-09,Northeast,One year,Credit card,DSL,45,46.66,2099.7,2,0,
CUST-002585,2023-06-21,Northeast,Two year,Electronic check,Fiber optic,26,77.34,2010.84,0,0,
CUST-002586,2024-05-06,Midwest,Month-to-month,Bank transfer,Fiber optic,40,60.46,2418.4,3,0,
CUST-002587,2023-06-21,West,Month-to-month,Bank transfer,Fiber optic,27,74.38,2008.26,0,0,
CUST-002588,2022-05-05,Northeast,One year,Bank transfer,Fiber optic,24,73.67,1768.08,0,0,
CUST-002589,2023-06-11,West,One year,Bank transfer,No internet,31,79.34,2459.54,3,0,
CUST-002590,2024-10-14,South,Two year,Bank transfer,DSL,7,82.26,575.82,0,0,
CUST-002591,2023-11-07,South,Month-to-month,Bank transfer,DSL,6,62.8,376.8,1,1,Price too high
CUST-002592,2023-12-14,West,Two year,Bank transfer,DSL,28,74.36,2082.08,0,0,
CUST-002593,2022-09-21,Midwest,One year,Electronic check,DSL,16,75.61,1209.76,1,0,
CUST-002594,2024-07-10,Northeast,One year,Credit card,Fiber optic,7,32.23,225.61,1,0,
CUST-002595,2023-11-29,Northeast,One year,Mailed check,No internet,23,86.22,1983.06,1,0,
CUST-002596,2022-02-16,West,One year,Electronic check,DSL,12,73.55,882.6,1,0,
CUST-002597,2024-08-26,South,Two year,Electronic check,DSL,37,83.97,3106.89,2,0,
CUST-002598,2023-07-01,South,One year,Bank transfer,Fiber optic,14,46.44,650.16,1,0,
CUST-002599,2022-05-20,West,Month-to-month,Mailed check,DSL,21,63.37,1330.77,2,1,Moving / relocation
CUST-002600,2023-08-07,South,One year,Bank transfer,Fiber optic,29,49.44,1433.76,0,1,Moving / relocation
CUST-002601,2024-01-15,South,One year,Bank transfer,Fiber optic,40,88.97,3558.8,2,0,
CUST-002602,2024-04-24,West,Month-to-month,Electronic check,DSL,10,44.72,447.2,0,1,Moving / relocation
CUST-002603,2024-04-05,South,One year,Electronic check,No internet,45,52.08,2343.6,2,0,
CUST-002604,2025-08-10,South,Month-to-month,Credit card,DSL,24,83.18,1996.32,0,0,
CUST-002605,2023-12-08,South,Month-to-month,Credit card,Fiber optic,41,57.32,2350.12,2,1,Frequent service outages
CUST-002606,2024-11-13,Midwest,Two year,Credit card,Fiber optic,26,52.09,1354.34,0,0,
CUST-002607,2024-09-28,West,Two year,Electronic check,Fiber optic,29,93.7,2717.3,1,0,
CUST-002608,2025-03-23,Northeast,Month-to-month,Credit card,Fiber optic,8,94.94,759.52,2,0,
CUST-002609,2025-07-30,Midwest,Two year,Credit card,Fiber optic,17,88.33,1501.61,2,0,
CUST-002610,2025-01-13,Midwest,Two year,Bank transfer,Fiber optic,35,91.98,3219.3,1,0,
CUST-002611,2025-12-10,West,Two year,Bank transfer,Fiber optic,41,65.1,2669.1,1,0,
CUST-002612,2022-10-13,South,Month-to-month,Electronic check,Fiber optic,5,65.66,328.3,1,1,Competitor offered better deal
CUST-002613,2024-12-11,Midwest,Month-to-month,Bank transfer,Fiber optic,4,56.98,227.92,0,1,Frequent service outages
CUST-002614,2024-01-21,Midwest,One year,Credit card,No internet,34,73.97,2514.98,0,1,Poor customer service
CUST-002615,2023-03-17,Northeast,One year,Bank transfer,No internet,8,59.21,473.68,3,0,
CUST-002616,2024-12-09,Northeast,Two year,Electronic check,DSL,41,61.03,2502.23,4,0,
CUST-002617,2025-11-26,Northeast,Month-to-month,Mailed check,Fiber optic,4,84.94,339.76,3,0,
CUST-002618,2024-02-22,South,One year,Bank transfer,Fiber optic,4,102.42,409.68,0,0,
CUST-002619,2025-02-02,Midwest,Two year,Bank transfer,DSL,2,79.63,159.26,3,0,
CUST-002620,2025-10-19,West,One year,Bank transfer,DSL,35,124.48,4356.8,1,0,
CUST-002621,2022-02-06,Midwest,Two year,Credit card,DSL,42,55.94,2349.48,2,0,
CUST-002622,2024-01-27,West,Two year,Electronic check,DSL,8,38.93,311.44,0,0,
CUST-002623,2025-12-16,West,Month-to-month,Electronic check,Fiber optic,8,88.12,704.96,1,1,Competitor offered better deal
CUST-002624,2024-03-11,Midwest,Two year,Electronic check,No internet,41,54.76,2245.16,3,0,
CUST-002625,2022-08-15,Midwest,Month-to-month,Credit card,DSL,2,64.23,128.46,2,0,
CUST-002626,2022-06-25,South,Month-to-month,Credit card,Fiber optic,42,39.79,1671.18,0,0,
CUST-002627,2023-03-23,West,Two year,Credit card,Fiber optic,43,52.58,2260.94,1,0,
CUST-002628,2022-04-26,South,Month-to-month,Credit card,DSL,1,43.35,43.35,0,0,
CUST-002629,2022-08-28,Midwest,One year,Mailed check,Fiber optic,7,61.01,427.07,0,0,
CUST-002630,2022-03-27,Northeast,Two year,Mailed check,Fiber optic,3,61.79,185.37,1,1,Moving / relocation
CUST-002631,2023-08-05,West,Month-to-month,Bank transfer,DSL,1,72.15,72.15,2,0,
CUST-002632,2022-08-07,Midwest,One year,Mailed check,DSL,25,104.24,2606.0,1,0,
CUST-002633,2022-08-29,Northeast,Month-to-month,Bank transfer,No internet,4,87.06,348.24,0,0,
CUST-002634,2024-09-08,Midwest,One year,Electronic check,Fiber optic,26,41.72,1084.72,0,1,Price too high
CUST-002635,2022-06-16,South,Month-to-month,Mailed check,No internet,6,85.16,510.96,2,1,Competitor offered better deal
CUST-002636,2022-09-18,Midwest,Month-to-month,Bank transfer,Fiber optic,2,72.66,145.32,1,0,
CUST-002637,2023-11-23,West,Two year,Electronic check,No internet,25,67.94,1698.5,2,0,
CUST-002638,2022-06-07,Northeast,Month-to-month,Credit card,Fiber optic,24,69.6,1670.4,1,1,Poor customer service
CUST-002639,2022-01-25,South,One year,Electronic check,DSL,11,74.85,823.35,3,1,Competitor offered better deal
CUST-002640,2024-06-14,West,Month-to-month,Credit card,No internet,29,56.18,1629.22,1,0,
CUST-002641,2025-02-10,West,One year,Electronic check,Fiber optic,18,66.13,1190.34,0,0,
CUST-002642,2025-06-08,Northeast,One year,Credit card,DSL,12,102.4,1228.8,2,0,
CUST-002643,2022-01-17,South,Month-to-month,Bank transfer,DSL,12,55.97,671.64,1,1,Moving / relocation
CUST-002644,2022-02-18,West,Month-to-month,Electronic check,Fiber optic,19,50.42,957.98,4,1,Frequent service outages
CUST-002645,2022-04-18,West,One year,Electronic check,DSL,33,68.73,2268.09,0,0,
CUST-002646,2024-01-10,West,Month-to-month,Mailed check,Fiber optic,1,48.82,48.82,1,1,Poor customer service
CUST-002647,2025-01-30,West,Month-to-month,Credit card,DSL,14,40.4,565.6,0,0,
CUST-002648,2022-10-08,Northeast,Month-to-month,Electronic check,Fiber optic,6,62.79,376.74,0,1,Competitor offered better deal
CUST-002649,2025-07-12,Northeast,Month-to-month,Electronic check,DSL,30,111.45,3343.5,1,0,
CUST-002650,2025-08-28,West,Month-to-month,Bank transfer,DSL,24,69.24,1661.76,3,1,Competitor offered better deal
CUST-002651,2025-05-07,West,Month-to-month,Bank transfer,Fiber optic,18,74.23,1336.14,2,1,Price too high
CUST-002652,2023-09-04,Northeast,Two year,Mailed check,Fiber optic,9,35.46,319.14,0,0,
CUST-002653,2023-03-31,West,One year,Electronic check,DSL,41,80.66,3307.06,2,0,
CUST-002654,2024-08-03,Midwest,One year,Bank transfer,Fiber optic,27,72.23,1950.21,0,0,
CUST-002655,2025-09-13,West,One year,Electronic check,DSL,36,56.67,2040.12,3,1,Competitor offered better deal
CUST-002656,2023-09-28,Northeast,One year,Bank transfer,No internet,28,74.26,2079.28,0,0,
CUST-002657,2023-12-13,South,Month-to-month,Electronic check,Fiber optic,5,74.03,370.15,1,0,
CUST-002658,2025-04-09,West,Month-to-month,Credit card,Fiber optic,20,49.95,999.0,2,0,
CUST-002659,2025-07-19,South,Month-to-month,Bank transfer,No internet,4,77.96,311.84,0,1,Price too high
CUST-002660,2023-12-21,Northeast,Month-to-month,Bank transfer,No internet,12,102.83,1233.96,0,0,
CUST-002661,2025-11-16,Northeast,Month-to-month,Credit card,Fiber optic,22,65.17,1433.74,2,0,
CUST-002662,2025-10-13,South,Two year,Credit card,DSL,21,53.11,1115.31,1,0,
CUST-002663,2024-06-23,South,Month-to-month,Credit card,Fiber optic,4,66.23,264.92,1,0,
CUST-002664,2023-06-09,West,Month-to-month,Bank transfer,DSL,36,92.16,3317.76,2,1,Poor customer service
CUST-002665,2025-07-23,South,Two year,Credit card,Fiber optic,13,47.35,615.55,1,0,
CUST-002666,2024-11-20,Midwest,Month-to-month,Electronic check,Fiber optic,25,84.36,2109.0,0,1,Poor customer service
CUST-002667,2023-05-27,Northeast,Month-to-month,Credit card,Fiber optic,18,56.43,1015.74,1,1,Competitor offered better deal
CUST-002668,2022-05-10,South,Month-to-month,Bank transfer,Fiber optic,23,75.75,1742.25,4,0,
CUST-002669,2024-06-09,South,Two year,Bank transfer,Fiber optic,6,58.52,351.12,2,0,
CUST-002670,2022-08-25,Midwest,One year,Credit card,Fiber optic,36,58.47,2104.92,0,0,
CUST-002671,2023-04-21,West,Two year,Bank transfer,No internet,42,114.14,4793.88,1,0,
CUST-002672,2024-02-13,South,One year,Bank transfer,DSL,19,44.66,848.54,2,0,
CUST-002673,2025-05-17,West,One year,Credit card,DSL,13,81.89,1064.57,1,0,
CUST-002674,2023-01-14,South,Month-to-month,Bank transfer,Fiber optic,14,122.0,1708.0,3,1,Price too high
CUST-002675,2025-03-16,Northeast,Month-to-month,Electronic check,No internet,27,87.3,2357.1,6,1,Poor customer service
CUST-002676,2022-03-28,West,One year,Electronic check,Fiber optic,17,45.79,778.43,1,0,
CUST-002677,2024-09-20,South,Month-to-month,Bank transfer,Fiber optic,23,46.52,1069.96,1,1,Poor customer service
CUST-002678,2022-12-28,South,One year,Electronic check,DSL,8,55.12,440.96,2,0,
CUST-002679,2024-08-02,South,Month-to-month,Bank transfer,Fiber optic,29,73.74,2138.46,1,1,Price too high
CUST-002680,2023-01-31,West,Two year,Credit card,Fiber optic,27,75.36,2034.72,1,0,
CUST-002681,2023-11-03,West,One year,Electronic check,Fiber optic,9,46.67,420.03,3,1,Frequent service outages
CUST-002682,2024-06-29,Midwest,One year,Credit card,Fiber optic,8,53.02,424.16,2,0,
CUST-002683,2022-04-10,West,One year,Bank transfer,Fiber optic,29,54.07,1568.03,0,0,
CUST-002684,2022-08-31,Northeast,One year,Credit card,DSL,44,66.17,2911.48,3,0,
CUST-002685,2025-06-22,South,Month-to-month,Electronic check,Fiber optic,5,132.3,661.5,1,1,Competitor offered better deal
CUST-002686,2025-09-18,West,Month-to-month,Bank transfer,Fiber optic,35,52.01,1820.35,0,0,
CUST-002687,2024-02-14,South,One year,Bank transfer,Fiber optic,17,51.28,871.76,1,0,
CUST-002688,2023-02-24,Northeast,Month-to-month,Credit card,Fiber optic,22,48.78,1073.16,2,0,
CUST-002689,2023-02-10,Midwest,Month-to-month,Credit card,Fiber optic,20,85.92,1718.4,1,0,
CUST-002690,2025-11-08,South,Month-to-month,Credit card,Fiber optic,14,69.18,968.52,3,1,Poor customer service
CUST-002691,2025-01-08,Midwest,One year,Electronic check,Fiber optic,43,52.63,2263.09,0,1,Price too high
CUST-002692,2023-09-11,Midwest,One year,Mailed check,No internet,31,62.42,1935.02,2,0,
CUST-002693,2023-10-29,West,Two year,Bank transfer,Fiber optic,47,54.42,2557.74,1,0,
CUST-002694,2024-12-05,Midwest,One year,Electronic check,Fiber optic,31,77.07,2389.17,2,0,
CUST-002695,2023-10-04,Midwest,Month-to-month,Credit card,DSL,21,150.0,3150.0,0,0,
CUST-002696,2024-09-17,South,One year,Bank transfer,Fiber optic,27,83.62,2257.74,1,0,
CUST-002697,2025-01-27,South,One year,Credit card,Fiber optic,10,68.05,680.5,1,0,
CUST-002698,2023-02-15,Northeast,Two year,Credit card,No internet,24,56.67,1360.08,0,0,
CUST-002699,2025-01-03,South,Two year,Electronic check,DSL,10,45.61,456.1,2,1,Moving / relocation
CUST-002700,2023-10-11,Northeast,Two year,Mailed check,Fiber optic,9,88.66,797.94,2,0,
CUST-002701,2025-11-30,West,Two year,Bank transfer,DSL,44,87.13,3833.72,1,0,
CUST-002702,2022-12-01,South,Two year,Credit card,DSL,38,60.39,2294.82,1,0,
CUST-002703,2023-08-08,South,One year,Bank transfer,Fiber optic,16,103.37,1653.92,2,0,
CUST-002704,2025-07-16,South,One year,Electronic check,No internet,45,70.58,3176.1,3,0,
CUST-002705,2024-03-31,Northeast,Month-to-month,Bank transfer,Fiber optic,5,89.83,449.15,1,0,
CUST-002706,2025-07-18,Northeast,Month-to-month,Electronic check,Fiber optic,21,77.08,1618.68,1,1,Competitor offered better deal
CUST-002707,2022-06-13,South,Month-to-month,Mailed check,Fiber optic,19,66.24,1258.56,1,1,Competitor offered better deal
CUST-002708,2023-06-10,South,Two year,Credit card,DSL,21,51.65,1084.65,1,0,
CUST-002709,2025-09-05,West,One year,Electronic check,DSL,38,66.92,2542.96,2,0,
CUST-002710,2023-08-21,Midwest,Month-to-month,Electronic check,DSL,14,91.79,1285.06,2,0,
CUST-002711,2023-03-15,West,Month-to-month,Mailed check,Fiber optic,5,59.58,297.9,0,0,
CUST-002712,2023-03-19,Northeast,Month-to-month,Credit card,DSL,2,80.7,161.4,4,1,Moving / relocation
CUST-002713,2025-08-23,Midwest,Month-to-month,Electronic check,No internet,17,49.58,842.86,2,0,
CUST-002714,2023-03-13,Midwest,One year,Electronic check,Fiber optic,16,89.98,1439.68,0,0,
CUST-002715,2022-06-23,Midwest,One year,Mailed check,Fiber optic,21,77.49,1627.29,2,0,
CUST-002716,2022-05-08,West,One year,Bank transfer,DSL,34,47.72,1622.48,1,0,
CUST-002717,2025-11-24,South,Month-to-month,Electronic check,DSL,5,65.26,326.3,2,0,
CUST-002718,2024-07-23,West,One year,Credit card,Fiber optic,25,94.45,2361.25,1,0,
CUST-002719,2025-10-20,West,Month-to-month,Credit card,Fiber optic,41,46.86,1921.26,7,0,
CUST-002720,2025-01-27,South,Month-to-month,Bank transfer,DSL,12,49.76,597.12,2,1,Frequent service outages
CUST-002721,2023-11-22,Midwest,Two year,Electronic check,DSL,28,68.56,1919.68,2,0,
CUST-002722,2023-05-13,Northeast,Month-to-month,Bank transfer,Fiber optic,17,138.75,2358.75,1,1,Moving / relocation
CUST-002723,2022-11-25,South,Two year,Electronic check,DSL,7,56.53,395.71,0,0,
CUST-002724,2024-01-04,West,Two year,Mailed check,DSL,28,82.15,2300.2,1,0,
CUST-002725,2022-03-22,Midwest,One year,Credit card,Fiber optic,45,76.19,3428.55,0,0,
CUST-002726,2022-02-02,West,One year,Electronic check,Fiber optic,25,58.05,1451.25,2,1,Frequent service outages
CUST-002727,2025-05-10,West,Month-to-month,Electronic check,Fiber optic,10,73.82,738.2,3,1,Frequent service outages
CUST-002728,2024-07-09,South,Month-to-month,Electronic check,DSL,3,60.75,182.25,0,0,
CUST-002729,2024-11-19,South,Two year,Electronic check,DSL,42,62.52,2625.84,2,1,Moving / relocation
CUST-002730,2023-04-20,West,Two year,Electronic check,DSL,34,41.2,1400.8,2,0,
CUST-002731,2024-04-12,West,Two year,Mailed check,DSL,44,69.56,3060.64,2,1,Moving / relocation
CUST-002732,2022-08-04,South,One year,Credit card,Fiber optic,18,93.48,1682.64,2,0,
CUST-002733,2024-01-09,Northeast,Two year,Electronic check,Fiber optic,31,71.41,2213.71,0,0,
CUST-002734,2022-01-17,West,Two year,Mailed check,Fiber optic,16,99.38,1590.08,1,0,
CUST-002735,2024-02-20,Midwest,Month-to-month,Credit card,DSL,12,84.41,1012.92,3,1,Competitor offered better deal
CUST-002736,2023-09-16,South,Month-to-month,Bank transfer,No internet,10,68.78,687.8,1,0,
CUST-002737,2023-06-26,South,Month-to-month,Credit card,Fiber optic,19,57.34,1089.46,1,0,
CUST-002738,2024-09-05,Midwest,Month-to-month,Bank transfer,DSL,14,60.0,840.0,0,1,Poor customer service
CUST-002739,2024-06-02,Northeast,Month-to-month,Electronic check,Fiber optic,6,43.79,262.74,3,1,Moving / relocation
CUST-002740,2022-12-17,South,One year,Electronic check,DSL,25,64.36,1609.0,3,0,
CUST-002741,2022-01-11,South,One year,Credit card,DSL,14,73.46,1028.44,1,0,
CUST-002742,2022-09-03,West,Month-to-month,Credit card,DSL,7,121.38,849.66,2,1,Moving / relocation
CUST-002743,2025-07-03,Northeast,One year,Bank transfer,No internet,14,83.02,1162.28,1,0,
CUST-002744,2024-06-14,West,Month-to-month,Bank transfer,No internet,3,53.16,159.48,1,1,Moving / relocation
CUST-002745,2024-09-03,South,Month-to-month,Bank transfer,DSL,15,44.23,663.45,1,0,
CUST-002746,2024-05-17,Midwest,Two year,Electronic check,No internet,30,65.62,1968.6,0,0,
CUST-002747,2025-04-10,Midwest,Month-to-month,Electronic check,DSL,16,90.9,1454.4,0,1,Competitor offered better deal
CUST-002748,2023-03-22,Northeast,Two year,Credit card,DSL,34,65.33,2221.22,2,1,Frequent service outages
CUST-002749,2023-10-02,South,Two year,Electronic check,Fiber optic,30,83.38,2501.4,3,0,
CUST-002750,2025-05-27,West,Month-to-month,Mailed check,No internet,14,66.16,926.24,3,0,
CUST-002751,2022-06-22,West,Month-to-month,Bank transfer,No internet,18,88.19,1587.42,0,0,
CUST-002752,2024-05-22,Midwest,Month-to-month,Mailed check,DSL,6,42.05,252.3,1,0,
CUST-002753,2025-05-02,Midwest,Month-to-month,Credit card,Fiber optic,18,117.14,2108.52,1,0,
CUST-002754,2025-04-06,Midwest,Two year,Electronic check,Fiber optic,15,49.11,736.65,0,0,
CUST-002755,2023-06-05,Northeast,Two year,Credit card,Fiber optic,33,90.38,2982.54,1,0,
CUST-002756,2025-09-11,Northeast,One year,Electronic check,DSL,43,64.26,2763.18,3,0,
CUST-002757,2023-01-24,South,One year,Electronic check,Fiber optic,13,67.55,878.15,1,1,Poor customer service
CUST-002758,2024-09-13,South,Two year,Bank transfer,DSL,14,64.9,908.6,3,1,Poor customer service
CUST-002759,2022-10-22,Midwest,One year,Credit card,Fiber optic,26,76.08,1978.08,2,0,
CUST-002760,2023-03-04,Midwest,Month-to-month,Mailed check,DSL,23,81.16,1866.68,2,1,Price too high
CUST-002761,2024-01-29,South,Two year,Electronic check,DSL,10,98.36,983.6,1,0,
CUST-002762,2024-09-16,Northeast,Two year,Mailed check,No internet,32,110.01,3520.32,2,0,
CUST-002763,2023-02-11,Midwest,Month-to-month,Electronic check,Fiber optic,7,77.96,545.72,0,0,
CUST-002764,2023-09-08,Midwest,Month-to-month,Credit card,Fiber optic,3,121.31,363.93,2,0,
CUST-002765,2023-07-13,West,Month-to-month,Credit card,Fiber optic,15,72.22,1083.3,4,0,
CUST-002766,2022-09-23,West,Two year,Bank transfer,No internet,32,98.97,3167.04,1,0,
CUST-002767,2024-04-25,Northeast,One year,Mailed check,No internet,21,80.41,1688.61,1,0,
CUST-002768,2022-09-12,South,One year,Bank transfer,Fiber optic,37,58.81,2175.97,1,1,Price too high
CUST-002769,2024-01-14,West,Two year,Bank transfer,Fiber optic,30,74.29,2228.7,2,0,
CUST-002770,2022-08-13,South,One year,Electronic check,DSL,9,82.35,741.15,0,1,Price too high
CUST-002771,2024-03-28,South,One year,Mailed check,DSL,10,69.39,693.9,0,0,
CUST-002772,2023-11-11,West,Month-to-month,Bank transfer,DSL,3,80.01,240.03,3,0,
CUST-002773,2025-12-04,South,One year,Credit card,Fiber optic,15,92.47,1387.05,3,0,
CUST-002774,2024-05-18,South,Month-to-month,Mailed check,No internet,14,69.58,974.12,2,0,
CUST-002775,2024-06-20,Northeast,Month-to-month,Credit card,DSL,7,27.33,191.31,1,0,
CUST-002776,2025-11-24,Northeast,One year,Credit card,DSL,7,119.95,839.65,2,0,
CUST-002777,2023-03-09,Midwest,Two year,Credit card,Fiber optic,38,63.74,2422.12,0,0,
CUST-002778,2024-09-10,South,One year,Credit card,Fiber optic,47,53.87,2531.89,1,1,Competitor offered better deal
CUST-002779,2023-02-01,South,Two year,Electronic check,Fiber optic,19,48.92,929.48,0,0,
CUST-002780,2022-12-05,South,One year,Mailed check,Fiber optic,4,62.95,251.8,1,0,
CUST-002781,2022-03-13,Northeast,Month-to-month,Credit card,No internet,21,58.55,1229.55,2,1,Moving / relocation
CUST-002782,2025-05-05,South,Month-to-month,Credit card,DSL,7,55.38,387.66,1,0,
CUST-002783,2024-01-08,South,One year,Electronic check,No internet,27,56.36,1521.72,2,0,
CUST-002784,2025-12-08,West,Month-to-month,Bank transfer,DSL,31,83.06,2574.86,3,0,
CUST-002785,2022-05-01,Midwest,Two year,Credit card,Fiber optic,48,134.25,6444.0,4,1,Competitor offered better deal
CUST-002786,2023-08-27,Midwest,One year,Electronic check,DSL,9,91.16,820.44,0,0,
CUST-002787,2025-12-16,West,Month-to-month,Mailed check,DSL,10,100.41,1004.1,3,0,
CUST-002788,2025-07-09,Northeast,Month-to-month,Mailed check,No internet,5,62.13,310.65,1,0,
CUST-002789,2025-01-26,South,Month-to-month,Mailed check,DSL,1,72.49,72.49,2,0,
CUST-002790,2024-12-23,West,One year,Bank transfer,Fiber optic,29,80.36,2330.44,0,0,
CUST-002791,2022-10-16,South,Month-to-month,Electronic check,DSL,4,56.77,227.08,1,0,
CUST-002792,2023-04-07,South,Two year,Credit card,DSL,12,61.18,734.16,0,0,
CUST-002793,2024-10-07,Midwest,One year,Electronic check,DSL,23,92.15,2119.45,1,0,
CUST-002794,2022-01-10,South,Two year,Credit card,Fiber optic,39,99.37,3875.43,2,0,
CUST-002795,2025-10-31,West,Month-to-month,Electronic check,Fiber optic,5,71.63,358.15,1,0,
CUST-002796,2024-10-17,South,Month-to-month,Credit card,DSL,8,47.83,382.64,2,0,
CUST-002797,2025-06-22,West,One year,Mailed check,Fiber optic,2,63.78,127.56,2,1,Competitor offered better deal
CUST-002798,2025-11-11,Northeast,One year,Bank transfer,DSL,27,44.2,1193.4,0,0,
CUST-002799,2024-07-23,West,One year,Electronic check,Fiber optic,26,71.81,1867.06,0,0,
CUST-002800,2022-07-18,West,Two year,Bank transfer,Fiber optic,29,76.08,2206.32,2,1,Competitor offered better deal
CUST-002801,2022-08-07,West,Two year,Electronic check,Fiber optic,43,64.29,2764.47,1,1,Price too high
CUST-002802,2025-08-30,Northeast,Two year,Electronic check,Fiber optic,8,75.74,605.92,3,0,
CUST-002803,2023-11-06,South,Month-to-month,Bank transfer,Fiber optic,16,80.11,1281.76,2,1,Poor customer service
CUST-002804,2022-10-30,Northeast,Month-to-month,Electronic check,DSL,5,76.11,380.55,1,0,
CUST-002805,2022-07-15,Northeast,Month-to-month,Credit card,Fiber optic,6,47.73,286.38,0,0,
CUST-002806,2024-03-02,Northeast,Month-to-month,Bank transfer,Fiber optic,1,64.65,64.65,2,1,Poor customer service
CUST-002807,2024-04-10,Northeast,Month-to-month,Electronic check,DSL,4,79.93,319.72,5,1,Price too high
CUST-002808,2024-03-18,South,Two year,Credit card,DSL,23,116.19,2672.37,0,0,
CUST-002809,2023-08-05,South,Month-to-month,Electronic check,Fiber optic,8,64.26,514.08,2,1,Price too high
CUST-002810,2022-11-19,Northeast,One year,Credit card,DSL,10,83.62,836.2,2,0,
CUST-002811,2022-07-07,Northeast,One year,Mailed check,Fiber optic,6,92.85,557.1,1,1,Price too high
CUST-002812,2022-02-04,South,One year,Bank transfer,DSL,21,65.83,1382.43,2,0,
CUST-002813,2022-10-10,South,Month-to-month,Credit card,Fiber optic,15,101.24,1518.6,2,0,
CUST-002814,2022-09-11,South,Two year,Electronic check,Fiber optic,47,103.0,4841.0,3,0,
CUST-002815,2022-08-31,South,Month-to-month,Bank transfer,Fiber optic,6,109.04,654.24,1,1,Competitor offered better deal
CUST-002816,2023-07-25,West,Month-to-month,Electronic check,No internet,7,81.18,568.26,3,0,
CUST-002817,2024-02-18,Midwest,Month-to-month,Bank transfer,Fiber optic,22,149.19,3282.18,2,0,
CUST-002818,2022-10-04,South,Two year,Electronic check,DSL,32,57.58,1842.56,2,0,
CUST-002819,2024-03-20,West,One year,Electronic check,DSL,7,138.34,968.38,2,0,
CUST-002820,2024-09-07,South,Two year,Electronic check,Fiber optic,11,89.64,986.04,3,0,
CUST-002821,2023-08-18,Northeast,Month-to-month,Bank transfer,Fiber optic,21,107.65,2260.65,4,1,Frequent service outages
CUST-002822,2023-12-15,Midwest,Month-to-month,Credit card,Fiber optic,1,63.28,63.28,4,1,Frequent service outages
CUST-002823,2024-05-12,South,Month-to-month,Credit card,Fiber optic,10,91.86,918.6,1,1,Price too high
CUST-002824,2023-06-02,Northeast,Two year,Bank transfer,No internet,37,110.68,4095.16,0,0,
CUST-002825,2023-05-24,South,Two year,Credit card,Fiber optic,26,49.5,1287.0,2,0,
CUST-002826,2022-12-07,Northeast,Two year,Credit card,Fiber optic,21,66.54,1397.34,0,0,
CUST-002827,2024-08-02,South,One year,Bank transfer,Fiber optic,24,35.33,847.92,1,0,
CUST-002828,2024-08-25,South,One year,Electronic check,DSL,46,66.22,3046.12,2,0,
CUST-002829,2024-04-05,South,One year,Bank transfer,Fiber optic,25,53.99,1349.75,4,1,Poor customer service
CUST-002830,2025-07-27,Northeast,Month-to-month,Electronic check,Fiber optic,10,65.39,653.9,0,0,
CUST-002831,2022-10-28,West,One year,Credit card,Fiber optic,45,150.0,6750.0,3,0,
CUST-002832,2024-08-08,South,Month-to-month,Mailed check,No internet,8,121.47,971.76,2,1,Price too high
CUST-002833,2023-01-22,South,Month-to-month,Electronic check,DSL,5,44.23,221.15,1,1,Price too high
CUST-002834,2023-08-21,West,Month-to-month,Credit card,Fiber optic,22,83.75,1842.5,0,0,
CUST-002835,2023-02-17,Northeast,Two year,Electronic check,DSL,16,90.53,1448.48,1,0,
CUST-002836,2022-02-10,Northeast,One year,Credit card,DSL,10,62.92,629.2,0,0,
CUST-002837,2024-01-11,Northeast,One year,Credit card,Fiber optic,6,74.22,445.32,0,1,Competitor offered better deal
CUST-002838,2025-02-28,Northeast,One year,Bank transfer,No internet,43,76.58,3292.94,0,0,
CUST-002839,2025-12-05,Northeast,One year,Bank transfer,Fiber optic,16,45.56,728.96,1,0,
CUST-002840,2024-02-06,West,One year,Electronic check,DSL,34,50.4,1713.6,0,0,
CUST-002841,2024-11-14,Midwest,Month-to-month,Mailed check,DSL,6,74.08,444.48,1,0,
CUST-002842,2022-04-06,Northeast,Month-to-month,Credit card,DSL,17,72.37,1230.29,1,0,
CUST-002843,2022-02-10,South,Month-to-month,Electronic check,DSL,30,55.88,1676.4,0,1,Price too high
CUST-002844,2024-11-28,Midwest,Two year,Electronic check,Fiber optic,26,54.37,1413.62,2,0,
CUST-002845,2023-12-19,Midwest,Two year,Mailed check,Fiber optic,33,68.12,2247.96,3,0,
CUST-002846,2022-12-03,West,One year,Bank transfer,Fiber optic,33,93.09,3071.97,0,0,
CUST-002847,2023-12-01,West,One year,Bank transfer,No internet,20,68.41,1368.2,1,0,
CUST-002848,2023-03-13,South,One year,Electronic check,Fiber optic,28,117.83,3299.24,1,0,
CUST-002849,2022-12-22,South,Month-to-month,Electronic check,Fiber optic,13,56.11,729.43,0,1,Poor customer service
CUST-002850,2024-08-09,Northeast,Month-to-month,Credit card,Fiber optic,4,74.57,298.28,2,0,
CUST-002851,2024-08-31,South,One year,Electronic check,Fiber optic,15,62.59,938.85,1,0,
CUST-002852,2022-10-03,Midwest,One year,Electronic check,Fiber optic,2,84.62,169.24,0,1,Competitor offered better deal
CUST-002853,2025-07-21,South,Month-to-month,Electronic check,No internet,9,54.59,491.31,3,0,
CUST-002854,2023-04-16,Midwest,Month-to-month,Credit card,Fiber optic,6,129.9,779.4,4,1,Competitor offered better deal
CUST-002855,2024-07-07,South,Month-to-month,Electronic check,Fiber optic,12,40.81,489.72,0,0,
CUST-002856,2024-10-16,South,Month-to-month,Mailed check,Fiber optic,6,121.38,728.28,1,1,Moving / relocation
CUST-002857,2024-01-09,Northeast,Month-to-month,Bank transfer,DSL,7,72.15,505.05,1,0,
CUST-002858,2023-04-06,Midwest,Month-to-month,Electronic check,DSL,23,83.66,1924.18,0,0,
CUST-002859,2025-09-16,South,One year,Credit card,Fiber optic,45,107.45,4835.25,2,0,
CUST-002860,2022-05-14,West,Month-to-month,Credit card,Fiber optic,7,92.25,645.75,3,0,
CUST-002861,2023-06-03,West,One year,Bank transfer,Fiber optic,14,55.5,777.0,2,0,
CUST-002862,2022-05-27,South,Month-to-month,Mailed check,Fiber optic,20,84.95,1699.0,3,0,
CUST-002863,2024-05-18,South,Month-to-month,Electronic check,DSL,29,127.43,3695.47,1,0,
CUST-002864,2024-03-01,South,Two year,Bank transfer,DSL,22,52.78,1161.16,2,0,
CUST-002865,2023-10-30,Midwest,Two year,Electronic check,Fiber optic,7,138.09,966.63,0,0,
CUST-002866,2025-12-29,South,Month-to-month,Bank transfer,DSL,3,79.31,237.93,1,0,
CUST-002867,2025-02-09,South,Month-to-month,Electronic check,Fiber optic,23,61.03,1403.69,2,1,Frequent service outages
CUST-002868,2024-02-04,West,Month-to-month,Bank transfer,Fiber optic,12,52.68,632.16,2,0,
CUST-002869,2025-02-01,Midwest,Two year,Mailed check,DSL,25,65.27,1631.75,0,0,
CUST-002870,2025-11-28,Midwest,Month-to-month,Bank transfer,DSL,15,37.5,562.5,0,0,
CUST-002871,2024-08-16,Northeast,Month-to-month,Electronic check,Fiber optic,21,61.38,1288.98,1,0,
CUST-002872,2025-08-17,Midwest,One year,Electronic check,Fiber optic,19,64.45,1224.55,2,1,Poor customer service
CUST-002873,2024-01-07,South,Month-to-month,Bank transfer,Fiber optic,6,49.71,298.26,1,0,
CUST-002874,2025-07-05,West,Month-to-month,Bank transfer,Fiber optic,16,89.06,1424.96,3,1,Frequent service outages
CUST-002875,2023-03-21,Northeast,One year,Credit card,Fiber optic,28,65.37,1830.36,3,0,
CUST-002876,2023-10-16,Northeast,Month-to-month,Mailed check,DSL,16,57.2,915.2,1,0,
CUST-002877,2024-12-04,Midwest,One year,Electronic check,Fiber optic,42,63.17,2653.14,2,0,
CUST-002878,2024-04-05,South,One year,Bank transfer,DSL,42,78.54,3298.68,2,0,
CUST-002879,2023-05-29,West,Two year,Mailed check,No internet,12,71.77,861.24,1,0,
CUST-002880,2024-07-16,South,Two year,Credit card,Fiber optic,28,56.02,1568.56,3,0,
CUST-002881,2022-07-17,West,Month-to-month,Electronic check,DSL,3,72.98,218.94,1,1,Price too high
CUST-002882,2022-01-13,South,One year,Credit card,Fiber optic,18,68.98,1241.64,0,0,
CUST-002883,2024-03-02,West,One year,Bank transfer,DSL,34,48.69,1655.46,4,0,
CUST-002884,2022-03-05,South,Month-to-month,Electronic check,No internet,4,63.92,255.68,1,0,
CUST-002885,2022-01-30,South,Two year,Mailed check,No internet,26,84.38,2193.88,1,0,
CUST-002886,2025-11-02,West,Month-to-month,Bank transfer,Fiber optic,12,84.19,1010.28,3,1,Competitor offered better deal
CUST-002887,2023-07-07,South,Month-to-month,Bank transfer,DSL,39,65.13,2540.07,1,0,
CUST-002888,2023-10-05,Midwest,Month-to-month,Mailed check,DSL,5,87.06,435.3,1,0,
CUST-002889,2023-07-20,West,One year,Bank transfer,DSL,11,51.23,563.53,1,1,Price too high
CUST-002890,2025-05-05,South,One year,Bank transfer,No internet,11,51.74,569.14,0,0,
CUST-002891,2023-08-31,West,Month-to-month,Bank transfer,DSL,1,64.69,64.69,0,1,Poor customer service
CUST-002892,2022-06-29,Midwest,One year,Bank transfer,Fiber optic,8,113.21,905.68,1,0,
CUST-002893,2025-01-19,West,Two year,Credit card,Fiber optic,12,73.87,886.44,1,0,
CUST-002894,2023-01-12,West,Month-to-month,Bank transfer,DSL,34,64.19,2182.46,1,1,Competitor offered better deal
CUST-002895,2023-04-12,South,Month-to-month,Mailed check,Fiber optic,19,114.91,2183.29,1,0,
CUST-002896,2022-03-18,West,One year,Electronic check,DSL,23,63.95,1470.85,3,0,
CUST-002897,2025-07-10,West,Month-to-month,Electronic check,DSL,1,143.32,143.32,1,0,
CUST-002898,2025-01-18,West,One year,Electronic check,DSL,33,59.52,1964.16,2,0,
CUST-002899,2022-04-14,South,Month-to-month,Mailed check,DSL,18,50.72,912.96,4,1,Frequent service outages
CUST-002900,2023-01-13,South,Two year,Credit card,Fiber optic,15,66.47,997.05,1,0,
CUST-002901,2025-10-13,West,Month-to-month,Electronic check,DSL,6,64.73,388.38,1,0,
CUST-002902,2025-03-01,South,Two year,Bank transfer,DSL,15,54.14,812.1,0,0,
CUST-002903,2023-06-11,Northeast,One year,Electronic check,Fiber optic,3,150.0,450.0,1,0,
CUST-002904,2025-02-12,Northeast,Two year,Electronic check,Fiber optic,14,77.63,1086.82,2,0,
CUST-002905,2023-05-31,West,Month-to-month,Mailed check,DSL,45,81.33,3659.85,0,0,
CUST-002906,2022-05-31,Northeast,One year,Bank transfer,Fiber optic,24,60.47,1451.28,2,1,Moving / relocation
CUST-002907,2024-02-12,South,Month-to-month,Electronic check,Fiber optic,22,58.27,1281.94,1,0,
CUST-002908,2023-02-22,West,Month-to-month,Electronic check,Fiber optic,14,97.34,1362.76,0,1,Moving / relocation
CUST-002909,2025-12-09,South,Month-to-month,Bank transfer,DSL,10,41.01,410.1,4,0,
CUST-002910,2024-02-22,Midwest,One year,Mailed check,Fiber optic,26,48.63,1264.38,3,0,
CUST-002911,2023-01-30,West,Month-to-month,Mailed check,Fiber optic,9,64.77,582.93,3,0,
CUST-002912,2025-03-24,South,One year,Mailed check,DSL,7,108.02,756.14,1,0,
CUST-002913,2025-06-17,Northeast,One year,Mailed check,Fiber optic,34,62.19,2114.46,0,0,
CUST-002914,2025-03-11,Midwest,Month-to-month,Electronic check,Fiber optic,17,80.09,1361.53,1,0,
CUST-002915,2025-12-05,West,Month-to-month,Electronic check,Fiber optic,5,70.73,353.65,2,1,Frequent service outages
CUST-002916,2024-02-27,South,Two year,Bank transfer,Fiber optic,32,106.14,3396.48,2,0,
CUST-002917,2023-06-12,South,Month-to-month,Bank transfer,Fiber optic,39,42.22,1646.58,1,1,Price too high
CUST-002918,2024-10-12,Northeast,Two year,Credit card,Fiber optic,25,88.72,2218.0,1,0,
CUST-002919,2022-06-05,Midwest,Month-to-month,Credit card,Fiber optic,5,65.78,328.9,2,0,
CUST-002920,2025-10-04,South,One year,Electronic check,Fiber optic,28,94.25,2639.0,2,0,
CUST-002921,2025-04-03,Northeast,One year,Electronic check,Fiber optic,24,53.94,1294.56,3,0,
CUST-002922,2023-08-24,West,One year,Credit card,Fiber optic,11,70.65,777.15,2,0,
CUST-002923,2023-05-30,Northeast,One year,Mailed check,Fiber optic,8,67.84,542.72,2,0,
CUST-002924,2022-07-11,Midwest,Two year,Bank transfer,Fiber optic,36,50.87,1831.32,2,0,
CUST-002925,2023-10-30,Northeast,Month-to-month,Bank transfer,Fiber optic,16,46.54,744.64,1,0,
CUST-002926,2022-07-18,Midwest,Month-to-month,Bank transfer,DSL,14,58.22,815.08,1,0,
CUST-002927,2022-07-28,Midwest,Two year,Electronic check,No internet,34,73.08,2484.72,1,0,
CUST-002928,2023-07-02,South,Two year,Electronic check,Fiber optic,13,55.03,715.39,0,0,
CUST-002929,2024-10-05,West,Month-to-month,Electronic check,DSL,3,63.08,189.24,1,0,
CUST-002930,2022-06-19,Midwest,One year,Electronic check,Fiber optic,27,38.34,1035.18,0,0,
CUST-002931,2022-08-30,Midwest,Month-to-month,Electronic check,Fiber optic,13,62.26,809.38,1,1,Moving / relocation
CUST-002932,2025-07-11,Midwest,Two year,Bank transfer,Fiber optic,42,97.28,4085.76,2,0,
CUST-002933,2025-08-12,Northeast,One year,Mailed check,Fiber optic,12,87.85,1054.2,1,1,Competitor offered better deal
CUST-002934,2024-03-01,Northeast,Month-to-month,Electronic check,DSL,12,68.18,818.16,0,0,
CUST-002935,2022-11-29,Midwest,Month-to-month,Electronic check,Fiber optic,42,75.79,3183.18,2,0,
CUST-002936,2025-01-28,Midwest,One year,Credit card,DSL,17,53.78,914.26,1,0,
CUST-002937,2022-08-06,Northeast,One year,Electronic check,DSL,30,117.9,3537.0,2,1,Poor customer service
CUST-002938,2025-12-22,West,Two year,Electronic check,DSL,46,135.87,6250.02,2,0,
CUST-002939,2022-03-30,Northeast,One year,Bank transfer,Fiber optic,38,73.9,2808.2,0,0,
CUST-002940,2023-08-14,South,Month-to-month,Electronic check,Fiber optic,13,150.0,1950.0,0,0,
CUST-002941,2023-06-13,Midwest,One year,Electronic check,DSL,39,56.39,2199.21,2,0,
CUST-002942,2025-03-17,South,One year,Electronic check,Fiber optic,20,46.98,939.6,1,0,
CUST-002943,2025-12-22,Northeast,Month-to-month,Credit card,DSL,3,55.86,167.58,0,0,
CUST-002944,2024-12-08,Northeast,Month-to-month,Bank transfer,Fiber optic,14,65.35,914.9,0,1,Price too high
CUST-002945,2022-09-16,Midwest,One year,Bank transfer,DSL,37,146.92,5436.04,1,1,Frequent service outages
CUST-002946,2023-01-07,South,Month-to-month,Credit card,DSL,8,64.07,512.56,2,0,
CUST-002947,2022-01-11,West,Two year,Bank transfer,Fiber optic,33,53.25,1757.25,2,1,Competitor offered better deal
CUST-002948,2022-06-19,South,One year,Electronic check,No internet,28,52.59,1472.52,1,0,
CUST-002949,2022-12-13,South,One year,Bank transfer,DSL,28,100.97,2827.16,1,0,
CUST-002950,2022-01-15,South,Month-to-month,Bank transfer,Fiber optic,6,96.46,578.76,1,0,
CUST-002951,2022-12-26,West,Month-to-month,Mailed check,Fiber optic,1,60.02,60.02,2,0,
CUST-002952,2025-04-22,South,Month-to-month,Credit card,DSL,3,38.47,115.41,2,1,Moving / relocation
CUST-002953,2022-10-22,Midwest,Two year,Electronic check,DSL,44,48.85,2149.4,1,0,
CUST-002954,2025-12-02,South,One year,Electronic check,No internet,32,121.61,3891.52,3,0,
CUST-002955,2022-11-26,West,One year,Mailed check,DSL,13,87.39,1136.07,1,1,Moving / relocation
CUST-002956,2023-07-20,West,Two year,Electronic check,Fiber optic,21,71.59,1503.39,2,0,
CUST-002957,2024-07-19,West,Two year,Credit card,Fiber optic,8,127.49,1019.92,1,1,Moving / relocation
CUST-002958,2024-02-19,Northeast,Two year,Bank transfer,DSL,12,131.19,1574.28,2,1,Competitor offered better deal
CUST-002959,2022-09-14,South,Month-to-month,Electronic check,Fiber optic,21,69.3,1455.3,2,1,Moving / relocation
CUST-002960,2022-10-14,South,One year,Bank transfer,No internet,17,69.71,1185.07,0,0,
CUST-002961,2022-12-30,West,One year,Credit card,DSL,34,58.19,1978.46,2,0,
CUST-002962,2025-02-09,Northeast,One year,Mailed check,No internet,31,64.0,1984.0,2,0,
CUST-002963,2024-09-26,South,Month-to-month,Bank transfer,DSL,5,43.57,217.85,1,1,Competitor offered better deal
CUST-002964,2022-01-31,South,One year,Bank transfer,DSL,5,43.51,217.55,3,1,Price too high
CUST-002965,2023-01-20,Northeast,One year,Electronic check,DSL,48,40.4,1939.2,3,1,Price too high
CUST-002966,2022-07-17,West,Two year,Bank transfer,DSL,42,99.19,4165.98,0,0,
CUST-002967,2024-12-28,South,Two year,Bank transfer,DSL,18,42.54,765.72,0,0,
CUST-002968,2025-10-04,Northeast,Month-to-month,Credit card,DSL,17,130.84,2224.28,2,1,Price too high
CUST-002969,2022-03-08,South,Month-to-month,Credit card,Fiber optic,1,55.49,55.49,0,1,Price too high
CUST-002970,2023-03-22,South,Two year,Credit card,No internet,46,122.24,5623.04,2,1,Moving / relocation
CUST-002971,2025-10-13,Northeast,Month-to-month,Electronic check,DSL,36,62.38,2245.68,0,0,
CUST-002972,2024-02-29,West,One year,Credit card,Fiber optic,4,42.47,169.88,0,1,Price too high
CUST-002973,2023-11-12,South,Month-to-month,Bank transfer,Fiber optic,44,105.72,4651.68,3,1,Moving / relocation
CUST-002974,2023-10-13,South,Month-to-month,Mailed check,Fiber optic,13,109.79,1427.27,2,0,
CUST-002975,2022-09-28,South,Month-to-month,Credit card,DSL,1,52.46,52.46,1,0,
CUST-002976,2022-09-17,Midwest,One year,Credit card,Fiber optic,32,63.05,2017.6,2,0,
CUST-002977,2023-07-18,South,Two year,Credit card,Fiber optic,23,52.46,1206.58,1,0,
CUST-002978,2024-10-29,Midwest,Month-to-month,Electronic check,Fiber optic,1,67.45,67.45,2,1,Price too high
CUST-002979,2024-11-21,West,Month-to-month,Electronic check,Fiber optic,13,72.57,943.41,3,1,Moving / relocation
CUST-002980,2025-08-13,West,Two year,Credit card,No internet,35,62.65,2192.75,0,0,
CUST-002981,2024-04-27,West,Two year,Credit card,DSL,18,39.17,705.06,3,0,
CUST-002982,2024-04-08,Northeast,Month-to-month,Electronic check,Fiber optic,5,58.21,291.05,1,1,Poor customer service
CUST-002983,2023-03-21,South,Two year,Electronic check,No internet,32,87.81,2809.92,2,0,
CUST-002984,2023-01-23,West,Month-to-month,Bank transfer,Fiber optic,32,65.57,2098.24,0,0,
CUST-002985,2024-10-02,Midwest,Two year,Electronic check,No internet,16,63.13,1010.08,0,0,
CUST-002986,2025-05-26,Midwest,Two year,Bank transfer,No internet,41,52.05,2134.05,3,0,
CUST-002987,2025-04-01,Midwest,Two year,Credit card,DSL,28,57.67,1614.76,4,0,
CUST-002988,2023-03-07,Northeast,One year,Electronic check,DSL,8,110.04,880.32,0,1,Price too high
CUST-002989,2023-12-31,Northeast,Two year,Bank transfer,DSL,16,48.68,778.88,1,0,
CUST-002990,2025-04-07,Northeast,One year,Bank transfer,Fiber optic,31,88.29,2736.99,0,0,
CUST-002991,2022-12-28,Midwest,Month-to-month,Electronic check,Fiber optic,5,71.17,355.85,0,0,
CUST-002992,2025-06-06,South,Month-to-month,Mailed check,Fiber optic,1,75.82,75.82,1,1,Price too high
CUST-002993,2023-01-17,South,Month-to-month,Bank transfer,Fiber optic,14,55.46,776.44,2,0,
CUST-002994,2025-05-28,South,Two year,Credit card,Fiber optic,22,62.64,1378.08,2,0,
CUST-002995,2025-05-24,West,One year,Bank transfer,No internet,13,69.98,909.74,3,0,
CUST-002996,2024-11-19,West,Two year,Credit card,Fiber optic,23,59.35,1365.05,2,0,
CUST-002997,2022-12-10,Midwest,Month-to-month,Electronic check,Fiber optic,9,77.95,701.55,1,0,
CUST-002998,2025-11-02,South,Two year,Credit card,Fiber optic,18,81.16,1460.88,1,0,
CUST-002999,2025-02-23,West,Month-to-month,Bank transfer,Fiber optic,12,140.51,1686.12,0,1,Price too high
CUST-003000,2025-07-31,Northeast,Two year,Mailed check,DSL,29,76.63,2222.27,0,0,
CUST-003001,2024-06-27,Midwest,Month-to-month,Electronic check,DSL,33,38.02,1254.66,1,0,
CUST-003002,2025-09-26,South,Two year,Electronic check,DSL,44,101.71,4475.24,0,0,
CUST-003003,2022-08-21,South,Month-to-month,Mailed check,DSL,4,65.68,262.72,4,0,
CUST-003004,2023-09-19,South,One year,Credit card,DSL,16,133.46,2135.36,2,0,
CUST-003005,2022-03-19,Northeast,Month-to-month,Credit card,Fiber optic,13,112.25,1459.25,2,0,
CUST-003006,2022-12-21,South,Two year,Electronic check,Fiber optic,27,59.64,1610.28,1,0,
CUST-003007,2022-01-27,West,Two year,Mailed check,Fiber optic,26,88.32,2296.32,0,0,
CUST-003008,2025-12-28,West,One year,Bank transfer,Fiber optic,31,57.97,1797.07,2,0,
CUST-003009,2022-09-01,South,Two year,Credit card,No internet,45,70.17,3157.65,1,0,
CUST-003010,2022-07-23,West,Two year,Credit card,DSL,38,87.04,3307.52,1,0,
CUST-003011,2022-05-02,West,Month-to-month,Electronic check,Fiber optic,10,100.1,1001.0,1,0,
CUST-003012,2024-05-01,Northeast,Month-to-month,Electronic check,Fiber optic,2,93.36,186.72,1,1,Price too high
CUST-003013,2025-10-19,South,Month-to-month,Electronic check,DSL,4,71.81,287.24,1,1,Frequent service outages
CUST-003014,2024-10-07,West,Month-to-month,Bank transfer,No internet,46,150.0,6900.0,5,0,
CUST-003015,2025-04-26,South,One year,Electronic check,No internet,13,62.38,810.94,3,0,
CUST-003016,2023-06-06,West,Month-to-month,Electronic check,DSL,3,41.92,125.76,0,1,Price too high
CUST-003017,2022-08-16,South,One year,Credit card,DSL,33,44.58,1471.14,1,0,
CUST-003018,2023-02-13,Northeast,Two year,Mailed check,Fiber optic,16,112.36,1797.76,2,0,
CUST-003019,2024-11-22,Northeast,Month-to-month,Credit card,Fiber optic,43,68.41,2941.63,0,0,
CUST-003020,2022-08-05,South,Two year,Credit card,Fiber optic,28,73.77,2065.56,0,0,
CUST-003021,2023-12-30,Midwest,Two year,Electronic check,DSL,26,58.93,1532.18,1,0,
CUST-003022,2022-03-01,South,One year,Electronic check,No internet,10,60.65,606.5,1,0,
CUST-003023,2022-06-12,Midwest,Month-to-month,Bank transfer,No internet,1,54.5,54.5,1,0,
CUST-003024,2025-11-28,Northeast,Month-to-month,Bank transfer,Fiber optic,8,81.51,652.08,2,1,Poor customer service
CUST-003025,2023-08-09,Midwest,Two year,Bank transfer,Fiber optic,27,67.95,1834.65,2,0,
CUST-003026,2023-10-03,South,One year,Credit card,Fiber optic,9,80.58,725.22,2,0,
CUST-003027,2023-03-12,Midwest,Two year,Credit card,DSL,9,78.15,703.35,1,0,
CUST-003028,2023-02-28,West,One year,Bank transfer,DSL,37,61.17,2263.29,2,0,
CUST-003029,2024-10-04,West,One year,Electronic check,DSL,10,43.96,439.6,0,1,Moving / relocation
CUST-003030,2022-09-28,Northeast,Month-to-month,Mailed check,No internet,8,42.75,342.0,1,1,Competitor offered better deal
CUST-003031,2024-01-20,Midwest,Month-to-month,Bank transfer,DSL,1,150.0,150.0,1,0,
CUST-003032,2022-12-05,Northeast,One year,Electronic check,DSL,20,112.51,2250.2,2,1,Frequent service outages
CUST-003033,2022-03-03,South,Month-to-month,Credit card,No internet,31,107.65,3337.15,2,1,Price too high
CUST-003034,2024-02-08,South,Month-to-month,Mailed check,DSL,8,56.49,451.92,0,0,
CUST-003035,2022-09-20,Northeast,Month-to-month,Electronic check,Fiber optic,8,70.32,562.56,6,1,Frequent service outages
CUST-003036,2022-12-24,South,Month-to-month,Credit card,Fiber optic,32,54.01,1728.32,1,0,
CUST-003037,2025-04-29,Midwest,One year,Bank transfer,Fiber optic,37,46.07,1704.59,1,0,
CUST-003038,2023-02-02,South,Month-to-month,Electronic check,Fiber optic,11,58.07,638.77,3,0,
CUST-003039,2024-07-29,South,Month-to-month,Bank transfer,Fiber optic,17,107.17,1821.89,1,1,Competitor offered better deal
CUST-003040,2025-12-13,Northeast,One year,Bank transfer,DSL,15,91.75,1376.25,1,1,Price too high
CUST-003041,2023-08-12,West,One year,Mailed check,Fiber optic,4,51.4,205.6,0,0,
CUST-003042,2024-05-15,Northeast,Month-to-month,Mailed check,Fiber optic,21,63.39,1331.19,1,0,
CUST-003043,2022-06-03,South,Month-to-month,Bank transfer,Fiber optic,12,89.1,1069.2,2,0,
CUST-003044,2022-05-30,West,One year,Bank transfer,DSL,22,58.4,1284.8,2,1,Moving / relocation
CUST-003045,2024-12-29,West,Month-to-month,Electronic check,Fiber optic,14,71.91,1006.74,1,0,
CUST-003046,2025-01-06,South,Month-to-month,Electronic check,Fiber optic,3,79.73,239.19,3,0,
CUST-003047,2023-01-26,South,One year,Bank transfer,DSL,44,79.45,3495.8,0,0,
CUST-003048,2022-04-25,South,Two year,Electronic check,DSL,11,76.05,836.55,0,0,
CUST-003049,2023-04-14,Northeast,Month-to-month,Credit card,Fiber optic,5,56.87,284.35,3,1,Competitor offered better deal
CUST-003050,2023-04-11,South,Two year,Electronic check,DSL,17,58.77,999.09,4,0,
CUST-003051,2023-05-23,Midwest,Month-to-month,Bank transfer,Fiber optic,7,48.78,341.46,1,0,
CUST-003052,2023-05-11,West,Month-to-month,Credit card,DSL,13,42.54,553.02,0,0,
CUST-003053,2025-08-14,Northeast,Month-to-month,Mailed check,DSL,10,67.58,675.8,1,1,Price too high
CUST-003054,2024-10-09,South,One year,Bank transfer,Fiber optic,15,91.03,1365.45,0,0,
CUST-003055,2022-08-13,West,One year,Electronic check,Fiber optic,14,45.07,630.98,1,0,
CUST-003056,2022-04-21,Northeast,Month-to-month,Bank transfer,Fiber optic,2,76.5,153.0,2,1,Frequent service outages
CUST-003057,2025-10-10,South,Two year,Credit card,Fiber optic,1,90.11,90.11,0,0,
CUST-003058,2024-04-25,South,One year,Credit card,Fiber optic,11,38.95,428.45,1,0,
CUST-003059,2022-10-23,Northeast,Month-to-month,Mailed check,Fiber optic,12,64.29,771.48,0,1,Moving / relocation
CUST-003060,2024-02-11,South,Month-to-month,Credit card,Fiber optic,5,118.72,593.6,2,1,Competitor offered better deal
CUST-003061,2022-10-25,Midwest,Month-to-month,Credit card,DSL,14,83.65,1171.1,2,1,Frequent service outages
CUST-003062,2023-05-06,South,One year,Mailed check,DSL,14,38.53,539.42,1,0,
CUST-003063,2023-06-21,Northeast,Two year,Credit card,No internet,21,86.55,1817.55,2,0,
CUST-003064,2023-12-05,Midwest,One year,Electronic check,Fiber optic,10,55.19,551.9,3,0,
CUST-003065,2024-10-13,Northeast,Month-to-month,Credit card,Fiber optic,15,87.46,1311.9,1,1,Moving / relocation
CUST-003066,2023-11-12,South,One year,Credit card,Fiber optic,34,56.21,1911.14,1,1,Moving / relocation
CUST-003067,2022-08-15,West,Month-to-month,Bank transfer,Fiber optic,37,68.93,2550.41,2,1,Price too high
CUST-003068,2025-11-24,Northeast,Month-to-month,Mailed check,Fiber optic,3,59.03,177.09,1,1,Poor customer service
CUST-003069,2023-03-06,Northeast,One year,Credit card,Fiber optic,11,70.18,771.98,2,1,Poor customer service
CUST-003070,2024-09-07,West,Month-to-month,Electronic check,DSL,6,58.47,350.82,4,1,Competitor offered better deal
CUST-003071,2023-08-22,South,Month-to-month,Bank transfer,Fiber optic,25,65.27,1631.75,2,0,
CUST-003072,2023-03-09,South,One year,Bank transfer,Fiber optic,9,48.13,433.17,1,1,Competitor offered better deal
CUST-003073,2024-05-24,Midwest,Month-to-month,Mailed check,DSL,18,82.02,1476.36,4,1,Poor customer service
CUST-003074,2025-03-09,Northeast,Month-to-month,Electronic check,Fiber optic,6,74.15,444.9,1,1,Moving / relocation
CUST-003075,2023-11-24,Midwest,Two year,Electronic check,No internet,42,41.79,1755.18,5,0,
CUST-003076,2023-10-20,South,Month-to-month,Credit card,DSL,29,96.33,2793.57,1,0,
CUST-003077,2024-03-29,South,Month-to-month,Credit card,Fiber optic,2,66.26,132.52,2,1,Moving / relocation
CUST-003078,2022-05-21,West,Two year,Credit card,Fiber optic,25,73.83,1845.75,1,1,Price too high
CUST-003079,2022-09-15,Northeast,Month-to-month,Bank transfer,No internet,15,89.54,1343.1,2,1,Poor customer service
CUST-003080,2022-07-25,South,Two year,Bank transfer,DSL,33,77.87,2569.71,1,0,
CUST-003081,2023-05-25,South,One year,Bank transfer,No internet,14,101.79,1425.06,2,0,
CUST-003082,2024-04-07,Northeast,One year,Bank transfer,Fiber optic,43,63.83,2744.69,0,0,
CUST-003083,2024-03-06,Midwest,Month-to-month,Credit card,DSL,9,97.61,878.49,3,0,
CUST-003084,2022-08-27,South,Month-to-month,Electronic check,Fiber optic,12,72.92,875.04,1,0,
CUST-003085,2024-09-19,Midwest,Two year,Credit card,Fiber optic,8,82.47,659.76,0,0,
CUST-003086,2025-05-02,West,Month-to-month,Credit card,Fiber optic,26,79.77,2074.02,0,0,
CUST-003087,2025-03-23,Midwest,One year,Mailed check,DSL,14,104.28,1459.92,3,0,
CUST-003088,2022-08-25,West,Two year,Credit card,DSL,13,88.31,1148.03,1,0,
CUST-003089,2023-04-25,South,One year,Credit card,DSL,17,60.84,1034.28,2,0,
CUST-003090,2023-06-26,West,Month-to-month,Electronic check,Fiber optic,13,57.1,742.3,1,0,
CUST-003091,2022-06-30,South,Month-to-month,Electronic check,No internet,4,69.0,276.0,0,0,
CUST-003092,2024-03-23,West,Two year,Bank transfer,Fiber optic,29,54.97,1594.13,1,0,
CUST-003093,2025-08-19,Midwest,Month-to-month,Credit card,No internet,47,50.06,2352.82,0,0,
CUST-003094,2025-12-27,Northeast,One year,Electronic check,DSL,2,35.48,70.96,1,0,
CUST-003095,2023-11-25,South,Month-to-month,Bank transfer,Fiber optic,3,42.7,128.1,3,1,Price too high
CUST-003096,2022-03-10,Midwest,Two year,Bank transfer,DSL,27,132.33,3572.91,1,1,Frequent service outages
CUST-003097,2025-04-03,South,Month-to-month,Mailed check,DSL,3,56.82,170.46,1,0,
CUST-003098,2024-07-13,Midwest,Month-to-month,Electronic check,Fiber optic,23,128.91,2964.93,0,0,
CUST-003099,2025-04-11,South,One year,Electronic check,Fiber optic,14,79.76,1116.64,2,0,
CUST-003100,2023-12-29,South,Month-to-month,Credit card,No internet,14,69.0,966.0,0,0,
CUST-003101,2024-07-23,South,Month-to-month,Electronic check,No internet,15,43.37,650.55,1,0,
CUST-003102,2023-10-23,Midwest,Month-to-month,Bank transfer,DSL,10,70.21,702.1,1,1,Moving / relocation
CUST-003103,2022-12-25,South,One year,Bank transfer,Fiber optic,2,128.44,256.88,1,1,Competitor offered better deal
CUST-003104,2022-12-14,West,Month-to-month,Credit card,Fiber optic,12,115.4,1384.8,1,0,
CUST-003105,2025-02-03,Midwest,Month-to-month,Credit card,Fiber optic,5,76.54,382.7,1,1,Price too high
CUST-003106,2022-01-12,Northeast,One year,Credit card,DSL,22,48.54,1067.88,2,0,
CUST-003107,2025-06-01,South,One year,Bank transfer,Fiber optic,45,51.61,2322.45,0,0,
CUST-003108,2025-03-26,South,Month-to-month,Electronic check,Fiber optic,4,53.37,213.48,2,1,Moving / relocation
CUST-003109,2025-01-13,South,One year,Electronic check,DSL,39,105.53,4115.67,2,0,
CUST-003110,2025-01-05,South,Two year,Bank transfer,No internet,8,118.17,945.36,2,1,Moving / relocation
CUST-003111,2025-05-22,South,One year,Electronic check,Fiber optic,7,74.64,522.48,3,1,Moving / relocation
CUST-003112,2022-06-12,West,Two year,Electronic check,Fiber optic,19,63.63,1208.97,2,0,
CUST-003113,2024-01-01,Midwest,Month-to-month,Mailed check,DSL,5,115.08,575.4,0,0,
CUST-003114,2024-03-09,Midwest,Two year,Mailed check,Fiber optic,41,51.26,2101.66,1,0,
CUST-003115,2023-12-30,West,Two year,Bank transfer,Fiber optic,27,71.28,1924.56,2,0,
CUST-003116,2023-05-07,West,One year,Credit card,Fiber optic,7,81.3,569.1,1,1,Frequent service outages
CUST-003117,2025-06-25,South,Two year,Mailed check,Fiber optic,29,53.19,1542.51,0,0,
CUST-003118,2022-06-07,South,Month-to-month,Electronic check,DSL,43,57.2,2459.6,1,0,
CUST-003119,2023-07-03,South,Month-to-month,Bank transfer,Fiber optic,2,55.79,111.58,2,1,Price too high
CUST-003120,2023-11-03,South,One year,Mailed check,DSL,12,110.32,1323.84,1,0,
CUST-003121,2022-09-17,South,One year,Credit card,Fiber optic,7,129.36,905.52,1,1,Competitor offered better deal
CUST-003122,2022-01-07,South,Month-to-month,Mailed check,DSL,22,72.73,1600.06,1,0,
CUST-003123,2025-04-23,South,One year,Mailed check,DSL,23,64.34,1479.82,2,0,
CUST-003124,2023-11-18,West,One year,Bank transfer,DSL,17,57.86,983.62,2,0,
CUST-003125,2022-02-18,Midwest,One year,Bank transfer,Fiber optic,6,70.14,420.84,1,0,
CUST-003126,2022-07-27,South,Month-to-month,Bank transfer,DSL,6,58.79,352.74,1,0,
CUST-003127,2023-02-10,South,One year,Electronic check,No internet,26,67.96,1766.96,2,0,
CUST-003128,2023-05-31,West,Two year,Mailed check,Fiber optic,46,80.02,3680.92,5,0,
CUST-003129,2023-02-21,South,Two year,Electronic check,Fiber optic,29,61.58,1785.82,2,0,
CUST-003130,2023-07-04,West,Two year,Credit card,Fiber optic,22,65.98,1451.56,1,0,
CUST-003131,2022-12-18,Northeast,One year,Electronic check,No internet,26,66.07,1717.82,0,0,
CUST-003132,2022-04-16,South,Month-to-month,Electronic check,Fiber optic,34,63.33,2153.22,0,0,
CUST-003133,2025-12-11,Northeast,Two year,Bank transfer,Fiber optic,35,60.87,2130.45,1,0,
CUST-003134,2024-06-21,South,Month-to-month,Bank transfer,No internet,6,89.47,536.82,0,0,
CUST-003135,2022-10-12,Midwest,Two year,Mailed check,Fiber optic,37,39.78,1471.86,0,0,
CUST-003136,2024-01-17,South,Month-to-month,Credit card,Fiber optic,2,116.02,232.04,1,1,Competitor offered better deal
CUST-003137,2023-08-10,South,One year,Bank transfer,DSL,30,73.21,2196.3,3,0,
CUST-003138,2024-08-22,West,Two year,Credit card,Fiber optic,30,85.22,2556.6,1,0,
CUST-003139,2024-01-18,Northeast,One year,Mailed check,Fiber optic,34,88.41,3005.94,1,1,Moving / relocation
CUST-003140,2025-04-19,Midwest,Month-to-month,Bank transfer,Fiber optic,36,55.89,2012.04,0,1,Frequent service outages
CUST-003141,2022-07-28,South,One year,Mailed check,DSL,15,52.32,784.8,0,0,
CUST-003142,2023-04-19,Midwest,Month-to-month,Mailed check,DSL,30,50.38,1511.4,1,0,
CUST-003143,2024-04-24,Northeast,Month-to-month,Electronic check,Fiber optic,2,64.78,129.56,0,0,
CUST-003144,2024-01-10,South,One year,Electronic check,DSL,26,87.68,2279.68,0,0,
CUST-003145,2023-07-04,South,One year,Credit card,No internet,44,58.16,2559.04,4,0,
CUST-003146,2025-02-07,South,Two year,Credit card,Fiber optic,31,85.16,2639.96,0,0,
CUST-003147,2023-07-11,Northeast,Month-to-month,Electronic check,No internet,13,32.86,427.18,2,0,
CUST-003148,2023-06-02,Midwest,One year,Electronic check,No internet,30,61.97,1859.1,4,0,
CUST-003149,2023-11-25,South,Month-to-month,Electronic check,Fiber optic,18,101.85,1833.3,0,0,
CUST-003150,2024-03-22,West,Two year,Bank transfer,DSL,8,66.37,530.96,1,0,
CUST-003151,2022-09-23,Midwest,Month-to-month,Electronic check,DSL,11,53.77,591.47,1,0,
CUST-003152,2024-03-30,South,Two year,Credit card,DSL,17,56.82,965.94,1,0,
CUST-003153,2023-01-12,West,Month-to-month,Electronic check,DSL,10,26.6,266.0,4,1,Price too high
CUST-003154,2023-01-13,Northeast,Month-to-month,Bank transfer,Fiber optic,22,50.72,1115.84,1,1,Frequent service outages
CUST-003155,2024-07-23,South,Month-to-month,Credit card,No internet,5,98.33,491.65,2,1,Poor customer service
CUST-003156,2024-02-18,Northeast,One year,Electronic check,Fiber optic,37,58.18,2152.66,0,1,Poor customer service
CUST-003157,2025-09-11,West,One year,Credit card,DSL,20,60.42,1208.4,1,0,
CUST-003158,2022-12-21,Midwest,Two year,Credit card,No internet,47,33.24,1562.28,0,1,Moving / relocation
CUST-003159,2024-01-06,South,One year,Bank transfer,Fiber optic,1,41.6,41.6,1,1,Price too high
CUST-003160,2022-08-06,West,One year,Electronic check,DSL,47,102.6,4822.2,2,0,
CUST-003161,2023-06-17,Midwest,One year,Bank transfer,DSL,9,85.42,768.78,2,0,
CUST-003162,2025-03-11,South,One year,Mailed check,No internet,40,46.29,1851.6,2,0,
CUST-003163,2024-01-08,South,One year,Credit card,Fiber optic,12,57.3,687.6,1,0,
CUST-003164,2025-06-13,South,Month-to-month,Bank transfer,DSL,23,69.45,1597.35,0,0,
CUST-003165,2024-08-09,Northeast,Month-to-month,Credit card,Fiber optic,10,47.81,478.1,1,0,
CUST-003166,2025-03-18,Northeast,One year,Bank transfer,Fiber optic,29,36.92,1070.68,2,0,
CUST-003167,2022-07-08,West,Month-to-month,Electronic check,Fiber optic,12,66.62,799.44,3,1,Price too high
CUST-003168,2024-06-21,Midwest,One year,Bank transfer,Fiber optic,9,84.2,757.8,0,0,
CUST-003169,2025-07-02,South,Month-to-month,Credit card,DSL,17,84.72,1440.24,0,0,
CUST-003170,2022-04-20,South,Month-to-month,Mailed check,Fiber optic,23,92.77,2133.71,1,1,Poor customer service
CUST-003171,2022-07-14,Northeast,Two year,Mailed check,Fiber optic,36,42.64,1535.04,1,0,
CUST-003172,2024-02-15,Midwest,One year,Credit card,Fiber optic,13,71.42,928.46,3,1,Poor customer service
CUST-003173,2025-01-29,Northeast,Two year,Mailed check,No internet,28,64.33,1801.24,2,0,
CUST-003174,2025-10-22,Northeast,Month-to-month,Credit card,Fiber optic,1,68.18,68.18,2,0,
CUST-003175,2024-05-15,West,Month-to-month,Electronic check,Fiber optic,2,65.51,131.02,0,0,
CUST-003176,2025-08-16,South,Month-to-month,Credit card,DSL,41,56.75,2326.75,3,1,Moving / relocation
CUST-003177,2023-11-29,Midwest,One year,Bank transfer,No internet,41,26.69,1094.29,3,0,
CUST-003178,2025-03-24,South,Month-to-month,Electronic check,DSL,22,101.68,2236.96,0,0,
CUST-003179,2022-07-09,South,One year,Electronic check,Fiber optic,16,77.91,1246.56,1,0,
CUST-003180,2024-10-11,Northeast,Month-to-month,Electronic check,Fiber optic,13,43.6,566.8,1,1,Competitor offered better deal
CUST-003181,2023-03-10,Midwest,Two year,Bank transfer,Fiber optic,17,81.57,1386.69,0,0,
CUST-003182,2024-01-09,South,One year,Mailed check,DSL,13,60.76,789.88,1,0,
CUST-003183,2025-06-27,Midwest,Two year,Electronic check,Fiber optic,36,61.31,2207.16,0,1,Frequent service outages
CUST-003184,2023-10-04,Midwest,Month-to-month,Bank transfer,Fiber optic,5,54.82,274.1,1,1,Frequent service outages
CUST-003185,2022-05-01,South,Month-to-month,Credit card,Fiber optic,20,83.25,1665.0,1,0,
CUST-003186,2024-05-13,South,Month-to-month,Electronic check,Fiber optic,21,54.27,1139.67,0,1,Price too high
CUST-003187,2022-03-17,South,One year,Bank transfer,Fiber optic,15,49.35,740.25,0,1,Competitor offered better deal
CUST-003188,2023-11-23,South,One year,Credit card,Fiber optic,30,100.7,3021.0,0,1,Frequent service outages
CUST-003189,2022-09-24,West,Month-to-month,Bank transfer,Fiber optic,5,66.21,331.05,3,1,Moving / relocation
CUST-003190,2023-08-27,Northeast,One year,Credit card,Fiber optic,48,66.87,3209.76,4,1,Price too high
CUST-003191,2024-10-01,Northeast,Two year,Bank transfer,Fiber optic,1,87.5,87.5,1,0,
CUST-003192,2024-05-23,West,Month-to-month,Bank transfer,DSL,17,56.62,962.54,2,0,
CUST-003193,2022-11-27,Midwest,Month-to-month,Credit card,DSL,38,60.35,2293.3,1,0,
CUST-003194,2025-09-01,Northeast,Month-to-month,Electronic check,DSL,12,77.31,927.72,2,1,Price too high
CUST-003195,2022-09-03,Northeast,One year,Bank transfer,Fiber optic,44,42.81,1883.64,1,1,Price too high
CUST-003196,2022-11-16,South,Month-to-month,Bank transfer,DSL,13,75.25,978.25,3,0,
CUST-003197,2024-08-30,South,One year,Electronic check,Fiber optic,17,55.05,935.85,1,0,
CUST-003198,2022-07-18,Midwest,Month-to-month,Bank transfer,Fiber optic,5,92.18,460.9,0,0,
CUST-003199,2025-12-06,Midwest,Month-to-month,Credit card,Fiber optic,4,83.51,334.04,3,0,
CUST-003200,2022-08-19,West,Month-to-month,Electronic check,No internet,19,80.05,1520.95,0,1,Moving / relocation
CUST-003201,2023-07-17,Midwest,Month-to-month,Mailed check,Fiber optic,27,41.92,1131.84,0,1,Poor customer service
CUST-003202,2024-10-18,Midwest,One year,Electronic check,Fiber optic,1,67.82,67.82,2,0,
CUST-003203,2025-01-14,Midwest,One year,Electronic check,Fiber optic,41,48.1,1972.1,1,0,
CUST-003204,2025-06-25,South,Month-to-month,Bank transfer,DSL,6,69.28,415.68,1,0,
CUST-003205,2024-01-03,West,One year,Electronic check,Fiber optic,22,33.42,735.24,1,0,
CUST-003206,2025-01-25,West,One year,Mailed check,DSL,14,42.82,599.48,0,0,
CUST-003207,2024-09-05,Midwest,Month-to-month,Electronic check,Fiber optic,19,102.56,1948.64,0,0,
CUST-003208,2023-08-14,Midwest,Two year,Credit card,Fiber optic,8,78.89,631.12,0,0,
CUST-003209,2022-09-11,South,One year,Credit card,DSL,31,62.6,1940.6,3,1,Moving / relocation
CUST-003210,2024-04-05,West,Two year,Electronic check,Fiber optic,17,52.42,891.14,3,1,Moving / relocation
CUST-003211,2025-02-10,Northeast,Month-to-month,Electronic check,Fiber optic,4,49.55,198.2,1,1,Moving / relocation
CUST-003212,2022-03-09,West,Month-to-month,Electronic check,DSL,6,74.74,448.44,2,1,Frequent service outages
CUST-003213,2024-04-25,West,One year,Electronic check,No internet,25,62.81,1570.25,0,1,Price too high
CUST-003214,2023-11-10,South,Two year,Bank transfer,Fiber optic,42,115.0,4830.0,1,0,
CUST-003215,2025-08-24,South,Month-to-month,Bank transfer,DSL,6,66.08,396.48,3,1,Price too high
CUST-003216,2024-12-25,West,Two year,Bank transfer,Fiber optic,11,71.44,785.84,2,0,
CUST-003217,2025-03-18,Midwest,One year,Credit card,DSL,1,44.96,44.96,1,0,
CUST-003218,2025-03-03,West,Month-to-month,Credit card,DSL,6,62.46,374.76,2,0,
CUST-003219,2023-06-07,Northeast,Month-to-month,Mailed check,DSL,15,74.19,1112.85,2,0,
CUST-003220,2024-06-12,West,Month-to-month,Bank transfer,Fiber optic,1,62.22,62.22,0,1,Competitor offered better deal
CUST-003221,2022-12-02,Northeast,Two year,Mailed check,Fiber optic,24,60.02,1440.48,1,0,
CUST-003222,2025-04-30,South,Two year,Bank transfer,DSL,19,77.84,1478.96,0,0,
CUST-003223,2023-05-04,Northeast,Month-to-month,Electronic check,DSL,20,113.83,2276.6,1,0,
CUST-003224,2023-05-20,South,Month-to-month,Mailed check,DSL,13,73.43,954.59,0,1,Price too high
CUST-003225,2025-03-07,Northeast,Month-to-month,Electronic check,Fiber optic,21,101.1,2123.1,3,1,Competitor offered better deal
CUST-003226,2022-05-09,Northeast,One year,Electronic check,Fiber optic,25,85.53,2138.25,0,0,
CUST-003227,2025-04-20,West,Month-to-month,Mailed check,DSL,8,99.19,793.52,1,0,
CUST-003228,2024-01-25,West,One year,Bank transfer,Fiber optic,6,57.68,346.08,2,1,Price too high
CUST-003229,2022-01-19,South,Month-to-month,Mailed check,No internet,9,65.61,590.49,2,1,Moving / relocation
CUST-003230,2025-12-21,West,Two year,Credit card,Fiber optic,48,65.7,3153.6,0,0,
CUST-003231,2025-06-11,Northeast,Two year,Mailed check,DSL,35,83.5,2922.5,1,0,
CUST-003232,2025-07-25,South,Month-to-month,Credit card,Fiber optic,7,90.34,632.38,2,1,Poor customer service
CUST-003233,2025-07-05,South,One year,Electronic check,Fiber optic,15,72.97,1094.55,1,1,Competitor offered better deal
CUST-003234,2025-07-04,West,Month-to-month,Mailed check,No internet,1,92.81,92.81,1,0,
CUST-003235,2022-04-04,South,Month-to-month,Electronic check,DSL,9,58.54,526.86,0,0,
CUST-003236,2024-06-04,West,Two year,Electronic check,Fiber optic,41,93.07,3815.87,4,0,
CUST-003237,2024-02-28,West,One year,Electronic check,No internet,27,97.03,2619.81,1,0,
CUST-003238,2025-10-25,Midwest,Month-to-month,Bank transfer,Fiber optic,12,87.08,1044.96,2,0,
CUST-003239,2023-02-21,South,One year,Electronic check,DSL,1,73.18,73.18,2,1,Competitor offered better deal
CUST-003240,2024-03-28,West,Month-to-month,Electronic check,Fiber optic,3,88.08,264.24,0,1,Moving / relocation
CUST-003241,2022-12-09,Midwest,Month-to-month,Electronic check,No internet,16,52.66,842.56,0,0,
CUST-003242,2023-09-29,West,Two year,Bank transfer,No internet,15,74.7,1120.5,2,0,
CUST-003243,2022-09-18,Northeast,Month-to-month,Mailed check,Fiber optic,17,77.18,1312.06,2,0,
CUST-003244,2024-08-20,South,Month-to-month,Electronic check,Fiber optic,14,45.81,641.34,2,0,
CUST-003245,2022-06-18,South,Month-to-month,Electronic check,DSL,12,81.6,979.2,1,0,
CUST-003246,2024-03-20,Midwest,Month-to-month,Bank transfer,Fiber optic,1,47.01,47.01,0,1,Frequent service outages
CUST-003247,2024-08-23,West,Month-to-month,Bank transfer,Fiber optic,1,61.13,61.13,1,1,Frequent service outages
CUST-003248,2024-10-16,South,One year,Bank transfer,DSL,7,71.0,497.0,3,0,
CUST-003249,2022-07-29,South,Month-to-month,Bank transfer,Fiber optic,11,55.49,610.39,2,0,
CUST-003250,2023-07-06,West,Month-to-month,Electronic check,No internet,1,71.98,71.98,2,0,
CUST-003251,2023-08-28,South,Month-to-month,Bank transfer,DSL,10,71.61,716.1,1,1,Price too high
CUST-003252,2025-11-23,Midwest,One year,Bank transfer,Fiber optic,44,53.92,2372.48,1,0,
CUST-003253,2023-01-09,West,Two year,Credit card,Fiber optic,12,84.08,1008.96,0,0,
CUST-003254,2025-10-08,South,Two year,Mailed check,DSL,27,54.9,1482.3,0,0,
CUST-003255,2022-12-27,Midwest,One year,Bank transfer,Fiber optic,18,145.79,2624.22,1,0,
CUST-003256,2025-03-19,West,Month-to-month,Bank transfer,No internet,14,67.69,947.66,2,0,
CUST-003257,2025-01-10,Midwest,One year,Bank transfer,Fiber optic,13,48.19,626.47,0,0,
CUST-003258,2022-02-20,Northeast,Two year,Bank transfer,Fiber optic,10,51.16,511.6,3,0,
CUST-003259,2024-06-09,West,Two year,Credit card,DSL,19,101.21,1922.99,0,0,
CUST-003260,2023-01-20,Northeast,Two year,Electronic check,Fiber optic,30,61.5,1845.0,1,0,
CUST-003261,2022-02-22,South,One year,Mailed check,Fiber optic,32,45.31,1449.92,2,0,
CUST-003262,2025-09-28,South,Month-to-month,Electronic check,DSL,33,92.13,3040.29,0,1,Price too high
CUST-003263,2025-01-15,West,Month-to-month,Mailed check,Fiber optic,30,61.38,1841.4,2,0,
CUST-003264,2025-03-31,Northeast,Month-to-month,Bank transfer,Fiber optic,3,86.41,259.23,1,1,Poor customer service
CUST-003265,2024-07-21,South,One year,Bank transfer,Fiber optic,31,94.57,2931.67,0,0,
CUST-003266,2023-01-05,South,Month-to-month,Bank transfer,Fiber optic,43,76.54,3291.22,1,0,
CUST-003267,2024-07-13,Midwest,One year,Bank transfer,Fiber optic,32,150.0,4800.0,0,0,
CUST-003268,2024-04-15,West,One year,Bank transfer,Fiber optic,28,40.37,1130.36,3,0,
CUST-003269,2024-08-31,Northeast,One year,Electronic check,No internet,10,53.96,539.6,0,0,
CUST-003270,2022-02-09,West,One year,Electronic check,Fiber optic,39,64.59,2519.01,1,0,
CUST-003271,2023-12-31,West,Month-to-month,Electronic check,Fiber optic,12,144.54,1734.48,0,1,Poor customer service
CUST-003272,2025-04-25,South,One year,Credit card,No internet,13,124.63,1620.19,1,0,
CUST-003273,2023-09-10,Midwest,Two year,Electronic check,DSL,24,105.89,2541.36,2,0,
CUST-003274,2023-12-24,South,Month-to-month,Mailed check,Fiber optic,6,54.37,326.22,1,0,
CUST-003275,2025-08-16,West,Two year,Electronic check,No internet,18,56.44,1015.92,2,1,Moving / relocation
CUST-003276,2023-12-18,Midwest,One year,Bank transfer,No internet,34,53.78,1828.52,4,0,
CUST-003277,2023-11-19,Midwest,Month-to-month,Credit card,DSL,6,54.56,327.36,3,1,Poor customer service
CUST-003278,2022-07-24,South,One year,Credit card,DSL,18,113.03,2034.54,1,0,
CUST-003279,2023-10-04,West,Month-to-month,Electronic check,DSL,3,64.84,194.52,3,1,Competitor offered better deal
CUST-003280,2022-02-19,Northeast,Two year,Bank transfer,No internet,19,67.65,1285.35,1,0,
CUST-003281,2025-05-09,Northeast,Month-to-month,Electronic check,Fiber optic,7,89.82,628.74,1,1,Price too high
CUST-003282,2025-10-11,West,One year,Credit card,DSL,2,41.17,82.34,0,0,
CUST-003283,2024-01-27,West,Two year,Mailed check,Fiber optic,35,71.3,2495.5,2,0,
CUST-003284,2024-12-03,South,One year,Electronic check,DSL,8,49.35,394.8,2,0,
CUST-003285,2024-05-16,South,Month-to-month,Bank transfer,No internet,29,63.8,1850.2,1,0,
CUST-003286,2023-01-18,Northeast,Month-to-month,Mailed check,Fiber optic,10,58.11,581.1,2,1,Moving / relocation
CUST-003287,2022-11-05,West,Two year,Credit card,Fiber optic,10,57.16,571.6,1,0,
CUST-003288,2022-02-05,West,One year,Electronic check,DSL,15,75.35,1130.25,1,0,
CUST-003289,2024-12-07,Northeast,Two year,Credit card,DSL,13,75.25,978.25,3,0,
CUST-003290,2024-07-18,South,Month-to-month,Electronic check,DSL,14,65.34,914.76,0,1,Moving / relocation
CUST-003291,2022-09-27,Midwest,One year,Electronic check,No internet,5,78.93,394.65,0,0,
CUST-003292,2025-06-23,South,One year,Bank transfer,Fiber optic,5,53.09,265.45,2,0,
CUST-003293,2022-03-31,Midwest,One year,Bank transfer,DSL,1,87.19,87.19,1,0,
CUST-003294,2023-11-19,West,Month-to-month,Credit card,DSL,4,65.63,262.52,3,0,
CUST-003295,2022-01-30,South,Month-to-month,Bank transfer,Fiber optic,14,60.05,840.7,1,0,
CUST-003296,2024-08-31,West,Month-to-month,Bank transfer,Fiber optic,2,54.36,108.72,2,1,Competitor offered better deal
CUST-003297,2023-12-04,South,One year,Electronic check,DSL,16,64.89,1038.24,4,0,
CUST-003298,2025-10-24,South,One year,Credit card,DSL,44,127.56,5612.64,3,1,Moving / relocation
CUST-003299,2024-07-05,South,Month-to-month,Bank transfer,DSL,9,68.7,618.3,2,0,
CUST-003300,2023-12-08,Northeast,Two year,Bank transfer,Fiber optic,15,48.61,729.15,1,0,
CUST-003301,2023-09-22,South,Month-to-month,Credit card,DSL,36,94.07,3386.52,1,1,Frequent service outages
CUST-003302,2025-04-01,Northeast,Month-to-month,Electronic check,Fiber optic,20,60.28,1205.6,1,0,
CUST-003303,2025-04-27,West,Two year,Credit card,Fiber optic,28,76.77,2149.56,3,0,
CUST-003304,2023-05-23,West,Two year,Bank transfer,DSL,20,57.75,1155.0,0,0,
CUST-003305,2025-10-06,South,One year,Credit card,DSL,9,105.62,950.58,2,0,
CUST-003306,2022-01-19,West,Month-to-month,Bank transfer,DSL,19,58.03,1102.57,1,0,
CUST-003307,2025-05-15,Northeast,Month-to-month,Bank transfer,Fiber optic,20,109.65,2193.0,0,0,
CUST-003308,2025-05-31,Midwest,Month-to-month,Credit card,DSL,10,50.11,501.1,0,0,
CUST-003309,2023-06-28,South,Month-to-month,Bank transfer,No internet,2,63.83,127.66,1,1,Price too high
CUST-003310,2025-10-18,Northeast,Two year,Electronic check,Fiber optic,26,109.73,2852.98,1,0,
CUST-003311,2023-12-11,South,One year,Bank transfer,DSL,37,73.98,2737.26,1,0,
CUST-003312,2022-03-26,South,Month-to-month,Bank transfer,No internet,19,145.02,2755.38,1,0,
CUST-003313,2023-05-26,Midwest,Two year,Credit card,Fiber optic,7,64.32,450.24,2,1,Moving / relocation
CUST-003314,2024-08-06,Midwest,Month-to-month,Credit card,DSL,17,76.12,1294.04,1,1,Price too high
CUST-003315,2023-12-19,West,Month-to-month,Electronic check,DSL,30,128.98,3869.4,1,0,
CUST-003316,2024-10-31,Midwest,One year,Electronic check,Fiber optic,47,43.19,2029.93,3,1,Price too high
CUST-003317,2025-06-02,South,Month-to-month,Electronic check,No internet,27,41.51,1120.77,2,0,
CUST-003318,2025-06-19,West,Month-to-month,Bank transfer,Fiber optic,29,54.35,1576.15,4,0,
CUST-003319,2024-07-26,West,Two year,Credit card,Fiber optic,13,90.95,1182.35,1,0,
CUST-003320,2024-09-12,West,One year,Bank transfer,Fiber optic,3,41.88,125.64,2,1,Moving / relocation
CUST-003321,2022-10-07,Midwest,One year,Credit card,No internet,7,84.86,594.02,0,0,
CUST-003322,2025-04-15,Northeast,One year,Bank transfer,Fiber optic,12,82.98,995.76,0,0,
CUST-003323,2024-04-27,South,Month-to-month,Bank transfer,DSL,35,133.57,4674.95,0,0,
CUST-003324,2024-12-08,South,Two year,Credit card,Fiber optic,43,97.96,4212.28,1,1,Price too high
CUST-003325,2023-10-11,South,One year,Electronic check,Fiber optic,16,78.77,1260.32,0,0,
CUST-003326,2023-07-13,Midwest,Month-to-month,Mailed check,DSL,7,108.3,758.1,4,1,Competitor offered better deal
CUST-003327,2024-11-29,Midwest,Month-to-month,Electronic check,Fiber optic,12,83.3,999.6,2,0,
CUST-003328,2022-07-15,South,One year,Electronic check,Fiber optic,16,60.51,968.16,2,0,
CUST-003329,2022-11-16,Northeast,Month-to-month,Bank transfer,Fiber optic,29,48.6,1409.4,0,0,
CUST-003330,2025-07-30,South,Month-to-month,Electronic check,Fiber optic,13,58.43,759.59,1,1,Moving / relocation
CUST-003331,2023-11-26,Midwest,One year,Bank transfer,Fiber optic,35,69.21,2422.35,1,0,
CUST-003332,2025-10-22,Northeast,One year,Electronic check,DSL,35,74.14,2594.9,0,1,Moving / relocation
CUST-003333,2024-02-16,South,Month-to-month,Mailed check,Fiber optic,18,35.4,637.2,4,1,Moving / relocation
CUST-003334,2022-02-04,South,One year,Electronic check,Fiber optic,39,65.35,2548.65,0,1,Moving / relocation
CUST-003335,2024-08-31,West,Month-to-month,Credit card,Fiber optic,6,70.75,424.5,1,1,Poor customer service
CUST-003336,2024-10-26,Midwest,One year,Bank transfer,No internet,17,83.53,1420.01,2,0,
CUST-003337,2025-04-21,South,Month-to-month,Credit card,DSL,4,117.99,471.96,2,1,Moving / relocation
CUST-003338,2022-05-24,South,Month-to-month,Bank transfer,No internet,4,74.4,297.6,2,1,Price too high
CUST-003339,2024-03-28,Northeast,Two year,Electronic check,DSL,43,52.4,2253.2,3,0,
CUST-003340,2024-10-31,Northeast,Two year,Bank transfer,DSL,41,39.18,1606.38,0,0,
CUST-003341,2022-04-07,South,Month-to-month,Electronic check,Fiber optic,1,87.34,87.34,1,0,
CUST-003342,2022-11-09,South,One year,Mailed check,DSL,18,53.08,955.44,2,0,
CUST-003343,2025-06-24,West,Two year,Bank transfer,Fiber optic,8,92.52,740.16,1,0,
CUST-003344,2025-11-29,South,Month-to-month,Credit card,DSL,16,109.64,1754.24,0,0,
CUST-003345,2022-11-08,Midwest,One year,Credit card,No internet,31,42.77,1325.87,2,0,
CUST-003346,2024-12-22,South,One year,Electronic check,DSL,25,83.7,2092.5,4,0,
CUST-003347,2024-06-10,Northeast,Two year,Bank transfer,Fiber optic,24,106.02,2544.48,2,1,Poor customer service
CUST-003348,2024-10-22,South,Month-to-month,Bank transfer,DSL,10,97.13,971.3,3,0,
CUST-003349,2024-08-01,West,Two year,Credit card,DSL,9,35.84,322.56,2,0,
CUST-003350,2022-11-16,Northeast,Two year,Credit card,Fiber optic,33,53.35,1760.55,3,0,
CUST-003351,2022-01-24,Midwest,Month-to-month,Bank transfer,Fiber optic,3,46.54,139.62,2,1,Price too high
CUST-003352,2022-12-15,Northeast,Month-to-month,Electronic check,DSL,7,82.89,580.23,2,0,
CUST-003353,2023-04-15,Northeast,One year,Credit card,Fiber optic,8,80.02,640.16,2,1,Frequent service outages
CUST-003354,2024-03-22,Midwest,Month-to-month,Bank transfer,Fiber optic,21,29.57,620.97,2,1,Price too high
CUST-003355,2023-08-16,Midwest,One year,Credit card,No internet,48,63.67,3056.16,0,0,
CUST-003356,2022-08-23,South,One year,Bank transfer,No internet,32,90.58,2898.56,2,0,
CUST-003357,2025-12-24,West,Month-to-month,Credit card,Fiber optic,5,73.5,367.5,0,0,
CUST-003358,2023-04-09,Northeast,One year,Electronic check,No internet,2,73.46,146.92,4,0,
CUST-003359,2023-10-24,Midwest,Two year,Bank transfer,No internet,5,62.38,311.9,2,0,
CUST-003360,2025-08-30,Midwest,Month-to-month,Mailed check,DSL,22,49.96,1099.12,1,1,Price too high
CUST-003361,2024-07-22,West,Two year,Bank transfer,DSL,29,69.72,2021.88,1,0,
CUST-003362,2023-10-27,West,Two year,Credit card,No internet,32,71.28,2280.96,2,0,
CUST-003363,2022-07-08,South,One year,Bank transfer,DSL,4,85.36,341.44,5,0,
CUST-003364,2023-05-14,West,Two year,Bank transfer,Fiber optic,43,87.61,3767.23,6,1,Competitor offered better deal
CUST-003365,2025-12-04,West,Month-to-month,Electronic check,Fiber optic,12,72.06,864.72,1,0,
CUST-003366,2025-06-06,Midwest,Two year,Electronic check,Fiber optic,29,99.52,2886.08,1,0,
CUST-003367,2023-06-21,Northeast,Month-to-month,Bank transfer,Fiber optic,2,62.18,124.36,4,1,Poor customer service
CUST-003368,2024-09-03,West,One year,Mailed check,Fiber optic,21,44.16,927.36,3,0,
CUST-003369,2022-12-11,West,One year,Electronic check,Fiber optic,27,81.67,2205.09,3,0,
CUST-003370,2023-10-21,South,Month-to-month,Bank transfer,Fiber optic,9,73.0,657.0,3,1,Price too high
CUST-003371,2024-03-25,South,Month-to-month,Bank transfer,Fiber optic,16,82.19,1315.04,0,0,
CUST-003372,2025-01-30,Midwest,One year,Electronic check,No internet,17,46.78,795.26,4,0,
CUST-003373,2023-07-22,Midwest,Month-to-month,Electronic check,Fiber optic,2,124.34,248.68,1,1,Price too high
CUST-003374,2022-11-07,South,Two year,Mailed check,DSL,37,88.0,3256.0,1,0,
CUST-003375,2023-01-24,South,Month-to-month,Bank transfer,DSL,39,63.93,2493.27,3,0,
CUST-003376,2022-06-04,Northeast,Month-to-month,Credit card,No internet,37,51.97,1922.89,1,1,Price too high
CUST-003377,2023-06-28,South,Month-to-month,Mailed check,Fiber optic,17,98.96,1682.32,2,0,
CUST-003378,2023-02-27,South,Month-to-month,Electronic check,Fiber optic,27,49.28,1330.56,1,0,
CUST-003379,2025-12-24,West,Month-to-month,Credit card,DSL,22,144.55,3180.1,2,0,
CUST-003380,2023-04-07,West,One year,Electronic check,DSL,23,57.61,1325.03,2,0,
CUST-003381,2024-08-30,West,Two year,Bank transfer,DSL,29,121.58,3525.82,2,0,
CUST-003382,2025-08-08,Northeast,Month-to-month,Mailed check,Fiber optic,22,66.09,1453.98,0,0,
CUST-003383,2022-07-02,West,One year,Credit card,Fiber optic,38,116.26,4417.88,1,0,
CUST-003384,2025-11-16,West,One year,Bank transfer,Fiber optic,3,55.41,166.23,3,0,
CUST-003385,2024-05-09,South,Month-to-month,Electronic check,DSL,10,70.53,705.3,1,0,
CUST-003386,2022-03-21,Midwest,One year,Mailed check,Fiber optic,18,90.7,1632.6,0,1,Price too high
CUST-003387,2022-01-19,Northeast,One year,Electronic check,Fiber optic,43,86.65,3725.95,2,0,
CUST-003388,2025-07-26,Northeast,Two year,Electronic check,DSL,40,99.71,3988.4,2,0,
CUST-003389,2023-11-07,Midwest,Month-to-month,Mailed check,Fiber optic,18,59.98,1079.64,1,1,Competitor offered better deal
CUST-003390,2025-04-23,Midwest,Two year,Bank transfer,Fiber optic,22,72.03,1584.66,3,0,
CUST-003391,2022-12-06,West,Two year,Credit card,Fiber optic,2,104.53,209.06,2,0,
CUST-003392,2022-10-04,Midwest,Month-to-month,Electronic check,DSL,14,55.94,783.16,1,1,Poor customer service
CUST-003393,2025-06-01,Midwest,One year,Mailed check,DSL,35,84.2,2947.0,2,0,
CUST-003394,2023-11-24,Northeast,Month-to-month,Credit card,Fiber optic,14,65.36,915.04,0,0,
CUST-003395,2022-05-16,West,Month-to-month,Mailed check,Fiber optic,24,74.88,1797.12,2,0,
CUST-003396,2023-12-10,Northeast,Two year,Bank transfer,No internet,6,72.03,432.18,0,0,
CUST-003397,2023-02-23,South,Month-to-month,Credit card,Fiber optic,24,54.48,1307.52,1,0,
CUST-003398,2022-10-29,Midwest,One year,Bank transfer,Fiber optic,35,64.49,2257.15,0,0,
CUST-003399,2024-09-07,South,Month-to-month,Bank transfer,No internet,1,73.43,73.43,1,1,Frequent service outages
CUST-003400,2023-07-13,Northeast,One year,Credit card,DSL,27,67.84,1831.68,0,0,
CUST-003401,2023-02-24,West,Two year,Electronic check,No internet,44,115.96,5102.24,0,0,
CUST-003402,2022-08-24,Midwest,One year,Electronic check,DSL,12,96.85,1162.2,0,1,Poor customer service
CUST-003403,2025-05-02,Midwest,One year,Mailed check,DSL,12,76.92,923.04,1,0,
CUST-003404,2024-03-29,Midwest,Month-to-month,Electronic check,DSL,30,54.92,1647.6,1,1,Poor customer service
CUST-003405,2025-08-31,West,One year,Electronic check,Fiber optic,24,53.86,1292.64,1,0,
CUST-003406,2023-05-11,Midwest,One year,Electronic check,No internet,26,131.84,3427.84,1,0,
CUST-003407,2022-01-09,South,Month-to-month,Bank transfer,DSL,3,50.75,152.25,1,1,Price too high
CUST-003408,2023-11-06,West,Month-to-month,Mailed check,Fiber optic,6,72.71,436.26,0,0,
CUST-003409,2023-05-10,West,Two year,Credit card,Fiber optic,17,78.69,1337.73,4,0,
CUST-003410,2023-12-25,West,One year,Electronic check,Fiber optic,23,63.46,1459.58,2,0,
CUST-003411,2023-12-10,Northeast,Month-to-month,Bank transfer,Fiber optic,6,50.87,305.22,0,0,
CUST-003412,2024-02-07,South,Month-to-month,Electronic check,Fiber optic,24,54.53,1308.72,0,1,Price too high
CUST-003413,2025-03-06,South,Month-to-month,Electronic check,Fiber optic,16,58.86,941.76,2,1,Price too high
CUST-003414,2022-09-26,West,One year,Bank transfer,No internet,7,55.87,391.09,3,0,
CUST-003415,2025-11-28,South,One year,Electronic check,DSL,21,107.22,2251.62,1,0,
CUST-003416,2022-01-19,South,Two year,Bank transfer,Fiber optic,26,69.9,1817.4,1,0,
CUST-003417,2024-02-13,Midwest,Two year,Bank transfer,Fiber optic,29,59.29,1719.41,1,0,
CUST-003418,2024-04-17,South,One year,Bank transfer,DSL,30,72.55,2176.5,1,0,
CUST-003419,2025-02-18,South,Month-to-month,Bank transfer,DSL,8,86.81,694.48,1,0,
CUST-003420,2023-03-20,West,Month-to-month,Credit card,Fiber optic,8,62.79,502.32,0,0,
CUST-003421,2024-10-27,South,One year,Electronic check,No internet,8,93.56,748.48,0,0,
CUST-003422,2022-04-05,West,Two year,Credit card,Fiber optic,8,46.68,373.44,0,0,
CUST-003423,2023-10-03,West,One year,Electronic check,Fiber optic,30,101.98,3059.4,1,1,Moving / relocation
CUST-003424,2023-07-03,Northeast,Two year,Bank transfer,Fiber optic,28,69.9,1957.2,2,0,
CUST-003425,2025-11-06,Northeast,Two year,Credit card,No internet,43,69.04,2968.72,1,0,
CUST-003426,2025-12-15,West,Month-to-month,Electronic check,DSL,15,56.16,842.4,2,0,
CUST-003427,2025-07-15,South,Month-to-month,Credit card,DSL,4,47.33,189.32,0,0,
CUST-003428,2024-06-21,Midwest,One year,Bank transfer,Fiber optic,31,41.13,1275.03,0,0,
CUST-003429,2022-03-03,South,Two year,Credit card,Fiber optic,2,54.92,109.84,1,1,Competitor offered better deal
CUST-003430,2024-11-22,South,Month-to-month,Electronic check,Fiber optic,22,84.61,1861.42,1,0,
CUST-003431,2022-10-20,Northeast,One year,Bank transfer,Fiber optic,18,51.54,927.72,1,0,
CUST-003432,2025-05-17,West,One year,Electronic check,No internet,41,42.71,1751.11,0,1,Moving / relocation
CUST-003433,2023-07-10,Midwest,One year,Electronic check,DSL,15,52.41,786.15,0,0,
CUST-003434,2024-09-15,South,One year,Bank transfer,Fiber optic,25,61.98,1549.5,3,0,
CUST-003435,2024-03-28,West,Two year,Bank transfer,No internet,17,62.77,1067.09,1,0,
CUST-003436,2023-10-06,West,One year,Bank transfer,Fiber optic,41,67.27,2758.07,2,0,
CUST-003437,2024-07-24,Northeast,Two year,Bank transfer,Fiber optic,22,97.56,2146.32,1,0,
CUST-003438,2025-06-22,Northeast,One year,Credit card,Fiber optic,31,104.56,3241.36,0,0,
CUST-003439,2024-12-06,Northeast,Month-to-month,Bank transfer,No internet,18,133.19,2397.42,1,1,Competitor offered better deal
CUST-003440,2023-03-22,Midwest,One year,Mailed check,Fiber optic,22,41.68,916.96,2,0,
CUST-003441,2022-09-24,Midwest,One year,Credit card,Fiber optic,41,53.31,2185.71,0,0,
CUST-003442,2023-01-07,South,Month-to-month,Bank transfer,Fiber optic,2,87.66,175.32,0,1,Price too high
CUST-003443,2024-02-06,Northeast,Month-to-month,Electronic check,No internet,2,60.63,121.26,3,1,Moving / relocation
CUST-003444,2023-01-15,Midwest,One year,Mailed check,Fiber optic,16,92.34,1477.44,2,1,Price too high
CUST-003445,2025-03-09,Midwest,One year,Electronic check,DSL,19,74.91,1423.29,2,0,
CUST-003446,2023-05-26,Northeast,One year,Credit card,No internet,21,116.2,2440.2,2,0,
CUST-003447,2022-10-19,Midwest,Month-to-month,Electronic check,DSL,4,97.87,391.48,0,0,
CUST-003448,2025-02-09,South,Month-to-month,Bank transfer,Fiber optic,7,98.45,689.15,0,0,
CUST-003449,2024-12-27,South,Month-to-month,Bank transfer,Fiber optic,16,61.45,983.2,2,1,Moving / relocation
CUST-003450,2022-06-07,South,Month-to-month,Credit card,Fiber optic,21,67.95,1426.95,1,0,
CUST-003451,2024-02-01,Midwest,Month-to-month,Mailed check,DSL,2,63.58,127.16,0,0,
CUST-003452,2024-02-04,South,Month-to-month,Credit card,DSL,4,43.3,173.2,3,0,
CUST-003453,2023-07-09,West,Month-to-month,Bank transfer,Fiber optic,16,112.28,1796.48,1,1,Poor customer service
CUST-003454,2024-05-27,South,One year,Electronic check,Fiber optic,2,88.99,177.98,3,0,
CUST-003455,2024-01-29,South,Month-to-month,Mailed check,Fiber optic,13,62.78,816.14,0,0,
CUST-003456,2025-09-21,West,Month-to-month,Mailed check,Fiber optic,14,106.43,1490.02,0,0,
CUST-003457,2022-07-12,Midwest,Two year,Electronic check,Fiber optic,7,57.3,401.1,2,1,Moving / relocation
CUST-003458,2023-07-16,West,Month-to-month,Mailed check,No internet,3,38.93,116.79,1,0,
CUST-003459,2023-08-13,South,One year,Electronic check,Fiber optic,4,96.77,387.08,1,0,
CUST-003460,2023-11-29,South,One year,Credit card,Fiber optic,28,46.57,1303.96,1,0,
CUST-003461,2024-11-29,West,Two year,Mailed check,DSL,30,65.85,1975.5,2,0,
CUST-003462,2024-10-02,Northeast,Two year,Electronic check,No internet,39,74.89,2920.71,2,0,
CUST-003463,2025-10-11,Northeast,One year,Bank transfer,Fiber optic,27,79.31,2141.37,2,0,
CUST-003464,2022-08-30,South,Month-to-month,Credit card,DSL,4,91.97,367.88,5,1,Frequent service outages
CUST-003465,2023-01-11,South,Month-to-month,Credit card,Fiber optic,26,84.43,2195.18,2,0,
CUST-003466,2023-08-19,West,Two year,Credit card,DSL,41,83.59,3427.19,1,0,
CUST-003467,2024-12-04,South,Month-to-month,Credit card,DSL,11,54.43,598.73,1,0,
CUST-003468,2022-02-16,Midwest,One year,Mailed check,No internet,19,77.03,1463.57,2,1,Poor customer service
CUST-003469,2022-11-27,South,One year,Bank transfer,DSL,23,43.3,995.9,0,0,
CUST-003470,2022-01-03,Midwest,Two year,Mailed check,Fiber optic,5,115.57,577.85,1,1,Price too high
CUST-003471,2022-04-01,South,Month-to-month,Credit card,DSL,17,44.75,760.75,0,0,
CUST-003472,2023-09-13,South,One year,Electronic check,Fiber optic,47,62.75,2949.25,0,0,
CUST-003473,2023-01-17,Northeast,Two year,Bank transfer,Fiber optic,7,45.97,321.79,2,1,Moving / relocation
CUST-003474,2025-04-07,Midwest,Month-to-month,Electronic check,Fiber optic,1,55.5,55.5,0,1,Frequent service outages
CUST-003475,2022-06-11,South,One year,Credit card,DSL,22,70.41,1549.02,1,0,
CUST-003476,2023-07-15,West,Month-to-month,Mailed check,DSL,16,59.19,947.04,0,0,
CUST-003477,2022-04-16,Midwest,Month-to-month,Credit card,DSL,11,101.1,1112.1,0,0,
CUST-003478,2024-03-19,South,Month-to-month,Credit card,Fiber optic,39,75.39,2940.21,0,0,
CUST-003479,2024-07-31,South,Month-to-month,Electronic check,Fiber optic,19,60.45,1148.55,4,0,
CUST-003480,2023-11-20,Midwest,Month-to-month,Credit card,No internet,16,67.17,1074.72,1,0,
CUST-003481,2022-06-17,South,One year,Mailed check,Fiber optic,14,103.58,1450.12,4,0,
CUST-003482,2023-09-21,West,One year,Mailed check,Fiber optic,18,93.77,1687.86,1,0,
CUST-003483,2025-05-28,Midwest,Month-to-month,Electronic check,DSL,7,48.7,340.9,1,0,
CUST-003484,2024-06-13,South,One year,Bank transfer,No internet,17,56.38,958.46,1,0,
CUST-003485,2024-05-01,Northeast,Two year,Mailed check,Fiber optic,15,81.61,1224.15,2,0,
CUST-003486,2025-10-19,South,Month-to-month,Bank transfer,DSL,2,78.5,157.0,1,0,
CUST-003487,2022-10-30,Midwest,Month-to-month,Credit card,DSL,25,50.09,1252.25,1,0,
CUST-003488,2024-03-15,Northeast,Month-to-month,Mailed check,Fiber optic,1,89.1,89.1,1,1,Price too high
CUST-003489,2023-03-30,South,Two year,Electronic check,No internet,32,52.72,1687.04,2,0,
CUST-003490,2025-05-24,South,One year,Electronic check,Fiber optic,5,106.4,532.0,1,1,Moving / relocation
CUST-003491,2025-02-03,Northeast,One year,Electronic check,Fiber optic,8,83.05,664.4,5,1,Competitor offered better deal
CUST-003492,2023-05-05,South,Month-to-month,Credit card,Fiber optic,5,48.8,244.0,3,1,Frequent service outages
CUST-003493,2025-05-19,West,One year,Mailed check,Fiber optic,18,59.19,1065.42,1,0,
CUST-003494,2023-02-12,South,Two year,Bank transfer,Fiber optic,30,58.86,1765.8,2,0,
CUST-003495,2023-10-03,West,Month-to-month,Credit card,Fiber optic,5,73.79,368.95,0,0,
CUST-003496,2022-04-26,South,Month-to-month,Mailed check,No internet,26,65.68,1707.68,5,0,
CUST-003497,2023-10-09,Midwest,Month-to-month,Bank transfer,DSL,8,48.59,388.72,2,0,
CUST-003498,2024-05-02,Northeast,One year,Credit card,Fiber optic,22,44.87,987.14,1,0,
CUST-003499,2024-08-09,Midwest,Two year,Bank transfer,Fiber optic,6,83.57,501.42,0,0,
CUST-003500,2024-12-12,South,Month-to-month,Electronic check,Fiber optic,33,76.83,2535.39,1,0,
CUST-003501,2024-12-28,Midwest,Two year,Credit card,DSL,5,72.51,362.55,4,0,
CUST-003502,2024-07-07,South,Month-to-month,Credit card,DSL,1,76.45,76.45,1,0,
CUST-003503,2023-08-01,West,One year,Credit card,Fiber optic,21,57.51,1207.71,3,0,
CUST-003504,2025-05-27,Northeast,Two year,Credit card,DSL,14,74.36,1041.04,1,0,
CUST-003505,2023-04-05,Northeast,Month-to-month,Credit card,Fiber optic,2,150.0,300.0,1,0,
CUST-003506,2022-11-05,South,Month-to-month,Bank transfer,DSL,38,102.09,3879.42,1,0,
CUST-003507,2023-02-12,Northeast,One year,Electronic check,DSL,29,63.92,1853.68,0,0,
CUST-003508,2024-08-29,Midwest,Two year,Credit card,Fiber optic,44,59.29,2608.76,4,0,
CUST-003509,2024-07-23,South,Month-to-month,Electronic check,Fiber optic,5,28.07,140.35,1,0,
CUST-003510,2023-12-26,West,Month-to-month,Credit card,Fiber optic,22,98.69,2171.18,3,1,Poor customer service
CUST-003511,2025-08-14,South,One year,Mailed check,No internet,41,90.17,3696.97,2,0,
CUST-003512,2023-04-07,Northeast,Month-to-month,Bank transfer,DSL,4,58.91,235.64,2,1,Price too high
CUST-003513,2022-06-25,South,Month-to-month,Credit card,No internet,10,44.34,443.4,3,0,
CUST-003514,2023-12-13,Midwest,Two year,Credit card,DSL,11,48.44,532.84,0,0,
CUST-003515,2023-02-26,Northeast,Month-to-month,Electronic check,No internet,15,80.82,1212.3,1,1,Price too high
CUST-003516,2024-11-20,South,One year,Bank transfer,Fiber optic,43,68.13,2929.59,0,0,
CUST-003517,2024-01-25,South,Month-to-month,Electronic check,DSL,13,87.47,1137.11,3,1,Competitor offered better deal
CUST-003518,2025-07-25,West,Two year,Electronic check,Fiber optic,20,72.07,1441.4,0,0,
CUST-003519,2025-01-03,South,Month-to-month,Bank transfer,No internet,44,95.52,4202.88,2,0,
CUST-003520,2024-05-27,West,Month-to-month,Credit card,No internet,12,78.91,946.92,0,1,Moving / relocation
CUST-003521,2023-09-06,West,One year,Credit card,DSL,47,91.4,4295.8,3,0,
CUST-003522,2024-08-26,Midwest,Month-to-month,Bank transfer,DSL,3,35.92,107.76,2,1,Frequent service outages
CUST-003523,2023-06-07,South,Month-to-month,Credit card,No internet,13,47.23,613.99,0,1,Poor customer service
CUST-003524,2025-09-26,West,Month-to-month,Electronic check,Fiber optic,13,62.39,811.07,2,0,
CUST-003525,2024-05-18,South,Month-to-month,Electronic check,Fiber optic,21,99.03,2079.63,1,0,
CUST-003526,2024-12-17,Northeast,One year,Bank transfer,DSL,16,127.97,2047.52,1,1,Moving / relocation
CUST-003527,2022-11-11,West,Month-to-month,Credit card,DSL,10,66.52,665.2,1,1,Poor customer service
CUST-003528,2022-11-19,Midwest,Month-to-month,Bank transfer,DSL,7,57.64,403.48,3,1,Competitor offered better deal
CUST-003529,2023-11-30,Midwest,One year,Electronic check,Fiber optic,14,37.5,525.0,5,1,Poor customer service
CUST-003530,2025-01-25,South,Month-to-month,Mailed check,Fiber optic,9,92.42,831.78,0,0,
CUST-003531,2025-08-24,Midwest,One year,Electronic check,No internet,28,58.79,1646.12,1,0,
CUST-003532,2022-07-07,Midwest,Two year,Credit card,DSL,6,150.0,900.0,1,1,Frequent service outages
CUST-003533,2022-05-22,Midwest,Month-to-month,Mailed check,DSL,2,55.33,110.66,1,1,Competitor offered better deal
CUST-003534,2022-07-15,Northeast,Two year,Mailed check,Fiber optic,40,137.51,5500.4,1,0,
CUST-003535,2022-05-24,Northeast,One year,Bank transfer,Fiber optic,7,89.07,623.49,3,0,
CUST-003536,2025-10-21,Midwest,Two year,Electronic check,Fiber optic,6,50.45,302.7,0,0,
CUST-003537,2022-08-07,South,Month-to-month,Mailed check,Fiber optic,3,75.51,226.53,1,1,Moving / relocation
CUST-003538,2022-06-13,West,Month-to-month,Bank transfer,Fiber optic,10,89.73,897.3,1,1,Poor customer service
CUST-003539,2023-04-08,Midwest,Two year,Electronic check,Fiber optic,13,65.23,847.99,0,0,
CUST-003540,2025-04-25,South,Month-to-month,Bank transfer,Fiber optic,19,91.67,1741.73,3,1,Poor customer service
CUST-003541,2025-08-28,West,Month-to-month,Credit card,Fiber optic,2,91.02,182.04,2,0,
CUST-003542,2024-09-14,Midwest,Month-to-month,Electronic check,DSL,17,84.85,1442.45,1,0,
CUST-003543,2024-05-16,West,Month-to-month,Electronic check,DSL,5,69.74,348.7,0,0,
CUST-003544,2025-01-08,South,Two year,Bank transfer,DSL,28,48.14,1347.92,1,0,
CUST-003545,2022-05-14,West,Month-to-month,Bank transfer,No internet,3,68.4,205.2,2,1,Price too high
CUST-003546,2024-03-30,Midwest,One year,Credit card,Fiber optic,23,74.17,1705.91,1,1,Frequent service outages
CUST-003547,2022-03-27,South,Month-to-month,Electronic check,No internet,30,38.46,1153.8,3,1,Moving / relocation
CUST-003548,2025-01-12,Northeast,One year,Credit card,Fiber optic,47,74.01,3478.47,2,0,
CUST-003549,2023-12-25,West,Month-to-month,Bank transfer,Fiber optic,3,67.97,203.91,3,1,Moving / relocation
CUST-003550,2025-10-26,Midwest,Month-to-month,Electronic check,Fiber optic,25,46.3,1157.5,1,0,
CUST-003551,2024-05-27,Northeast,One year,Bank transfer,No internet,26,63.02,1638.52,1,0,
CUST-003552,2024-12-20,South,One year,Mailed check,No internet,19,63.45,1205.55,1,0,
CUST-003553,2022-04-03,Northeast,One year,Electronic check,Fiber optic,40,130.01,5200.4,1,1,Competitor offered better deal
CUST-003554,2023-04-13,Midwest,Month-to-month,Electronic check,DSL,19,75.22,1429.18,1,1,Competitor offered better deal
CUST-003555,2023-11-01,Midwest,One year,Electronic check,Fiber optic,3,97.66,292.98,1,1,Poor customer service
CUST-003556,2025-07-30,Northeast,One year,Bank transfer,DSL,27,67.51,1822.77,1,0,
CUST-003557,2024-09-18,Northeast,Month-to-month,Electronic check,Fiber optic,10,38.49,384.9,1,1,Moving / relocation
CUST-003558,2023-12-01,Midwest,Two year,Electronic check,DSL,18,86.93,1564.74,1,0,
CUST-003559,2024-08-07,Midwest,Month-to-month,Mailed check,Fiber optic,13,56.79,738.27,5,1,Price too high
CUST-003560,2022-08-21,South,Two year,Bank transfer,DSL,34,62.97,2140.98,0,0,
CUST-003561,2024-09-29,Northeast,Month-to-month,Credit card,Fiber optic,5,50.05,250.25,2,1,Frequent service outages
CUST-003562,2025-08-15,South,Month-to-month,Electronic check,DSL,13,71.76,932.88,0,0,
CUST-003563,2023-05-05,South,Month-to-month,Credit card,Fiber optic,4,98.58,394.32,1,0,
CUST-003564,2023-08-28,South,Month-to-month,Bank transfer,DSL,19,94.49,1795.31,1,0,
CUST-003565,2025-10-27,South,Two year,Credit card,Fiber optic,28,116.46,3260.88,0,0,
CUST-003566,2022-12-30,South,Month-to-month,Bank transfer,Fiber optic,19,121.87,2315.53,2,1,Competitor offered better deal
CUST-003567,2024-09-15,South,One year,Bank transfer,DSL,15,36.43,546.45,1,0,
CUST-003568,2024-07-23,South,One year,Credit card,Fiber optic,3,47.85,143.55,1,0,
CUST-003569,2022-11-02,Midwest,One year,Bank transfer,Fiber optic,28,39.31,1100.68,1,1,Competitor offered better deal
CUST-003570,2025-12-25,Midwest,One year,Credit card,Fiber optic,18,85.82,1544.76,2,1,Competitor offered better deal
CUST-003571,2025-10-22,Northeast,Month-to-month,Credit card,DSL,5,56.16,280.8,1,0,
CUST-003572,2025-05-17,Midwest,Month-to-month,Bank transfer,Fiber optic,25,59.95,1498.75,3,0,
CUST-003573,2024-08-17,South,Two year,Bank transfer,Fiber optic,5,65.41,327.05,1,0,
CUST-003574,2023-01-02,West,One year,Bank transfer,Fiber optic,22,79.24,1743.28,4,0,
CUST-003575,2022-01-22,South,Two year,Bank transfer,DSL,31,43.58,1350.98,1,0,
CUST-003576,2024-11-07,West,One year,Bank transfer,DSL,35,46.86,1640.1,2,0,
CUST-003577,2024-10-18,West,One year,Bank transfer,Fiber optic,35,70.13,2454.55,1,1,Poor customer service
CUST-003578,2023-01-07,Midwest,Month-to-month,Electronic check,Fiber optic,37,102.88,3806.56,1,0,
CUST-003579,2022-07-01,South,Month-to-month,Credit card,DSL,12,69.54,834.48,1,1,Competitor offered better deal
CUST-003580,2024-01-19,Midwest,Month-to-month,Mailed check,Fiber optic,6,54.42,326.52,0,1,Competitor offered better deal
CUST-003581,2025-12-25,Northeast,Month-to-month,Electronic check,Fiber optic,17,35.25,599.25,2,0,
CUST-003582,2022-07-25,West,Month-to-month,Electronic check,Fiber optic,18,95.09,1711.62,3,0,
CUST-003583,2023-04-01,West,One year,Electronic check,No internet,15,55.4,831.0,1,0,
CUST-003584,2023-02-26,Northeast,One year,Bank transfer,DSL,16,48.56,776.96,0,0,
CUST-003585,2022-09-10,South,Month-to-month,Electronic check,Fiber optic,4,40.49,161.96,1,1,Moving / relocation
CUST-003586,2025-12-18,West,One year,Electronic check,Fiber optic,16,44.23,707.68,0,1,Poor customer service
CUST-003587,2025-06-04,Northeast,One year,Electronic check,Fiber optic,32,51.54,1649.28,1,0,
CUST-003588,2023-10-27,Midwest,Month-to-month,Electronic check,Fiber optic,28,64.95,1818.6,1,1,Poor customer service
CUST-003589,2023-06-25,Midwest,One year,Credit card,No internet,7,47.62,333.34,1,0,
CUST-003590,2024-12-20,South,One year,Bank transfer,Fiber optic,31,74.4,2306.4,1,0,
CUST-003591,2025-12-07,Northeast,One year,Electronic check,DSL,9,64.79,583.11,0,0,
CUST-003592,2023-10-03,Northeast,Two year,Bank transfer,No internet,22,142.74,3140.28,1,0,
CUST-003593,2025-06-23,Northeast,Month-to-month,Bank transfer,Fiber optic,25,40.63,1015.75,1,1,Price too high
CUST-003594,2022-01-03,West,One year,Bank transfer,Fiber optic,38,73.82,2805.16,1,0,
CUST-003595,2024-07-06,Northeast,Month-to-month,Mailed check,Fiber optic,18,74.12,1334.16,1,0,
CUST-003596,2024-08-13,Midwest,Month-to-month,Bank transfer,DSL,10,50.41,504.1,0,0,
CUST-003597,2023-09-11,South,Month-to-month,Electronic check,Fiber optic,6,72.28,433.68,3,0,
CUST-003598,2023-09-05,South,One year,Electronic check,Fiber optic,27,89.68,2421.36,3,0,
CUST-003599,2022-08-01,Northeast,Month-to-month,Credit card,Fiber optic,21,72.3,1518.3,2,0,
CUST-003600,2023-01-17,South,One year,Mailed check,Fiber optic,8,109.18,873.44,1,0,
CUST-003601,2024-08-20,South,Month-to-month,Electronic check,Fiber optic,24,34.92,838.08,1,1,Competitor offered better deal
CUST-003602,2022-10-13,Midwest,Month-to-month,Electronic check,Fiber optic,20,53.54,1070.8,2,0,
CUST-003603,2023-02-24,West,Month-to-month,Bank transfer,DSL,12,112.39,1348.68,1,1,Moving / relocation
CUST-003604,2023-12-12,West,One year,Electronic check,No internet,32,93.86,3003.52,1,1,Competitor offered better deal
CUST-003605,2022-06-04,Midwest,One year,Mailed check,No internet,15,83.34,1250.1,3,1,Price too high
CUST-003606,2025-08-04,Midwest,One year,Mailed check,Fiber optic,10,104.02,1040.2,0,1,Competitor offered better deal
CUST-003607,2025-08-19,Midwest,One year,Electronic check,Fiber optic,24,37.97,911.28,1,0,
CUST-003608,2023-05-14,West,Two year,Bank transfer,Fiber optic,19,90.43,1718.17,5,0,
CUST-003609,2023-02-19,West,Month-to-month,Electronic check,Fiber optic,2,98.55,197.1,1,0,
CUST-003610,2024-04-06,West,One year,Bank transfer,No internet,43,56.78,2441.54,2,0,
CUST-003611,2025-07-18,West,Two year,Electronic check,DSL,14,150.0,2100.0,1,0,
CUST-003612,2022-03-17,Midwest,Two year,Credit card,Fiber optic,38,74.65,2836.7,2,1,Competitor offered better deal
CUST-003613,2022-02-23,West,Two year,Bank transfer,DSL,37,34.75,1285.75,2,1,Poor customer service
CUST-003614,2024-11-21,West,Month-to-month,Electronic check,Fiber optic,6,79.2,475.2,4,0,
CUST-003615,2024-10-16,South,Month-to-month,Electronic check,DSL,5,55.68,278.4,2,0,
CUST-003616,2025-02-17,Midwest,Month-to-month,Bank transfer,Fiber optic,33,101.78,3358.74,2,0,
CUST-003617,2024-05-24,West,Month-to-month,Bank transfer,No internet,4,83.54,334.16,1,0,
CUST-003618,2023-07-06,Northeast,One year,Mailed check,No internet,21,57.9,1215.9,1,0,
CUST-003619,2022-03-04,Midwest,One year,Electronic check,Fiber optic,32,113.38,3628.16,1,0,
CUST-003620,2023-10-05,Northeast,One year,Bank transfer,DSL,7,94.69,662.83,1,0,
CUST-003621,2022-06-06,Midwest,Two year,Electronic check,Fiber optic,37,53.79,1990.23,3,0,
CUST-003622,2022-04-12,South,Month-to-month,Electronic check,DSL,9,66.78,601.02,1,0,
CUST-003623,2024-04-14,Midwest,Month-to-month,Mailed check,Fiber optic,24,82.72,1985.28,4,1,Competitor offered better deal
CUST-003624,2025-09-06,South,Two year,Credit card,No internet,14,62.39,873.46,2,0,
CUST-003625,2025-01-02,Midwest,One year,Mailed check,No internet,4,62.99,251.96,3,1,Competitor offered better deal
CUST-003626,2024-03-15,Northeast,Two year,Electronic check,Fiber optic,17,70.93,1205.81,3,1,Poor customer service
CUST-003627,2022-10-18,Northeast,Month-to-month,Electronic check,Fiber optic,5,49.85,249.25,0,1,Poor customer service
CUST-003628,2022-07-24,Northeast,Two year,Bank transfer,DSL,6,34.31,205.86,0,0,
CUST-003629,2022-05-22,West,One year,Bank transfer,Fiber optic,35,75.68,2648.8,1,0,
CUST-003630,2024-12-23,Northeast,Month-to-month,Bank transfer,Fiber optic,25,37.1,927.5,2,0,
CUST-003631,2025-04-24,Midwest,Month-to-month,Bank transfer,DSL,20,51.02,1020.4,2,0,
CUST-003632,2025-02-11,South,Month-to-month,Bank transfer,DSL,10,39.77,397.7,0,1,Competitor offered better deal
CUST-003633,2022-01-15,South,One year,Bank transfer,DSL,3,41.37,124.11,1,0,
CUST-003634,2022-10-22,South,One year,Credit card,Fiber optic,31,80.35,2490.85,2,0,
CUST-003635,2023-11-26,South,Two year,Credit card,Fiber optic,29,65.29,1893.41,0,0,
CUST-003636,2023-10-25,South,Month-to-month,Mailed check,Fiber optic,10,64.54,645.4,1,0,
CUST-003637,2022-07-15,South,Month-to-month,Bank transfer,DSL,6,46.01,276.06,1,1,Moving / relocation
CUST-003638,2023-10-10,Midwest,Month-to-month,Electronic check,Fiber optic,6,56.83,340.98,0,0,
CUST-003639,2024-05-07,South,Month-to-month,Electronic check,Fiber optic,2,79.08,158.16,2,0,
CUST-003640,2023-06-29,South,Month-to-month,Mailed check,No internet,45,68.95,3102.75,0,1,Price too high
CUST-003641,2024-02-23,Midwest,One year,Credit card,No internet,18,91.22,1641.96,1,0,
CUST-003642,2025-06-17,West,One year,Credit card,Fiber optic,32,95.47,3055.04,0,0,
CUST-003643,2022-08-23,West,Two year,Bank transfer,DSL,48,64.67,3104.16,4,0,
CUST-003644,2024-10-30,South,One year,Bank transfer,Fiber optic,36,38.76,1395.36,4,0,
CUST-003645,2025-01-21,South,Two year,Electronic check,DSL,16,55.03,880.48,3,0,
CUST-003646,2025-07-14,West,Two year,Credit card,Fiber optic,24,67.95,1630.8,3,0,
CUST-003647,2023-01-11,Midwest,Month-to-month,Electronic check,Fiber optic,23,54.68,1257.64,0,0,
CUST-003648,2024-02-14,South,Month-to-month,Credit card,No internet,2,50.02,100.04,0,0,
CUST-003649,2023-10-01,Midwest,Month-to-month,Electronic check,DSL,37,71.69,2652.53,2,0,
CUST-003650,2025-03-28,West,Month-to-month,Electronic check,Fiber optic,28,150.0,4200.0,0,0,
CUST-003651,2022-09-14,South,Month-to-month,Bank transfer,No internet,9,59.97,539.73,0,1,Moving / relocation
CUST-003652,2022-12-12,South,One year,Electronic check,Fiber optic,6,70.04,420.24,1,0,
CUST-003653,2023-02-22,South,Two year,Electronic check,Fiber optic,30,46.07,1382.1,1,0,
CUST-003654,2023-02-13,South,Month-to-month,Bank transfer,Fiber optic,1,104.36,104.36,4,0,
CUST-003655,2025-05-15,Midwest,Two year,Bank transfer,DSL,32,92.75,2968.0,3,0,
CUST-003656,2023-12-23,South,Two year,Electronic check,DSL,35,90.73,3175.55,2,0,
CUST-003657,2024-10-04,Midwest,One year,Bank transfer,Fiber optic,35,108.32,3791.2,1,0,
CUST-003658,2023-12-19,Midwest,Two year,Bank transfer,DSL,30,61.15,1834.5,0,0,
CUST-003659,2025-01-20,Northeast,Two year,Electronic check,DSL,5,63.64,318.2,2,0,
CUST-003660,2022-03-05,Northeast,Two year,Mailed check,Fiber optic,36,121.17,4362.12,1,0,
CUST-003661,2022-12-03,South,Two year,Bank transfer,Fiber optic,37,85.84,3176.08,0,0,
CUST-003662,2024-05-05,Northeast,Month-to-month,Credit card,Fiber optic,24,34.46,827.04,3,0,
CUST-003663,2023-01-24,Midwest,One year,Mailed check,DSL,28,81.09,2270.52,1,0,
CUST-003664,2022-01-23,South,Two year,Bank transfer,DSL,30,58.2,1746.0,0,0,
CUST-003665,2025-01-17,Northeast,Month-to-month,Bank transfer,Fiber optic,6,93.45,560.7,1,1,Price too high
CUST-003666,2022-10-09,Midwest,Month-to-month,Bank transfer,Fiber optic,13,79.89,1038.57,2,1,Poor customer service
CUST-003667,2025-06-11,South,One year,Credit card,DSL,39,40.17,1566.63,1,0,
CUST-003668,2023-04-04,West,One year,Bank transfer,Fiber optic,14,76.4,1069.6,0,0,
CUST-003669,2024-02-04,Midwest,Month-to-month,Electronic check,DSL,13,74.99,974.87,1,0,
CUST-003670,2025-05-08,Northeast,Two year,Credit card,Fiber optic,16,78.75,1260.0,1,1,Moving / relocation
CUST-003671,2023-05-10,South,One year,Bank transfer,Fiber optic,11,84.28,927.08,0,0,
CUST-003672,2022-10-14,West,Month-to-month,Bank transfer,Fiber optic,7,113.15,792.05,1,1,Moving / relocation
CUST-003673,2023-08-31,West,Month-to-month,Bank transfer,No internet,13,80.03,1040.39,1,0,
CUST-003674,2023-07-25,South,Month-to-month,Electronic check,Fiber optic,1,70.62,70.62,2,1,Frequent service outages
CUST-003675,2024-05-28,Northeast,One year,Bank transfer,Fiber optic,12,101.23,1214.76,2,0,
CUST-003676,2024-08-02,South,Two year,Bank transfer,Fiber optic,31,143.69,4454.39,0,0,
CUST-003677,2025-11-07,West,Two year,Mailed check,DSL,17,93.96,1597.32,2,0,
CUST-003678,2022-08-07,South,One year,Electronic check,DSL,48,74.89,3594.72,1,0,
CUST-003679,2022-10-13,Midwest,Two year,Credit card,DSL,39,80.51,3139.89,2,0,
CUST-003680,2022-04-19,Midwest,One year,Bank transfer,DSL,43,76.09,3271.87,1,0,
CUST-003681,2022-05-02,South,Two year,Bank transfer,Fiber optic,35,70.52,2468.2,2,0,
CUST-003682,2022-01-11,Midwest,Month-to-month,Electronic check,Fiber optic,3,140.17,420.51,3,1,Price too high
CUST-003683,2023-06-06,South,Month-to-month,Bank transfer,Fiber optic,16,55.16,882.56,2,0,
CUST-003684,2025-11-07,West,One year,Electronic check,Fiber optic,42,101.45,4260.9,3,0,
CUST-003685,2022-03-08,South,Month-to-month,Bank transfer,DSL,5,67.34,336.7,1,0,
CUST-003686,2022-02-27,Midwest,Month-to-month,Bank transfer,DSL,12,43.65,523.8,3,0,
CUST-003687,2023-05-02,South,One year,Bank transfer,No internet,7,66.01,462.07,0,0,
CUST-003688,2024-08-11,Midwest,Month-to-month,Credit card,DSL,17,58.85,1000.45,2,1,Price too high
CUST-003689,2024-08-26,Northeast,One year,Mailed check,DSL,13,84.34,1096.42,4,0,
CUST-003690,2022-01-07,Northeast,Two year,Mailed check,No internet,13,72.18,938.34,1,0,
CUST-003691,2022-02-03,West,Month-to-month,Bank transfer,Fiber optic,29,50.55,1465.95,0,0,
CUST-003692,2025-04-22,South,Month-to-month,Bank transfer,Fiber optic,4,112.25,449.0,2,1,Price too high
CUST-003693,2025-03-30,Northeast,One year,Bank transfer,DSL,15,99.37,1490.55,2,0,
CUST-003694,2024-09-05,South,Month-to-month,Credit card,DSL,11,116.46,1281.06,3,1,Competitor offered better deal
CUST-003695,2022-08-03,Midwest,Month-to-month,Bank transfer,No internet,4,75.63,302.52,2,1,Poor customer service
CUST-003696,2025-12-02,Midwest,One year,Electronic check,DSL,21,69.31,1455.51,0,0,
CUST-003697,2024-12-15,West,Month-to-month,Electronic check,No internet,23,87.81,2019.63,1,0,
CUST-003698,2025-09-29,West,One year,Credit card,Fiber optic,10,58.28,582.8,2,0,
CUST-003699,2024-06-17,South,Month-to-month,Electronic check,DSL,19,73.08,1388.52,6,1,Moving / relocation
CUST-003700,2025-11-11,Midwest,Month-to-month,Bank transfer,Fiber optic,46,66.27,3048.42,1,1,Price too high
CUST-003701,2022-06-15,Northeast,Month-to-month,Credit card,Fiber optic,12,43.92,527.04,2,0,
CUST-003702,2022-04-23,Northeast,Two year,Credit card,Fiber optic,17,73.02,1241.34,1,0,
CUST-003703,2025-11-01,Northeast,One year,Electronic check,DSL,18,60.88,1095.84,1,1,Moving / relocation
CUST-003704,2024-05-05,West,Month-to-month,Bank transfer,Fiber optic,18,64.87,1167.66,2,0,
CUST-003705,2024-06-11,Northeast,One year,Mailed check,Fiber optic,28,78.76,2205.28,2,0,
CUST-003706,2024-12-26,South,One year,Credit card,DSL,35,105.34,3686.9,0,0,
CUST-003707,2025-09-22,Midwest,One year,Bank transfer,Fiber optic,12,53.43,641.16,1,0,
CUST-003708,2022-06-30,West,Month-to-month,Bank transfer,Fiber optic,20,62.95,1259.0,2,1,Poor customer service
CUST-003709,2023-01-23,West,Month-to-month,Electronic check,DSL,16,54.88,878.08,2,0,
CUST-003710,2022-11-02,Midwest,One year,Electronic check,No internet,7,53.75,376.25,3,0,
CUST-003711,2023-01-26,Midwest,Month-to-month,Mailed check,DSL,2,57.96,115.92,3,1,Moving / relocation
CUST-003712,2023-08-20,South,Two year,Bank transfer,Fiber optic,17,65.83,1119.11,5,0,
CUST-003713,2024-04-12,Northeast,One year,Bank transfer,DSL,39,84.56,3297.84,3,0,
CUST-003714,2025-05-25,Northeast,One year,Credit card,No internet,12,77.68,932.16,1,0,
CUST-003715,2022-12-09,West,One year,Electronic check,Fiber optic,9,49.99,449.91,2,1,Poor customer service
CUST-003716,2025-04-07,South,One year,Mailed check,Fiber optic,16,106.07,1697.12,1,0,
CUST-003717,2024-04-19,South,Two year,Bank transfer,Fiber optic,26,94.84,2465.84,2,1,Competitor offered better deal
CUST-003718,2025-04-07,South,Month-to-month,Bank transfer,DSL,11,52.54,577.94,1,0,
CUST-003719,2025-03-20,Midwest,Two year,Bank transfer,No internet,11,103.72,1140.92,3,0,
CUST-003720,2023-02-06,West,Month-to-month,Mailed check,Fiber optic,6,77.84,467.04,4,1,Poor customer service
CUST-003721,2025-02-12,Northeast,One year,Electronic check,Fiber optic,16,66.68,1066.88,1,1,Frequent service outages
CUST-003722,2025-01-23,Northeast,One year,Bank transfer,Fiber optic,11,78.62,864.82,2,0,
CUST-003723,2024-04-01,West,Two year,Credit card,DSL,40,69.53,2781.2,1,0,
CUST-003724,2022-05-19,West,Month-to-month,Credit card,No internet,44,83.46,3672.24,5,0,
CUST-003725,2025-10-23,Northeast,One year,Bank transfer,DSL,1,74.44,74.44,1,0,
CUST-003726,2025-10-17,South,Month-to-month,Bank transfer,No internet,5,62.93,314.65,1,0,
CUST-003727,2023-05-17,South,Month-to-month,Credit card,Fiber optic,5,36.66,183.3,3,0,
CUST-003728,2023-12-26,Midwest,Two year,Credit card,DSL,16,82.99,1327.84,2,0,
CUST-003729,2023-09-14,Northeast,Month-to-month,Electronic check,No internet,23,62.2,1430.6,0,0,
CUST-003730,2024-11-13,South,Two year,Mailed check,DSL,26,89.92,2337.92,2,0,
CUST-003731,2023-04-10,West,One year,Credit card,No internet,15,81.79,1226.85,0,0,
CUST-003732,2025-11-23,South,Two year,Credit card,Fiber optic,18,62.72,1128.96,2,0,
CUST-003733,2022-05-11,Northeast,One year,Bank transfer,Fiber optic,14,97.26,1361.64,0,0,
CUST-003734,2023-08-30,South,One year,Mailed check,Fiber optic,25,74.85,1871.25,3,0,
CUST-003735,2023-10-31,Midwest,Two year,Credit card,No internet,24,73.87,1772.88,2,0,
CUST-003736,2023-03-20,South,Month-to-month,Electronic check,Fiber optic,3,67.07,201.21,1,1,Competitor offered better deal
CUST-003737,2023-11-20,South,One year,Electronic check,DSL,23,120.15,2763.45,1,0,
CUST-003738,2023-04-06,South,Two year,Bank transfer,Fiber optic,32,55.8,1785.6,4,0,
CUST-003739,2023-06-04,Midwest,Two year,Bank transfer,DSL,33,63.23,2086.59,0,0,
CUST-003740,2022-05-16,South,Two year,Mailed check,DSL,28,47.18,1321.04,4,0,
CUST-003741,2023-08-12,South,Two year,Bank transfer,Fiber optic,17,88.46,1503.82,3,0,
CUST-003742,2024-09-15,Northeast,One year,Bank transfer,Fiber optic,22,58.19,1280.18,1,1,Moving / relocation
CUST-003743,2025-09-03,Northeast,Two year,Electronic check,DSL,19,60.32,1146.08,2,0,
CUST-003744,2025-12-26,South,Month-to-month,Electronic check,No internet,28,59.42,1663.76,4,1,Price too high
CUST-003745,2025-02-24,Midwest,Month-to-month,Bank transfer,Fiber optic,16,71.53,1144.48,2,0,
CUST-003746,2025-06-29,South,One year,Credit card,Fiber optic,22,46.98,1033.56,1,0,
CUST-003747,2023-05-23,Northeast,Month-to-month,Credit card,No internet,6,34.2,205.2,2,1,Moving / relocation
CUST-003748,2025-11-13,Midwest,Month-to-month,Electronic check,Fiber optic,17,81.16,1379.72,2,1,Price too high
CUST-003749,2025-06-18,Northeast,One year,Bank transfer,Fiber optic,7,35.65,249.55,0,0,
CUST-003750,2022-11-05,Midwest,One year,Credit card,No internet,11,92.14,1013.54,0,0,
CUST-003751,2024-11-21,South,Month-to-month,Electronic check,DSL,21,115.44,2424.24,1,0,
CUST-003752,2022-04-12,South,Month-to-month,Bank transfer,Fiber optic,25,66.52,1663.0,3,0,
CUST-003753,2023-04-20,Northeast,One year,Mailed check,No internet,46,106.25,4887.5,0,1,Competitor offered better deal
CUST-003754,2023-02-08,Northeast,Month-to-month,Bank transfer,DSL,2,69.56,139.12,2,0,
CUST-003755,2025-02-25,Northeast,Month-to-month,Electronic check,Fiber optic,3,116.95,350.85,0,1,Price too high
CUST-003756,2024-06-09,West,Two year,Mailed check,Fiber optic,16,60.58,969.28,3,1,Competitor offered better deal
CUST-003757,2023-03-19,Midwest,One year,Mailed check,No internet,35,32.89,1151.15,1,0,
CUST-003758,2024-12-05,West,Two year,Mailed check,DSL,33,68.34,2255.22,2,0,
CUST-003759,2022-05-27,South,Two year,Electronic check,DSL,6,121.09,726.54,2,1,Moving / relocation
CUST-003760,2025-02-17,West,Month-to-month,Mailed check,Fiber optic,6,83.2,499.2,2,1,Poor customer service
CUST-003761,2025-06-18,Midwest,Two year,Bank transfer,Fiber optic,13,59.45,772.85,3,0,
CUST-003762,2022-03-10,West,Month-to-month,Electronic check,DSL,4,77.89,311.56,0,0,
CUST-003763,2024-12-25,West,Two year,Mailed check,Fiber optic,42,95.66,4017.72,1,0,
CUST-003764,2024-06-05,Northeast,Two year,Electronic check,DSL,32,68.21,2182.72,1,0,
CUST-003765,2022-12-04,West,Two year,Credit card,Fiber optic,24,150.0,3600.0,1,0,
CUST-003766,2023-01-23,Midwest,Month-to-month,Electronic check,Fiber optic,20,59.41,1188.2,1,1,Moving / relocation
CUST-003767,2022-11-13,Northeast,Month-to-month,Bank transfer,Fiber optic,5,96.62,483.1,1,0,
CUST-003768,2023-01-19,Midwest,One year,Mailed check,DSL,39,89.46,3488.94,0,0,
CUST-003769,2023-04-27,Northeast,Two year,Electronic check,Fiber optic,35,56.04,1961.4,2,1,Moving / relocation
CUST-003770,2025-02-18,South,One year,Credit card,Fiber optic,25,61.2,1530.0,1,0,
CUST-003771,2023-02-20,South,One year,Bank transfer,DSL,31,97.1,3010.1,2,0,
CUST-003772,2025-07-30,Midwest,Month-to-month,Bank transfer,DSL,24,73.43,1762.32,1,0,
CUST-003773,2024-03-07,Midwest,One year,Electronic check,No internet,38,78.12,2968.56,3,0,
CUST-003774,2024-05-23,Northeast,Month-to-month,Electronic check,Fiber optic,10,41.53,415.3,0,0,
CUST-003775,2025-08-08,South,One year,Electronic check,Fiber optic,31,86.48,2680.88,1,0,
CUST-003776,2022-01-28,Midwest,One year,Mailed check,No internet,13,76.86,999.18,4,1,Competitor offered better deal
CUST-003777,2023-09-04,South,One year,Credit card,Fiber optic,39,68.69,2678.91,1,0,
CUST-003778,2023-04-24,South,One year,Mailed check,DSL,30,78.69,2360.7,1,0,
CUST-003779,2025-03-16,West,One year,Mailed check,Fiber optic,22,61.5,1353.0,1,0,
CUST-003780,2025-10-05,South,One year,Electronic check,No internet,31,58.01,1798.31,1,0,
CUST-003781,2025-11-01,West,One year,Mailed check,No internet,5,64.88,324.4,0,1,Moving / relocation
CUST-003782,2024-06-26,South,One year,Electronic check,Fiber optic,17,60.43,1027.31,2,0,
CUST-003783,2023-02-10,Midwest,One year,Mailed check,Fiber optic,8,140.86,1126.88,2,0,
CUST-003784,2025-05-03,West,Month-to-month,Credit card,Fiber optic,16,93.86,1501.76,4,0,
CUST-003785,2024-04-21,South,Month-to-month,Bank transfer,Fiber optic,47,51.42,2416.74,2,1,Frequent service outages
CUST-003786,2023-11-29,Northeast,One year,Electronic check,Fiber optic,4,134.51,538.04,1,0,
CUST-003787,2023-10-22,South,Two year,Electronic check,Fiber optic,13,61.04,793.52,5,1,Moving / relocation
CUST-003788,2023-10-15,Northeast,Month-to-month,Bank transfer,DSL,2,70.77,141.54,1,0,
CUST-003789,2025-06-22,Midwest,Month-to-month,Electronic check,Fiber optic,11,93.43,1027.73,0,0,
CUST-003790,2024-03-20,Northeast,Month-to-month,Credit card,Fiber optic,8,37.32,298.56,0,0,
CUST-003791,2025-07-14,Northeast,Month-to-month,Bank transfer,No internet,5,64.98,324.9,1,1,Competitor offered better deal
CUST-003792,2025-05-17,Midwest,Month-to-month,Bank transfer,Fiber optic,6,58.35,350.1,3,0,
CUST-003793,2023-02-08,South,Two year,Bank transfer,No internet,19,74.86,1422.34,0,0,
CUST-003794,2025-10-15,South,Month-to-month,Electronic check,DSL,45,78.92,3551.4,0,0,
CUST-003795,2023-05-07,South,Two year,Electronic check,Fiber optic,29,68.39,1983.31,1,1,Moving / relocation
CUST-003796,2024-02-20,South,Month-to-month,Bank transfer,DSL,1,67.39,67.39,0,0,
CUST-003797,2025-09-25,Northeast,One year,Electronic check,No internet,42,98.58,4140.36,0,0,
CUST-003798,2025-10-30,South,Month-to-month,Electronic check,DSL,5,77.21,386.05,2,0,
CUST-003799,2022-08-01,South,Month-to-month,Credit card,Fiber optic,1,71.04,71.04,0,1,Price too high
CUST-003800,2025-02-18,Northeast,Two year,Credit card,Fiber optic,4,73.5,294.0,1,0,
CUST-003801,2024-02-02,South,One year,Electronic check,Fiber optic,20,126.15,2523.0,1,0,
CUST-003802,2025-02-08,Northeast,Month-to-month,Credit card,Fiber optic,18,74.09,1333.62,0,0,
CUST-003803,2025-06-23,South,Two year,Electronic check,Fiber optic,38,59.46,2259.48,1,0,
CUST-003804,2025-10-12,Midwest,Month-to-month,Credit card,No internet,2,38.06,76.12,3,0,
CUST-003805,2022-06-01,Northeast,Month-to-month,Mailed check,DSL,2,44.31,88.62,2,0,
CUST-003806,2022-07-25,Northeast,Month-to-month,Bank transfer,DSL,34,60.37,2052.58,0,0,
CUST-003807,2024-08-31,South,One year,Bank transfer,DSL,8,67.72,541.76,3,0,
CUST-003808,2022-03-13,South,Two year,Electronic check,Fiber optic,12,58.69,704.28,1,0,
CUST-003809,2024-06-17,Midwest,Month-to-month,Credit card,Fiber optic,4,78.44,313.76,1,0,
CUST-003810,2022-06-24,Midwest,One year,Electronic check,DSL,23,58.44,1344.12,2,1,Moving / relocation
CUST-003811,2024-11-04,South,Month-to-month,Credit card,Fiber optic,17,52.32,889.44,0,1,Competitor offered better deal
CUST-003812,2024-04-07,West,One year,Electronic check,Fiber optic,33,85.29,2814.57,2,1,Price too high
CUST-003813,2025-09-10,West,One year,Electronic check,Fiber optic,13,108.66,1412.58,2,0,
CUST-003814,2025-06-08,West,Two year,Electronic check,Fiber optic,32,49.19,1574.08,1,0,
CUST-003815,2023-04-11,West,One year,Mailed check,Fiber optic,28,75.79,2122.12,1,0,
CUST-003816,2022-03-17,South,Month-to-month,Bank transfer,Fiber optic,6,38.11,228.66,0,0,
CUST-003817,2024-04-17,South,Month-to-month,Bank transfer,No internet,33,43.73,1443.09,0,0,
CUST-003818,2024-01-14,South,Two year,Credit card,DSL,48,58.07,2787.36,0,0,
CUST-003819,2023-09-03,West,One year,Bank transfer,No internet,32,100.8,3225.6,4,0,
CUST-003820,2024-07-04,South,Month-to-month,Bank transfer,No internet,18,54.64,983.52,1,0,
CUST-003821,2024-10-15,South,Month-to-month,Mailed check,DSL,10,53.99,539.9,2,0,
CUST-003822,2024-06-09,South,One year,Bank transfer,Fiber optic,1,70.92,70.92,1,0,
CUST-003823,2025-10-24,West,Month-to-month,Credit card,Fiber optic,12,70.94,851.28,0,1,Frequent service outages
CUST-003824,2023-03-01,Northeast,One year,Mailed check,Fiber optic,13,54.53,708.89,3,0,
CUST-003825,2024-01-20,West,Two year,Mailed check,DSL,28,132.37,3706.36,0,0,
CUST-003826,2022-12-20,Midwest,One year,Mailed check,DSL,32,64.4,2060.8,1,0,
CUST-003827,2024-09-12,Midwest,One year,Electronic check,DSL,21,72.7,1526.7,2,0,
CUST-003828,2022-02-03,Midwest,One year,Bank transfer,Fiber optic,36,61.65,2219.4,1,0,
CUST-003829,2024-06-19,Midwest,Month-to-month,Electronic check,Fiber optic,4,80.7,322.8,1,1,Moving / relocation
CUST-003830,2022-08-21,South,Two year,Credit card,Fiber optic,11,104.08,1144.88,2,1,Frequent service outages
CUST-003831,2022-01-07,Northeast,One year,Electronic check,Fiber optic,39,119.39,4656.21,2,1,Poor customer service
CUST-003832,2022-01-19,Northeast,Month-to-month,Electronic check,No internet,15,54.93,823.95,2,0,
CUST-003833,2024-08-15,Midwest,One year,Electronic check,Fiber optic,45,99.71,4486.95,0,0,
CUST-003834,2023-12-15,Northeast,One year,Mailed check,No internet,17,83.59,1421.03,2,1,Moving / relocation
CUST-003835,2024-04-24,South,Month-to-month,Credit card,DSL,3,95.76,287.28,1,0,
CUST-003836,2024-08-26,Midwest,Two year,Credit card,Fiber optic,32,68.07,2178.24,1,1,Price too high
CUST-003837,2022-09-14,West,Month-to-month,Mailed check,Fiber optic,5,66.03,330.15,3,1,Frequent service outages
CUST-003838,2024-06-11,Midwest,Month-to-month,Electronic check,Fiber optic,14,94.58,1324.12,2,0,
CUST-003839,2023-11-15,South,One year,Bank transfer,DSL,34,95.15,3235.1,0,0,
CUST-003840,2024-11-15,West,Two year,Bank transfer,DSL,29,115.7,3355.3,4,0,
CUST-003841,2023-12-31,Northeast,Two year,Bank transfer,Fiber optic,30,74.7,2241.0,2,0,
CUST-003842,2022-05-01,South,One year,Mailed check,Fiber optic,36,67.75,2439.0,1,0,
CUST-003843,2022-08-07,South,Month-to-month,Bank transfer,Fiber optic,8,31.91,255.28,2,0,
CUST-003844,2024-04-07,South,Two year,Electronic check,Fiber optic,22,41.86,920.92,1,0,
CUST-003845,2022-01-23,West,Two year,Electronic check,DSL,29,61.8,1792.2,2,0,
CUST-003846,2022-10-25,Northeast,Month-to-month,Credit card,DSL,21,49.29,1035.09,2,0,
CUST-003847,2025-09-07,South,One year,Electronic check,Fiber optic,23,90.97,2092.31,0,0,
CUST-003848,2024-08-01,South,Two year,Mailed check,DSL,25,46.1,1152.5,3,1,Moving / relocation
CUST-003849,2025-04-27,South,One year,Electronic check,Fiber optic,27,59.71,1612.17,4,1,Competitor offered better deal
CUST-003850,2025-03-26,Northeast,Month-to-month,Electronic check,DSL,17,60.47,1027.99,2,0,
CUST-003851,2025-03-17,Northeast,One year,Credit card,DSL,11,103.08,1133.88,0,0,
CUST-003852,2024-07-20,South,Month-to-month,Electronic check,DSL,4,57.71,230.84,2,1,Competitor offered better deal
CUST-003853,2024-03-12,South,One year,Bank transfer,Fiber optic,8,81.03,648.24,0,1,Poor customer service
CUST-003854,2023-08-01,South,One year,Credit card,DSL,13,74.64,970.32,0,1,Price too high
CUST-003855,2024-09-15,Northeast,One year,Electronic check,DSL,25,93.6,2340.0,1,0,
CUST-003856,2023-07-19,Northeast,One year,Electronic check,Fiber optic,44,92.03,4049.32,1,0,
CUST-003857,2024-07-27,Midwest,Month-to-month,Mailed check,Fiber optic,6,69.36,416.16,1,1,Competitor offered better deal
CUST-003858,2024-03-27,Northeast,Month-to-month,Electronic check,DSL,2,40.74,81.48,1,1,Poor customer service
CUST-003859,2023-04-05,Northeast,Month-to-month,Electronic check,Fiber optic,3,65.09,195.27,4,1,Price too high
CUST-003860,2025-07-27,South,Month-to-month,Bank transfer,DSL,32,69.66,2229.12,2,0,
CUST-003861,2025-10-03,South,Two year,Electronic check,Fiber optic,34,76.82,2611.88,0,0,
CUST-003862,2024-08-17,South,Month-to-month,Bank transfer,Fiber optic,12,55.37,664.44,2,1,Competitor offered better deal
CUST-003863,2023-07-09,Midwest,Month-to-month,Credit card,DSL,18,101.0,1818.0,0,1,Competitor offered better deal
CUST-003864,2022-05-24,Northeast,Two year,Electronic check,Fiber optic,35,70.41,2464.35,0,0,
CUST-003865,2024-12-08,Northeast,Month-to-month,Electronic check,Fiber optic,46,52.22,2402.12,1,0,
CUST-003866,2025-02-20,Northeast,Two year,Electronic check,Fiber optic,28,60.54,1695.12,1,0,
CUST-003867,2024-05-22,West,Month-to-month,Electronic check,DSL,14,129.95,1819.3,1,1,Price too high
CUST-003868,2022-03-19,West,Two year,Mailed check,Fiber optic,34,86.71,2948.14,3,0,
CUST-003869,2025-06-06,Northeast,Month-to-month,Bank transfer,DSL,16,98.05,1568.8,5,0,
CUST-003870,2023-06-30,West,Month-to-month,Electronic check,DSL,31,50.23,1557.13,5,0,
CUST-003871,2022-04-17,Midwest,Month-to-month,Mailed check,Fiber optic,3,56.24,168.72,2,1,Competitor offered better deal
CUST-003872,2023-07-06,South,Two year,Electronic check,Fiber optic,8,56.37,450.96,0,0,
CUST-003873,2024-01-11,Midwest,One year,Bank transfer,Fiber optic,1,74.37,74.37,0,1,Price too high
CUST-003874,2024-06-30,South,One year,Mailed check,Fiber optic,35,66.31,2320.85,2,1,Moving / relocation
CUST-003875,2025-11-20,West,One year,Bank transfer,No internet,43,59.94,2577.42,1,0,
CUST-003876,2025-05-06,West,Month-to-month,Bank transfer,DSL,28,62.4,1747.2,0,0,
CUST-003877,2022-11-09,West,One year,Mailed check,DSL,32,54.38,1740.16,0,0,
CUST-003878,2023-02-08,Midwest,Month-to-month,Bank transfer,DSL,4,66.18,264.72,2,0,
CUST-003879,2025-12-06,West,Two year,Electronic check,Fiber optic,13,100.11,1301.43,2,0,
CUST-003880,2024-07-16,Midwest,Month-to-month,Bank transfer,DSL,4,43.2,172.8,1,1,Price too high
CUST-003881,2025-05-04,Northeast,Two year,Mailed check,Fiber optic,13,78.33,1018.29,2,0,
CUST-003882,2024-04-25,Midwest,Month-to-month,Bank transfer,DSL,17,109.03,1853.51,1,0,
CUST-003883,2023-04-25,Midwest,Two year,Bank transfer,No internet,42,66.11,2776.62,2,0,
CUST-003884,2024-06-10,South,Month-to-month,Bank transfer,Fiber optic,24,59.19,1420.56,0,1,Moving / relocation
CUST-003885,2025-03-21,South,Month-to-month,Bank transfer,DSL,12,94.23,1130.76,2,0,
CUST-003886,2022-01-28,Midwest,Two year,Electronic check,Fiber optic,27,51.16,1381.32,1,0,
CUST-003887,2022-05-26,West,Month-to-month,Bank transfer,No internet,6,69.6,417.6,0,1,Poor customer service
CUST-003888,2024-01-18,Northeast,Two year,Electronic check,Fiber optic,13,50.26,653.38,0,0,
CUST-003889,2025-12-13,West,One year,Electronic check,Fiber optic,11,38.54,423.94,1,0,
CUST-003890,2025-09-29,South,Two year,Electronic check,No internet,19,66.78,1268.82,2,0,
CUST-003891,2023-07-16,Midwest,Two year,Bank transfer,Fiber optic,38,46.79,1778.02,0,0,
CUST-003892,2022-12-27,South,One year,Bank transfer,Fiber optic,38,69.84,2653.92,1,0,
CUST-003893,2023-06-15,South,One year,Credit card,DSL,32,100.16,3205.12,1,0,
CUST-003894,2025-02-21,Northeast,One year,Bank transfer,DSL,15,126.9,1903.5,1,1,Frequent service outages
CUST-003895,2024-10-20,West,One year,Bank transfer,Fiber optic,44,72.24,3178.56,2,0,
CUST-003896,2024-11-19,Midwest,One year,Credit card,Fiber optic,35,97.14,3399.9,0,1,Competitor offered better deal
CUST-003897,2024-08-20,West,One year,Electronic check,Fiber optic,39,79.65,3106.35,2,1,Competitor offered better deal
CUST-003898,2025-12-11,West,Month-to-month,Bank transfer,Fiber optic,2,62.02,124.04,0,0,
CUST-003899,2025-07-17,West,Month-to-month,Mailed check,No internet,22,37.87,833.14,1,0,
CUST-003900,2023-04-10,Northeast,Month-to-month,Electronic check,DSL,43,117.98,5073.14,3,0,
CUST-003901,2025-02-15,West,Two year,Credit card,DSL,38,50.11,1904.18,1,0,
CUST-003902,2025-05-30,South,Two year,Electronic check,Fiber optic,29,109.12,3164.48,1,1,Moving / relocation
CUST-003903,2025-09-04,West,One year,Credit card,No internet,35,83.24,2913.4,3,0,
CUST-003904,2023-02-08,Midwest,Month-to-month,Credit card,Fiber optic,1,51.3,51.3,3,1,Price too high
CUST-003905,2023-06-20,South,One year,Credit card,No internet,19,77.47,1471.93,2,0,
CUST-003906,2023-11-01,Midwest,Month-to-month,Bank transfer,No internet,6,138.73,832.38,3,1,Moving / relocation
CUST-003907,2024-01-17,South,Two year,Bank transfer,No internet,43,114.6,4927.8,2,0,
CUST-003908,2023-12-06,West,Two year,Mailed check,Fiber optic,31,59.5,1844.5,0,0,
CUST-003909,2025-09-09,Midwest,Month-to-month,Mailed check,Fiber optic,15,55.82,837.3,1,1,Frequent service outages
CUST-003910,2024-10-22,Midwest,One year,Credit card,DSL,35,72.39,2533.65,0,0,
CUST-003911,2023-08-19,South,Month-to-month,Mailed check,Fiber optic,2,66.49,132.98,2,0,
CUST-003912,2022-12-28,South,Month-to-month,Bank transfer,Fiber optic,23,102.92,2367.16,1,1,Moving / relocation
CUST-003913,2022-05-26,Midwest,One year,Credit card,DSL,13,88.83,1154.79,3,0,
CUST-003914,2023-05-07,West,Month-to-month,Mailed check,DSL,14,40.79,571.06,2,0,
CUST-003915,2025-08-31,Northeast,Two year,Credit card,Fiber optic,47,81.19,3815.93,1,1,Moving / relocation
CUST-003916,2025-11-26,West,Month-to-month,Electronic check,Fiber optic,6,66.2,397.2,2,0,
CUST-003917,2025-04-26,Northeast,Month-to-month,Electronic check,DSL,5,70.94,354.7,0,0,
CUST-003918,2024-08-12,South,One year,Bank transfer,Fiber optic,18,75.92,1366.56,0,0,
CUST-003919,2022-03-17,Midwest,Month-to-month,Bank transfer,DSL,5,102.88,514.4,3,0,
CUST-003920,2024-03-14,South,One year,Credit card,DSL,44,95.86,4217.84,3,1,Price too high
CUST-003921,2022-03-19,South,One year,Electronic check,No internet,14,55.15,772.1,2,0,
CUST-003922,2022-03-22,Midwest,Month-to-month,Electronic check,DSL,18,68.8,1238.4,3,1,Moving / relocation
CUST-003923,2023-03-25,Midwest,Month-to-month,Credit card,DSL,17,60.73,1032.41,0,0,
CUST-003924,2025-12-28,South,Month-to-month,Bank transfer,No internet,9,40.93,368.37,0,0,
CUST-003925,2024-01-01,Northeast,Month-to-month,Bank transfer,Fiber optic,38,67.69,2572.22,1,0,
CUST-003926,2025-01-23,Midwest,Two year,Electronic check,DSL,28,126.51,3542.28,1,0,
CUST-003927,2025-03-11,Northeast,Two year,Credit card,Fiber optic,21,40.53,851.13,2,0,
CUST-003928,2025-11-28,South,One year,Credit card,DSL,12,69.57,834.84,1,0,
CUST-003929,2025-09-10,Midwest,Two year,Bank transfer,Fiber optic,33,68.86,2272.38,1,0,
CUST-003930,2023-05-07,South,Month-to-month,Electronic check,Fiber optic,5,76.87,384.35,1,0,
CUST-003931,2025-08-03,West,One year,Credit card,DSL,45,51.52,2318.4,0,0,
CUST-003932,2022-07-04,Midwest,One year,Credit card,Fiber optic,6,44.43,266.58,1,0,
CUST-003933,2024-04-06,South,Month-to-month,Bank transfer,Fiber optic,11,45.1,496.1,1,0,
CUST-003934,2024-12-25,South,Month-to-month,Bank transfer,DSL,26,107.33,2790.58,2,0,
CUST-003935,2025-01-19,Midwest,Two year,Mailed check,DSL,14,51.19,716.66,4,0,
CUST-003936,2024-12-13,South,One year,Electronic check,DSL,9,59.75,537.75,1,1,Competitor offered better deal
CUST-003937,2025-05-13,Midwest,Two year,Bank transfer,DSL,26,137.48,3574.48,4,0,
CUST-003938,2025-06-25,South,Month-to-month,Bank transfer,Fiber optic,29,55.43,1607.47,1,1,Competitor offered better deal
CUST-003939,2024-08-07,West,Two year,Bank transfer,No internet,39,78.22,3050.58,1,0,
CUST-003940,2022-01-11,South,One year,Credit card,Fiber optic,28,98.54,2759.12,4,1,Poor customer service
CUST-003941,2022-06-20,Midwest,One year,Bank transfer,Fiber optic,36,97.03,3493.08,0,1,Price too high
CUST-003942,2024-05-07,South,Two year,Credit card,Fiber optic,23,45.78,1052.94,1,0,
CUST-003943,2024-10-27,West,One year,Electronic check,DSL,43,55.8,2399.4,1,0,
CUST-003944,2022-07-28,South,One year,Credit card,Fiber optic,18,77.23,1390.14,2,0,
CUST-003945,2022-05-15,South,Two year,Electronic check,Fiber optic,10,129.97,1299.7,3,0,
CUST-003946,2023-12-01,Midwest,Two year,Electronic check,DSL,12,54.94,659.28,0,1,Price too high
CUST-003947,2025-08-31,West,Month-to-month,Bank transfer,DSL,2,59.86,119.72,2,1,Price too high
CUST-003948,2025-12-30,Northeast,Month-to-month,Electronic check,DSL,27,80.18,2164.86,1,1,Poor customer service
CUST-003949,2022-10-10,South,Two year,Electronic check,Fiber optic,15,85.48,1282.2,1,1,Moving / relocation
CUST-003950,2024-12-24,South,One year,Bank transfer,Fiber optic,13,87.15,1132.95,4,1,Frequent service outages
CUST-003951,2025-01-24,Northeast,One year,Mailed check,DSL,28,53.47,1497.16,1,0,
CUST-003952,2023-01-22,West,Month-to-month,Credit card,No internet,2,59.13,118.26,1,0,
CUST-003953,2025-04-27,South,Month-to-month,Electronic check,Fiber optic,34,75.11,2553.74,3,1,Price too high
CUST-003954,2024-07-01,South,Two year,Mailed check,DSL,34,105.0,3570.0,2,1,Moving / relocation
CUST-003955,2025-09-12,South,One year,Mailed check,Fiber optic,42,64.95,2727.9,2,0,
CUST-003956,2023-12-05,West,One year,Bank transfer,Fiber optic,10,69.61,696.1,2,0,
CUST-003957,2022-12-06,South,One year,Mailed check,Fiber optic,37,50.49,1868.13,1,0,
CUST-003958,2023-10-25,West,One year,Mailed check,DSL,38,127.26,4835.88,2,0,
CUST-003959,2023-06-04,South,Month-to-month,Mailed check,DSL,1,73.65,73.65,0,1,Competitor offered better deal
CUST-003960,2022-04-06,West,Two year,Electronic check,Fiber optic,16,98.98,1583.68,1,0,
CUST-003961,2022-05-11,West,One year,Bank transfer,DSL,31,70.78,2194.18,0,0,
CUST-003962,2024-07-31,West,One year,Bank transfer,Fiber optic,47,72.04,3385.88,2,0,
CUST-003963,2024-06-13,South,Month-to-month,Mailed check,Fiber optic,3,43.38,130.14,2,0,
CUST-003964,2024-06-13,Midwest,Month-to-month,Electronic check,DSL,28,35.23,986.44,1,0,
CUST-003965,2022-11-26,West,Month-to-month,Credit card,Fiber optic,15,104.65,1569.75,1,0,
CUST-003966,2022-05-13,South,One year,Electronic check,No internet,14,71.88,1006.32,0,0,
CUST-003967,2025-06-10,South,Month-to-month,Credit card,DSL,19,74.89,1422.91,1,0,
CUST-003968,2022-07-08,South,One year,Electronic check,DSL,18,47.01,846.18,2,0,
CUST-003969,2025-08-12,South,Month-to-month,Credit card,DSL,43,52.51,2257.93,5,1,Price too high
CUST-003970,2023-11-05,South,One year,Mailed check,DSL,16,98.49,1575.84,1,0,
CUST-003971,2023-12-29,West,Two year,Bank transfer,Fiber optic,35,122.35,4282.25,3,0,
CUST-003972,2024-02-26,South,Two year,Electronic check,DSL,31,57.47,1781.57,1,0,
CUST-003973,2024-12-05,West,One year,Credit card,Fiber optic,9,86.91,782.19,1,0,
CUST-003974,2022-10-07,South,One year,Electronic check,DSL,19,74.5,1415.5,2,1,Competitor offered better deal
CUST-003975,2022-06-26,South,Month-to-month,Bank transfer,DSL,7,67.45,472.15,1,0,
CUST-003976,2025-04-30,South,Month-to-month,Electronic check,Fiber optic,3,126.8,380.4,4,1,Price too high
CUST-003977,2022-05-17,West,Month-to-month,Bank transfer,Fiber optic,4,60.64,242.56,2,1,Poor customer service
CUST-003978,2024-11-01,South,Month-to-month,Bank transfer,DSL,1,104.27,104.27,4,1,Price too high
CUST-003979,2022-04-06,Northeast,Month-to-month,Bank transfer,No internet,28,79.21,2217.88,2,1,Competitor offered better deal
CUST-003980,2022-11-26,Midwest,Month-to-month,Bank transfer,DSL,3,69.73,209.19,3,1,Frequent service outages
CUST-003981,2024-08-06,Midwest,One year,Credit card,Fiber optic,33,108.75,3588.75,1,0,
CUST-003982,2025-03-20,South,One year,Bank transfer,No internet,7,76.93,538.51,0,0,
CUST-003983,2022-05-12,Northeast,Month-to-month,Electronic check,DSL,4,67.98,271.92,2,1,Competitor offered better deal
CUST-003984,2024-05-05,West,Month-to-month,Mailed check,DSL,13,109.01,1417.13,3,1,Competitor offered better deal
CUST-003985,2022-01-29,Northeast,One year,Bank transfer,Fiber optic,37,104.56,3868.72,1,0,
CUST-003986,2023-04-09,West,Two year,Electronic check,Fiber optic,25,102.99,2574.75,5,1,Moving / relocation
CUST-003987,2025-05-21,West,One year,Bank transfer,Fiber optic,13,25.0,325.0,1,0,
CUST-003988,2025-04-25,West,Month-to-month,Electronic check,DSL,6,80.71,484.26,2,0,
CUST-003989,2024-01-13,Northeast,Two year,Credit card,Fiber optic,30,75.03,2250.9,2,0,
CUST-003990,2024-01-19,South,Month-to-month,Bank transfer,DSL,35,69.33,2426.55,0,0,
CUST-003991,2022-10-25,West,Month-to-month,Bank transfer,No internet,8,85.21,681.68,1,0,
CUST-003992,2023-10-01,West,Month-to-month,Credit card,DSL,41,76.2,3124.2,1,0,
CUST-003993,2022-05-27,South,Month-to-month,Credit card,Fiber optic,11,87.09,957.99,0,0,
CUST-003994,2022-01-24,Midwest,One year,Electronic check,Fiber optic,21,64.34,1351.14,0,1,Frequent service outages
CUST-003995,2022-11-30,Midwest,One year,Mailed check,DSL,26,113.23,2943.98,1,0,
CUST-003996,2025-04-14,Midwest,Two year,Bank transfer,Fiber optic,19,89.95,1709.05,1,0,
CUST-003997,2023-08-28,West,Month-to-month,Mailed check,Fiber optic,2,83.4,166.8,0,0,
CUST-003998,2023-02-08,West,One year,Mailed check,Fiber optic,42,82.1,3448.2,2,0,
CUST-003999,2022-06-01,South,One year,Mailed check,DSL,25,101.53,2538.25,4,0,
CUST-004000,2023-03-01,West,Two year,Electronic check,DSL,36,97.22,3499.92,0,0,
CUST-004001,2023-10-06,South,One year,Electronic check,Fiber optic,20,67.62,1352.4,1,0,
CUST-004002,2025-05-05,South,One year,Electronic check,DSL,36,96.25,3465.0,2,0,
CUST-004003,2022-07-29,Northeast,Month-to-month,Electronic check,Fiber optic,3,74.12,222.36,3,0,
CUST-004004,2022-05-07,South,One year,Bank transfer,Fiber optic,33,129.47,4272.51,2,0,
CUST-004005,2022-03-23,Midwest,One year,Electronic check,No internet,25,99.61,2490.25,2,0,
CUST-004006,2025-10-26,Northeast,Two year,Electronic check,Fiber optic,29,57.39,1664.31,3,0,
CUST-004007,2025-11-07,West,Month-to-month,Credit card,DSL,10,147.8,1478.0,3,0,
CUST-004008,2023-04-29,Northeast,Month-to-month,Bank transfer,Fiber optic,26,35.78,930.28,0,0,
CUST-004009,2023-04-28,West,Month-to-month,Credit card,Fiber optic,1,85.97,85.97,2,1,Price too high
CUST-004010,2023-05-03,Northeast,Two year,Credit card,DSL,9,56.1,504.9,3,0,
CUST-004011,2022-05-31,Northeast,Two year,Bank transfer,DSL,26,128.03,3328.78,0,0,
CUST-004012,2024-10-18,South,One year,Credit card,DSL,22,76.01,1672.22,2,0,
CUST-004013,2025-12-07,West,Two year,Electronic check,No internet,41,54.38,2229.58,0,0,
CUST-004014,2023-06-12,Northeast,One year,Bank transfer,DSL,36,64.37,2317.32,2,0,
CUST-004015,2022-12-20,Midwest,Month-to-month,Bank transfer,Fiber optic,6,55.79,334.74,2,1,Moving / relocation
CUST-004016,2023-01-31,South,Month-to-month,Bank transfer,DSL,3,63.57,190.71,2,1,Price too high
CUST-004017,2022-12-20,West,Month-to-month,Electronic check,DSL,13,63.11,820.43,2,0,
CUST-004018,2022-08-21,South,Month-to-month,Credit card,DSL,1,55.13,55.13,1,0,
CUST-004019,2024-12-26,South,Two year,Mailed check,Fiber optic,14,76.43,1070.02,1,0,
CUST-004020,2023-04-30,Midwest,One year,Credit card,No internet,26,79.46,2065.96,2,0,
CUST-004021,2024-01-28,Northeast,Month-to-month,Credit card,Fiber optic,10,50.97,509.7,0,1,Poor customer service
CUST-004022,2025-11-21,Northeast,Month-to-month,Credit card,DSL,4,41.24,164.96,2,0,
CUST-004023,2023-08-16,South,One year,Mailed check,Fiber optic,40,77.44,3097.6,2,0,
CUST-004024,2022-07-11,West,One year,Mailed check,DSL,21,83.11,1745.31,0,0,
CUST-004025,2022-10-02,Northeast,Two year,Bank transfer,Fiber optic,29,88.56,2568.24,2,0,
CUST-004026,2025-09-29,South,Month-to-month,Bank transfer,Fiber optic,1,83.63,83.63,1,1,Frequent service outages
CUST-004027,2024-11-01,South,Two year,Mailed check,Fiber optic,16,115.96,1855.36,1,0,
CUST-004028,2024-04-19,Midwest,One year,Bank transfer,DSL,32,96.45,3086.4,4,0,
CUST-004029,2022-06-08,Midwest,One year,Credit card,Fiber optic,36,150.0,5400.0,1,0,
CUST-004030,2024-09-12,West,Month-to-month,Mailed check,DSL,12,150.0,1800.0,1,1,Competitor offered better deal
CUST-004031,2022-06-24,Midwest,Two year,Electronic check,No internet,40,39.94,1597.6,1,0,
CUST-004032,2025-03-08,Midwest,Month-to-month,Bank transfer,No internet,38,34.71,1318.98,1,0,
CUST-004033,2023-05-25,Northeast,Month-to-month,Bank transfer,Fiber optic,20,69.94,1398.8,1,1,Frequent service outages
CUST-004034,2022-03-06,South,Month-to-month,Credit card,Fiber optic,19,82.38,1565.22,4,1,Competitor offered better deal
CUST-004035,2025-06-14,South,One year,Bank transfer,No internet,26,68.42,1778.92,1,1,Frequent service outages
CUST-004036,2025-11-24,West,Month-to-month,Mailed check,No internet,2,87.81,175.62,2,0,
CUST-004037,2024-10-29,South,Two year,Bank transfer,Fiber optic,26,64.3,1671.8,2,0,
CUST-004038,2025-01-14,Midwest,Month-to-month,Credit card,Fiber optic,2,56.14,112.28,1,0,
CUST-004039,2023-10-18,Northeast,Month-to-month,Mailed check,Fiber optic,2,58.93,117.86,2,0,
CUST-004040,2025-03-17,West,Month-to-month,Electronic check,Fiber optic,27,65.76,1775.52,2,1,Poor customer service
CUST-004041,2022-10-12,South,Month-to-month,Bank transfer,DSL,24,91.83,2203.92,2,0,
CUST-004042,2023-09-14,South,One year,Electronic check,Fiber optic,47,59.99,2819.53,1,1,Moving / relocation
CUST-004043,2025-08-21,South,One year,Credit card,DSL,25,63.91,1597.75,1,0,
CUST-004044,2024-05-22,Northeast,One year,Electronic check,Fiber optic,8,84.14,673.12,1,0,
CUST-004045,2024-06-14,South,Two year,Mailed check,Fiber optic,30,65.78,1973.4,1,0,
CUST-004046,2024-03-31,Northeast,One year,Credit card,DSL,1,100.22,100.22,0,0,
CUST-004047,2022-08-14,West,Month-to-month,Electronic check,DSL,33,52.24,1723.92,0,1,Poor customer service
CUST-004048,2022-05-24,West,One year,Electronic check,Fiber optic,18,48.73,877.14,1,0,
CUST-004049,2022-03-19,West,Two year,Electronic check,Fiber optic,25,77.28,1932.0,1,1,Competitor offered better deal
CUST-004050,2022-10-10,Northeast,Month-to-month,Credit card,Fiber optic,5,79.79,398.95,0,0,
CUST-004051,2022-08-23,South,Month-to-month,Credit card,No internet,11,53.16,584.76,1,0,
CUST-004052,2025-01-28,South,Month-to-month,Mailed check,No internet,26,107.76,2801.76,1,0,
CUST-004053,2024-06-26,South,Month-to-month,Bank transfer,DSL,14,129.8,1817.2,2,0,
CUST-004054,2023-12-24,South,One year,Bank transfer,No internet,29,57.35,1663.15,2,0,
CUST-004055,2023-07-03,South,Month-to-month,Electronic check,DSL,1,112.84,112.84,0,1,Poor customer service
CUST-004056,2022-09-29,Northeast,Two year,Electronic check,Fiber optic,13,32.71,425.23,0,0,
CUST-004057,2024-09-04,Northeast,Two year,Credit card,Fiber optic,32,98.92,3165.44,1,0,
CUST-004058,2025-06-06,South,One year,Electronic check,No internet,30,53.28,1598.4,1,0,
CUST-004059,2024-04-22,West,One year,Bank transfer,DSL,15,95.81,1437.15,1,0,
CUST-004060,2022-09-07,Northeast,Two year,Electronic check,No internet,43,51.54,2216.22,0,0,
CUST-004061,2023-11-21,Midwest,Month-to-month,Bank transfer,DSL,11,68.59,754.49,0,0,
CUST-004062,2025-09-10,Midwest,Month-to-month,Electronic check,No internet,1,54.1,54.1,3,0,
CUST-004063,2024-12-20,West,Two year,Electronic check,DSL,29,65.47,1898.63,1,0,
CUST-004064,2025-01-07,Midwest,Two year,Electronic check,DSL,11,125.91,1385.01,3,0,
CUST-004065,2023-01-02,South,One year,Credit card,No internet,13,67.73,880.49,2,0,
CUST-004066,2025-04-06,South,Month-to-month,Electronic check,Fiber optic,11,137.73,1515.03,1,0,
CUST-004067,2024-11-29,Northeast,One year,Mailed check,DSL,22,61.96,1363.12,1,0,
CUST-004068,2024-01-09,Midwest,Month-to-month,Mailed check,Fiber optic,6,113.0,678.0,1,0,
CUST-004069,2025-11-28,West,One year,Mailed check,No internet,26,41.67,1083.42,5,1,Price too high
CUST-004070,2024-01-04,South,One year,Credit card,DSL,8,63.96,511.68,2,0,
CUST-004071,2022-10-30,South,One year,Mailed check,Fiber optic,7,59.05,413.35,1,0,
CUST-004072,2022-06-25,South,Month-to-month,Bank transfer,Fiber optic,31,114.67,3554.77,2,0,
CUST-004073,2022-08-30,South,Month-to-month,Bank transfer,Fiber optic,9,74.39,669.51,2,0,
CUST-004074,2025-09-26,Midwest,Month-to-month,Credit card,Fiber optic,5,35.94,179.7,3,0,
CUST-004075,2024-04-14,West,Month-to-month,Credit card,Fiber optic,24,46.1,1106.4,2,1,Price too high
CUST-004076,2023-07-24,Midwest,One year,Electronic check,No internet,2,50.7,101.4,1,0,
CUST-004077,2023-02-13,Midwest,One year,Credit card,DSL,13,94.53,1228.89,1,0,
CUST-004078,2024-04-13,Northeast,One year,Credit card,No internet,43,90.7,3900.1,1,0,
CUST-004079,2025-08-13,South,Month-to-month,Credit card,Fiber optic,11,63.68,700.48,2,0,
CUST-004080,2022-04-17,South,Two year,Credit card,Fiber optic,45,58.82,2646.9,2,0,
CUST-004081,2024-11-12,South,Two year,Bank transfer,No internet,6,88.17,529.02,1,0,
CUST-004082,2022-10-17,West,Month-to-month,Mailed check,DSL,21,48.84,1025.64,1,1,Price too high
CUST-004083,2023-08-16,Midwest,Month-to-month,Electronic check,Fiber optic,1,81.16,81.16,2,0,
CUST-004084,2025-06-24,South,One year,Credit card,No internet,10,78.98,789.8,1,0,
CUST-004085,2024-10-26,Midwest,Month-to-month,Credit card,Fiber optic,20,64.21,1284.2,1,0,
CUST-004086,2023-09-30,West,Month-to-month,Electronic check,Fiber optic,5,79.62,398.1,3,0,
CUST-004087,2025-07-28,South,Two year,Bank transfer,DSL,20,72.43,1448.6,4,0,
CUST-004088,2023-07-16,Midwest,One year,Electronic check,DSL,12,82.2,986.4,1,0,
CUST-004089,2023-04-30,Northeast,Two year,Electronic check,DSL,5,45.75,228.75,1,0,
CUST-004090,2023-01-20,Northeast,Month-to-month,Mailed check,Fiber optic,47,85.34,4010.98,1,0,
CUST-004091,2025-04-20,Northeast,Two year,Mailed check,Fiber optic,48,97.37,4673.76,0,0,
CUST-004092,2025-11-02,South,Two year,Bank transfer,Fiber optic,4,77.69,310.76,3,1,Moving / relocation
CUST-004093,2023-04-17,Northeast,Month-to-month,Electronic check,Fiber optic,8,84.98,679.84,1,0,
CUST-004094,2024-09-13,Midwest,Month-to-month,Bank transfer,Fiber optic,19,67.68,1285.92,2,1,Price too high
CUST-004095,2024-06-09,Midwest,One year,Bank transfer,DSL,16,93.24,1491.84,1,0,
CUST-004096,2023-12-23,Northeast,Two year,Credit card,No internet,16,71.58,1145.28,4,0,
CUST-004097,2023-11-05,Midwest,Month-to-month,Electronic check,No internet,20,48.55,971.0,2,0,
CUST-004098,2025-10-27,West,Month-to-month,Mailed check,DSL,11,91.15,1002.65,2,0,
CUST-004099,2025-07-01,West,One year,Bank transfer,Fiber optic,24,41.56,997.44,1,0,
CUST-004100,2024-04-20,South,Month-to-month,Bank transfer,DSL,15,76.75,1151.25,3,0,
CUST-004101,2024-03-19,South,One year,Mailed check,No internet,7,61.99,433.93,0,1,Frequent service outages
CUST-004102,2025-09-21,West,One year,Bank transfer,Fiber optic,48,60.74,2915.52,0,0,
CUST-004103,2022-12-28,Northeast,Two year,Credit card,Fiber optic,14,74.07,1036.98,3,0,
CUST-004104,2022-08-22,West,Month-to-month,Mailed check,Fiber optic,2,55.87,111.74,0,0,
CUST-004105,2025-01-25,West,Two year,Electronic check,DSL,6,82.59,495.54,2,0,
CUST-004106,2023-08-23,South,One year,Credit card,No internet,18,71.39,1285.02,1,0,
CUST-004107,2022-03-15,Midwest,Two year,Credit card,Fiber optic,8,57.54,460.32,0,0,
CUST-004108,2024-03-10,South,Month-to-month,Electronic check,DSL,21,107.58,2259.18,1,0,
CUST-004109,2025-10-29,Northeast,Month-to-month,Credit card,DSL,2,74.85,149.7,2,1,Moving / relocation
CUST-004110,2022-09-19,West,Two year,Electronic check,No internet,7,85.79,600.53,1,0,
CUST-004111,2025-08-24,South,One year,Credit card,Fiber optic,1,110.31,110.31,2,0,
CUST-004112,2024-07-16,South,Month-to-month,Bank transfer,DSL,19,109.73,2084.87,0,0,
CUST-004113,2025-12-06,West,One year,Bank transfer,No internet,11,84.4,928.4,0,1,Price too high
CUST-004114,2024-12-12,Northeast,Month-to-month,Credit card,No internet,42,63.63,2672.46,0,0,
CUST-004115,2025-11-02,South,Month-to-month,Credit card,Fiber optic,21,44.37,931.77,1,0,
CUST-004116,2022-12-16,Midwest,One year,Electronic check,Fiber optic,7,74.9,524.3,0,0,
CUST-004117,2023-11-01,South,Two year,Bank transfer,No internet,2,99.51,199.02,1,0,
CUST-004118,2023-07-29,Northeast,One year,Credit card,No internet,10,78.52,785.2,1,0,
CUST-004119,2024-06-26,Midwest,Month-to-month,Bank transfer,Fiber optic,15,25.0,375.0,3,0,
CUST-004120,2025-09-17,Northeast,Month-to-month,Electronic check,Fiber optic,4,92.61,370.44,0,1,Price too high
CUST-004121,2024-06-04,South,Month-to-month,Electronic check,Fiber optic,22,94.45,2077.9,3,0,
CUST-004122,2024-05-10,West,Month-to-month,Credit card,DSL,9,63.66,572.94,1,0,
CUST-004123,2025-02-11,Northeast,Two year,Mailed check,Fiber optic,42,96.19,4039.98,3,0,
CUST-004124,2024-10-13,West,Month-to-month,Bank transfer,Fiber optic,1,85.71,85.71,1,0,
CUST-004125,2022-07-22,South,Month-to-month,Bank transfer,DSL,4,56.3,225.2,1,0,
CUST-004126,2025-03-08,West,One year,Electronic check,Fiber optic,14,105.3,1474.2,0,0,
CUST-004127,2024-04-09,West,Month-to-month,Electronic check,No internet,4,46.73,186.92,6,0,
CUST-004128,2022-11-18,South,Month-to-month,Electronic check,Fiber optic,3,68.83,206.49,0,1,Moving / relocation
CUST-004129,2022-10-23,South,One year,Electronic check,Fiber optic,19,66.67,1266.73,0,0,
CUST-004130,2024-11-15,Northeast,Month-to-month,Credit card,No internet,19,53.83,1022.77,2,0,
CUST-004131,2025-03-04,South,Month-to-month,Electronic check,Fiber optic,1,77.26,77.26,2,1,Moving / relocation
CUST-004132,2025-07-18,South,One year,Electronic check,Fiber optic,39,106.63,4158.57,2,0,
CUST-004133,2023-01-23,West,Two year,Bank transfer,Fiber optic,43,104.51,4493.93,0,0,
CUST-004134,2025-10-24,South,One year,Credit card,DSL,35,88.37,3092.95,2,0,
CUST-004135,2022-12-23,Midwest,One year,Electronic check,DSL,26,40.74,1059.24,0,0,
CUST-004136,2022-05-25,Midwest,Two year,Electronic check,No internet,46,45.72,2103.12,1,0,
CUST-004137,2022-11-14,West,Month-to-month,Bank transfer,No internet,17,73.93,1256.81,3,0,
CUST-004138,2022-11-01,South,Month-to-month,Bank transfer,Fiber optic,19,69.34,1317.46,2,0,
CUST-004139,2022-03-25,Northeast,Month-to-month,Bank transfer,Fiber optic,1,59.78,59.78,2,0,
CUST-004140,2022-01-10,West,Month-to-month,Electronic check,DSL,34,128.99,4385.66,1,0,
CUST-004141,2022-01-27,Midwest,Month-to-month,Credit card,No internet,5,72.52,362.6,1,1,Frequent service outages
CUST-004142,2023-08-02,Midwest,Two year,Bank transfer,Fiber optic,32,83.39,2668.48,1,0,
CUST-004143,2022-04-23,Northeast,One year,Credit card,Fiber optic,12,96.17,1154.04,3,1,Poor customer service
CUST-004144,2023-03-16,Northeast,One year,Credit card,Fiber optic,11,71.35,784.85,0,1,Competitor offered better deal
CUST-004145,2023-11-10,Northeast,Month-to-month,Bank transfer,No internet,10,150.0,1500.0,1,0,
CUST-004146,2024-05-08,South,Month-to-month,Electronic check,Fiber optic,15,51.89,778.35,3,0,
CUST-004147,2022-09-10,South,One year,Bank transfer,DSL,20,57.75,1155.0,1,0,
CUST-004148,2022-12-23,West,Two year,Bank transfer,Fiber optic,26,51.85,1348.1,1,0,
CUST-004149,2025-03-11,Northeast,Two year,Electronic check,DSL,12,115.59,1387.08,2,0,
CUST-004150,2024-10-19,Midwest,Month-to-month,Electronic check,Fiber optic,29,90.62,2627.98,2,0,
CUST-004151,2023-08-18,South,Month-to-month,Electronic check,DSL,19,58.9,1119.1,1,0,
CUST-004152,2025-11-03,South,One year,Credit card,Fiber optic,23,53.17,1222.91,3,0,
CUST-004153,2024-01-17,South,One year,Credit card,Fiber optic,40,109.2,4368.0,1,0,
CUST-004154,2022-05-28,Northeast,Month-to-month,Bank transfer,Fiber optic,11,78.71,865.81,0,1,Price too high
CUST-004155,2022-06-06,Northeast,Month-to-month,Credit card,DSL,17,110.09,1871.53,2,0,
CUST-004156,2022-11-10,South,Month-to-month,Bank transfer,DSL,14,68.77,962.78,1,1,Competitor offered better deal
CUST-004157,2023-03-16,South,Two year,Credit card,Fiber optic,20,82.57,1651.4,2,0,
CUST-004158,2022-10-11,Northeast,One year,Electronic check,Fiber optic,6,77.17,463.02,2,1,Poor customer service
CUST-004159,2024-12-24,West,One year,Electronic check,Fiber optic,14,57.41,803.74,0,0,
CUST-004160,2025-12-01,West,Month-to-month,Bank transfer,Fiber optic,3,66.95,200.85,3,1,Frequent service outages
CUST-004161,2024-01-31,Midwest,Two year,Credit card,DSL,30,47.99,1439.7,1,0,
CUST-004162,2024-04-28,South,Two year,Credit card,Fiber optic,29,82.11,2381.19,3,0,
CUST-004163,2025-07-28,Midwest,One year,Credit card,DSL,13,89.44,1162.72,0,0,
CUST-004164,2023-04-01,West,One year,Credit card,DSL,15,96.24,1443.6,1,1,Moving / relocation
CUST-004165,2024-04-28,Northeast,Two year,Electronic check,No internet,19,86.77,1648.63,3,0,
CUST-004166,2023-07-11,West,One year,Electronic check,DSL,39,67.29,2624.31,2,0,
CUST-004167,2025-09-30,South,Two year,Mailed check,Fiber optic,34,115.2,3916.8,1,0,
CUST-004168,2025-04-02,Northeast,Two year,Bank transfer,Fiber optic,10,93.27,932.7,2,0,
CUST-004169,2024-06-18,West,Two year,Bank transfer,Fiber optic,37,109.33,4045.21,3,0,
CUST-004170,2025-01-04,West,Two year,Electronic check,Fiber optic,31,111.54,3457.74,2,1,Poor customer service
CUST-004171,2025-03-24,South,One year,Bank transfer,Fiber optic,27,67.34,1818.18,1,0,
CUST-004172,2023-09-04,South,One year,Credit card,No internet,19,79.37,1508.03,0,1,Moving / relocation
CUST-004173,2024-03-04,South,Month-to-month,Electronic check,Fiber optic,9,89.82,808.38,1,1,Moving / relocation
CUST-004174,2023-02-21,South,Two year,Bank transfer,DSL,26,48.53,1261.78,1,0,
CUST-004175,2022-08-26,Northeast,Month-to-month,Electronic check,Fiber optic,11,48.88,537.68,3,0,
CUST-004176,2025-10-30,Midwest,Month-to-month,Bank transfer,Fiber optic,14,46.26,647.64,1,0,
CUST-004177,2022-08-02,West,Two year,Bank transfer,Fiber optic,6,67.72,406.32,3,0,
CUST-004178,2025-05-06,West,Two year,Electronic check,Fiber optic,9,63.01,567.09,0,0,
CUST-004179,2024-04-20,Northeast,One year,Bank transfer,Fiber optic,34,44.28,1505.52,3,0,
CUST-004180,2022-01-10,West,Month-to-month,Bank transfer,No internet,16,73.54,1176.64,1,0,
CUST-004181,2025-02-19,Northeast,Month-to-month,Mailed check,DSL,19,67.99,1291.81,1,0,
CUST-004182,2024-01-15,South,Month-to-month,Credit card,Fiber optic,24,102.34,2456.16,0,0,
CUST-004183,2022-09-25,Midwest,Month-to-month,Credit card,Fiber optic,8,133.51,1068.08,0,1,Frequent service outages
CUST-004184,2022-03-04,Midwest,Two year,Bank transfer,No internet,28,81.13,2271.64,2,0,
CUST-004185,2024-12-27,South,Month-to-month,Electronic check,Fiber optic,5,56.1,280.5,3,0,
CUST-004186,2024-03-11,Northeast,Month-to-month,Mailed check,Fiber optic,41,86.22,3535.02,1,1,Moving / relocation
CUST-004187,2023-11-06,West,One year,Mailed check,DSL,20,70.31,1406.2,3,1,Price too high
CUST-004188,2025-10-10,West,Month-to-month,Electronic check,DSL,16,64.92,1038.72,1,0,
CUST-004189,2025-09-28,Northeast,Month-to-month,Bank transfer,Fiber optic,4,53.21,212.84,0,1,Competitor offered better deal
CUST-004190,2022-01-30,West,One year,Credit card,DSL,33,60.43,1994.19,1,0,
CUST-004191,2023-02-01,West,Month-to-month,Electronic check,Fiber optic,2,66.23,132.46,0,1,Moving / relocation
CUST-004192,2023-03-24,Northeast,One year,Bank transfer,DSL,13,90.68,1178.84,1,1,Competitor offered better deal
CUST-004193,2023-08-26,Northeast,Two year,Bank transfer,Fiber optic,30,82.56,2476.8,1,0,
CUST-004194,2024-01-05,South,Month-to-month,Bank transfer,No internet,3,125.74,377.22,3,1,Price too high
CUST-004195,2024-11-20,Midwest,Two year,Credit card,DSL,14,86.99,1217.86,2,0,
CUST-004196,2023-01-09,South,Two year,Mailed check,Fiber optic,17,80.3,1365.1,1,0,
CUST-004197,2023-04-17,South,One year,Bank transfer,DSL,4,63.56,254.24,0,0,
CUST-004198,2022-06-26,West,Two year,Electronic check,Fiber optic,9,50.3,452.7,1,0,
CUST-004199,2022-01-31,South,Two year,Electronic check,No internet,38,58.42,2219.96,1,0,
CUST-004200,2023-01-31,South,One year,Bank transfer,Fiber optic,1,56.04,56.04,0,0,
CUST-004201,2024-07-15,South,One year,Electronic check,Fiber optic,41,30.89,1266.49,0,0,
CUST-004202,2023-07-20,West,Month-to-month,Electronic check,DSL,17,50.77,863.09,1,0,
CUST-004203,2022-12-11,Midwest,Two year,Electronic check,Fiber optic,25,117.06,2926.5,0,0,
CUST-004204,2023-03-31,Northeast,Two year,Electronic check,Fiber optic,10,78.88,788.8,4,0,
CUST-004205,2025-11-09,Midwest,Two year,Mailed check,DSL,22,62.15,1367.3,3,0,
CUST-004206,2025-12-23,West,Two year,Electronic check,DSL,28,79.64,2229.92,0,0,
CUST-004207,2024-05-08,Midwest,Two year,Electronic check,Fiber optic,41,37.52,1538.32,2,0,
CUST-004208,2025-11-05,South,Month-to-month,Bank transfer,Fiber optic,3,76.73,230.19,3,0,
CUST-004209,2025-11-19,Midwest,One year,Bank transfer,DSL,17,105.51,1793.67,0,1,Frequent service outages
CUST-004210,2024-07-14,Midwest,Month-to-month,Credit card,No internet,13,67.44,876.72,3,0,
CUST-004211,2025-02-27,South,One year,Credit card,DSL,11,39.76,437.36,0,0,
CUST-004212,2022-03-21,Northeast,Month-to-month,Credit card,DSL,3,61.41,184.23,1,0,
CUST-004213,2022-10-11,South,Month-to-month,Bank transfer,DSL,30,105.57,3167.1,2,0,
CUST-004214,2022-04-25,South,One year,Electronic check,Fiber optic,31,76.15,2360.65,0,0,
CUST-004215,2024-12-27,West,Month-to-month,Electronic check,Fiber optic,48,44.53,2137.44,5,1,Moving / relocation
CUST-004216,2024-10-19,West,Two year,Credit card,DSL,28,149.55,4187.4,0,0,
CUST-004217,2023-11-30,Northeast,One year,Credit card,Fiber optic,8,46.94,375.52,0,1,Competitor offered better deal
CUST-004218,2024-09-03,Midwest,One year,Bank transfer,Fiber optic,17,64.86,1102.62,1,0,
CUST-004219,2025-07-29,Northeast,Month-to-month,Bank transfer,Fiber optic,22,50.3,1106.6,1,0,
CUST-004220,2022-09-20,West,Two year,Electronic check,DSL,8,50.32,402.56,3,0,
CUST-004221,2024-11-16,South,One year,Electronic check,DSL,9,60.66,545.94,1,0,
CUST-004222,2025-07-15,West,One year,Bank transfer,No internet,38,85.93,3265.34,1,0,
CUST-004223,2024-12-22,West,Two year,Electronic check,Fiber optic,28,105.95,2966.6,3,0,
CUST-004224,2024-11-17,West,One year,Bank transfer,No internet,29,61.96,1796.84,0,0,
CUST-004225,2024-11-26,Midwest,One year,Credit card,Fiber optic,34,50.74,1725.16,2,0,
CUST-004226,2022-10-23,South,One year,Credit card,DSL,13,81.71,1062.23,2,1,Frequent service outages
CUST-004227,2022-11-14,Midwest,One year,Credit card,DSL,4,82.48,329.92,3,0,
CUST-004228,2025-08-15,South,One year,Electronic check,Fiber optic,26,75.71,1968.46,2,0,
CUST-004229,2023-01-05,South,Two year,Mailed check,No internet,26,76.57,1990.82,2,0,
CUST-004230,2024-12-12,West,Month-to-month,Bank transfer,Fiber optic,2,67.63,135.26,1,1,Poor customer service
CUST-004231,2023-10-21,South,Month-to-month,Bank transfer,Fiber optic,6,72.34,434.04,1,1,Moving / relocation
CUST-004232,2025-08-19,South,One year,Credit card,DSL,44,66.15,2910.6,2,0,
CUST-004233,2023-02-21,South,One year,Electronic check,DSL,29,98.74,2863.46,2,0,
CUST-004234,2025-07-25,South,Month-to-month,Electronic check,DSL,19,143.04,2717.76,2,0,
CUST-004235,2025-07-17,Midwest,Two year,Mailed check,Fiber optic,19,74.25,1410.75,1,0,
CUST-004236,2022-01-06,West,Month-to-month,Bank transfer,Fiber optic,3,69.96,209.88,1,0,
CUST-004237,2024-07-25,Midwest,Two year,Mailed check,Fiber optic,43,76.09,3271.87,2,0,
CUST-004238,2024-02-26,South,Month-to-month,Mailed check,DSL,8,56.8,454.4,1,0,
CUST-004239,2023-11-16,Northeast,One year,Electronic check,DSL,15,89.55,1343.25,1,1,Price too high
CUST-004240,2022-05-29,South,Month-to-month,Mailed check,DSL,18,80.74,1453.32,1,0,
CUST-004241,2024-08-26,South,One year,Bank transfer,Fiber optic,25,61.28,1532.0,1,0,
CUST-004242,2023-05-13,West,Month-to-month,Electronic check,DSL,20,93.57,1871.4,2,0,
CUST-004243,2024-02-19,Midwest,Two year,Credit card,No internet,31,70.53,2186.43,1,0,
CUST-004244,2023-03-12,Midwest,Month-to-month,Bank transfer,Fiber optic,1,51.4,51.4,2,0,
CUST-004245,2025-05-23,Northeast,Month-to-month,Electronic check,Fiber optic,15,78.45,1176.75,3,0,
CUST-004246,2024-01-19,South,Month-to-month,Electronic check,No internet,21,75.63,1588.23,1,0,
CUST-004247,2023-10-22,West,Month-to-month,Electronic check,Fiber optic,20,95.33,1906.6,2,0,
CUST-004248,2025-05-21,South,Month-to-month,Electronic check,DSL,14,91.48,1280.72,2,1,Poor customer service
CUST-004249,2022-05-13,Northeast,One year,Bank transfer,Fiber optic,11,67.7,744.7,0,0,
CUST-004250,2022-08-01,Midwest,One year,Credit card,Fiber optic,14,60.28,843.92,2,0,
CUST-004251,2022-10-06,Midwest,Two year,Electronic check,DSL,31,70.14,2174.34,2,1,Competitor offered better deal
CUST-004252,2023-11-13,South,Two year,Electronic check,Fiber optic,28,78.75,2205.0,2,1,Moving / relocation
CUST-004253,2022-06-16,West,One year,Credit card,No internet,43,81.84,3519.12,1,0,
CUST-004254,2025-06-01,West,Two year,Bank transfer,Fiber optic,16,77.2,1235.2,3,0,
CUST-004255,2024-09-04,Midwest,Two year,Mailed check,Fiber optic,25,68.1,1702.5,0,1,Poor customer service
CUST-004256,2023-11-14,Northeast,Month-to-month,Bank transfer,Fiber optic,23,96.45,2218.35,0,0,
CUST-004257,2023-05-17,South,Two year,Electronic check,DSL,24,56.5,1356.0,2,1,Price too high
CUST-004258,2023-01-28,South,One year,Electronic check,Fiber optic,7,150.0,1050.0,0,1,Moving / relocation
CUST-004259,2025-12-10,South,One year,Credit card,Fiber optic,21,89.49,1879.29,0,0,
CUST-004260,2024-03-30,West,Month-to-month,Bank transfer,Fiber optic,2,48.87,97.74,1,0,
CUST-004261,2023-09-28,Midwest,Two year,Electronic check,DSL,17,74.39,1264.63,1,0,
CUST-004262,2022-01-24,West,One year,Credit card,Fiber optic,15,89.77,1346.55,2,0,
CUST-004263,2022-11-27,South,Two year,Mailed check,No internet,21,62.69,1316.49,2,1,Poor customer service
CUST-004264,2023-10-26,Northeast,One year,Electronic check,Fiber optic,32,43.45,1390.4,0,0,
CUST-004265,2023-10-21,West,Two year,Credit card,Fiber optic,44,50.27,2211.88,3,0,
CUST-004266,2024-02-07,Midwest,One year,Bank transfer,Fiber optic,7,83.39,583.73,3,0,
CUST-004267,2022-05-28,Northeast,Two year,Credit card,Fiber optic,26,39.99,1039.74,1,1,Frequent service outages
CUST-004268,2022-11-19,South,Two year,Electronic check,DSL,21,44.09,925.89,1,0,
CUST-004269,2023-08-06,South,Month-to-month,Electronic check,No internet,2,83.24,166.48,1,1,Competitor offered better deal
CUST-004270,2023-01-03,South,Month-to-month,Credit card,DSL,15,65.29,979.35,1,1,Moving / relocation
CUST-004271,2022-07-08,West,Two year,Electronic check,No internet,23,56.11,1290.53,1,0,
CUST-004272,2022-06-01,Northeast,Two year,Credit card,DSL,33,59.84,1974.72,0,0,
CUST-004273,2025-06-26,West,Two year,Credit card,Fiber optic,28,43.79,1226.12,1,0,
CUST-004274,2025-07-29,South,One year,Mailed check,Fiber optic,7,81.86,573.02,1,0,
CUST-004275,2025-05-02,Northeast,Month-to-month,Credit card,DSL,3,54.16,162.48,2,0,
CUST-004276,2022-03-13,West,One year,Credit card,No internet,12,59.06,708.72,1,0,
CUST-004277,2024-10-23,West,Month-to-month,Credit card,DSL,5,78.33,391.65,2,0,
CUST-004278,2025-07-26,Midwest,Two year,Mailed check,DSL,35,64.58,2260.3,2,0,
CUST-004279,2022-07-02,South,One year,Bank transfer,Fiber optic,39,55.95,2182.05,3,0,
CUST-004280,2025-11-03,Midwest,Month-to-month,Mailed check,DSL,8,37.09,296.72,3,1,Moving / relocation
CUST-004281,2024-10-27,South,One year,Electronic check,DSL,29,78.85,2286.65,0,0,
CUST-004282,2024-04-20,Midwest,Two year,Credit card,No internet,21,71.9,1509.9,3,0,
CUST-004283,2022-07-29,Midwest,One year,Credit card,DSL,13,59.41,772.33,1,0,
CUST-004284,2025-07-27,Midwest,One year,Electronic check,Fiber optic,32,50.3,1609.6,2,0,
CUST-004285,2025-11-07,South,One year,Bank transfer,DSL,9,70.39,633.51,2,0,
CUST-004286,2024-01-31,Northeast,One year,Credit card,Fiber optic,37,81.76,3025.12,1,0,
CUST-004287,2024-03-01,South,Month-to-month,Bank transfer,Fiber optic,20,72.33,1446.6,0,1,Price too high
CUST-004288,2022-02-19,Midwest,Month-to-month,Electronic check,DSL,5,118.41,592.05,1,0,
CUST-004289,2022-04-30,Northeast,One year,Electronic check,No internet,39,87.84,3425.76,0,0,
CUST-004290,2022-12-29,Midwest,One year,Bank transfer,DSL,23,67.74,1558.02,0,0,
CUST-004291,2022-04-21,South,Month-to-month,Credit card,Fiber optic,5,88.79,443.95,2,1,Price too high
CUST-004292,2025-11-19,Midwest,One year,Electronic check,Fiber optic,35,71.21,2492.35,3,0,
CUST-004293,2023-09-03,West,One year,Mailed check,Fiber optic,8,71.13,569.04,2,0,
CUST-004294,2025-04-03,West,One year,Credit card,DSL,7,106.15,743.05,2,1,Price too high
CUST-004295,2023-05-06,West,Month-to-month,Credit card,DSL,17,52.6,894.2,1,0,
CUST-004296,2025-12-07,Midwest,One year,Credit card,DSL,37,70.63,2613.31,3,0,
CUST-004297,2024-04-09,West,One year,Credit card,Fiber optic,17,102.59,1744.03,2,0,
CUST-004298,2023-09-18,West,Two year,Bank transfer,DSL,35,77.39,2708.65,0,0,
CUST-004299,2022-02-04,Northeast,Month-to-month,Credit card,Fiber optic,3,62.3,186.9,2,0,
CUST-004300,2022-11-28,West,Month-to-month,Bank transfer,DSL,7,40.61,284.27,1,1,Frequent service outages
CUST-004301,2023-02-12,West,Two year,Bank transfer,DSL,11,33.9,372.9,2,0,
CUST-004302,2023-01-24,South,Month-to-month,Electronic check,Fiber optic,27,136.23,3678.21,3,1,Competitor offered better deal
CUST-004303,2023-03-07,South,Two year,Bank transfer,Fiber optic,4,77.38,309.52,0,0,
CUST-004304,2025-04-21,West,One year,Electronic check,DSL,3,58.15,174.45,4,1,Poor customer service
CUST-004305,2024-10-27,Northeast,Month-to-month,Credit card,Fiber optic,2,78.4,156.8,1,1,Competitor offered better deal
CUST-004306,2022-10-23,West,Month-to-month,Electronic check,Fiber optic,48,51.77,2484.96,3,0,
CUST-004307,2023-12-20,West,Two year,Mailed check,No internet,41,63.06,2585.46,3,0,
CUST-004308,2024-06-07,South,One year,Credit card,Fiber optic,28,51.88,1452.64,3,0,
CUST-004309,2025-04-20,Midwest,One year,Credit card,No internet,44,44.6,1962.4,1,0,
CUST-004310,2025-08-07,South,One year,Credit card,Fiber optic,39,35.74,1393.86,2,1,Frequent service outages
CUST-004311,2023-07-01,West,One year,Bank transfer,Fiber optic,7,42.05,294.35,0,1,Poor customer service
CUST-004312,2025-04-05,South,Two year,Electronic check,Fiber optic,36,97.2,3499.2,1,0,
CUST-004313,2022-10-23,South,One year,Electronic check,DSL,19,51.12,971.28,6,0,
CUST-004314,2023-09-10,Northeast,Month-to-month,Credit card,No internet,8,83.19,665.52,4,0,
CUST-004315,2023-03-18,South,One year,Credit card,Fiber optic,42,95.21,3998.82,1,1,Competitor offered better deal
CUST-004316,2023-07-24,Midwest,One year,Mailed check,No internet,20,70.48,1409.6,0,0,
CUST-004317,2022-09-18,West,Month-to-month,Electronic check,DSL,22,63.72,1401.84,3,1,Price too high
CUST-004318,2024-05-18,South,One year,Electronic check,No internet,10,73.15,731.5,1,0,
CUST-004319,2025-05-21,South,One year,Bank transfer,DSL,7,61.36,429.52,2,0,
CUST-004320,2023-10-02,West,Month-to-month,Electronic check,DSL,4,103.05,412.2,2,1,Competitor offered better deal
CUST-004321,2023-03-17,West,Two year,Electronic check,No internet,48,127.8,6134.4,3,0,
CUST-004322,2023-02-06,South,One year,Mailed check,DSL,29,111.49,3233.21,2,0,
CUST-004323,2024-01-05,South,Month-to-month,Bank transfer,DSL,17,35.22,598.74,2,1,Frequent service outages
CUST-004324,2022-06-15,West,Month-to-month,Bank transfer,Fiber optic,20,60.96,1219.2,0,1,Frequent service outages
CUST-004325,2022-11-19,West,Month-to-month,Mailed check,Fiber optic,9,70.2,631.8,2,1,Price too high
CUST-004326,2023-04-01,South,One year,Mailed check,DSL,28,81.3,2276.4,1,0,
CUST-004327,2024-05-23,Midwest,Month-to-month,Electronic check,Fiber optic,21,40.34,847.14,1,1,Price too high
CUST-004328,2022-07-25,West,Two year,Bank transfer,Fiber optic,31,40.13,1244.03,2,0,
CUST-004329,2025-08-19,Northeast,Month-to-month,Electronic check,No internet,2,106.5,213.0,1,1,Moving / relocation
CUST-004330,2022-04-02,Midwest,Month-to-month,Credit card,DSL,45,58.62,2637.9,2,0,
CUST-004331,2025-02-21,Northeast,Month-to-month,Electronic check,No internet,3,43.56,130.68,2,0,
CUST-004332,2025-08-01,West,One year,Credit card,Fiber optic,20,49.25,985.0,0,0,
CUST-004333,2025-11-17,Northeast,One year,Mailed check,Fiber optic,17,79.44,1350.48,0,0,
CUST-004334,2024-08-21,South,Two year,Bank transfer,Fiber optic,35,53.88,1885.8,1,0,
CUST-004335,2025-05-15,West,One year,Bank transfer,No internet,32,75.74,2423.68,4,0,
CUST-004336,2025-11-10,Midwest,Month-to-month,Electronic check,Fiber optic,10,51.25,512.5,0,1,Price too high
CUST-004337,2023-03-14,West,Month-to-month,Mailed check,No internet,24,40.12,962.88,1,0,
CUST-004338,2024-12-27,Northeast,Month-to-month,Electronic check,Fiber optic,24,110.59,2654.16,3,1,Price too high
CUST-004339,2022-05-21,Northeast,One year,Bank transfer,Fiber optic,23,79.63,1831.49,1,0,
CUST-004340,2024-12-03,Midwest,Month-to-month,Credit card,DSL,2,63.0,126.0,0,1,Price too high
CUST-004341,2024-11-23,West,Month-to-month,Bank transfer,DSL,4,59.33,237.32,3,1,Competitor offered better deal
CUST-004342,2023-11-29,South,Two year,Bank transfer,DSL,25,112.03,2800.75,1,0,
CUST-004343,2022-07-25,West,One year,Electronic check,Fiber optic,13,84.71,1101.23,0,1,Moving / relocation
CUST-004344,2024-06-23,Midwest,One year,Bank transfer,Fiber optic,19,101.19,1922.61,0,0,
CUST-004345,2022-05-25,Northeast,One year,Bank transfer,DSL,8,58.16,465.28,2,0,
CUST-004346,2022-05-21,South,Two year,Electronic check,Fiber optic,36,71.25,2565.0,3,0,
CUST-004347,2024-03-30,Northeast,Month-to-month,Electronic check,Fiber optic,4,79.73,318.92,1,0,
CUST-004348,2024-08-28,South,Month-to-month,Electronic check,Fiber optic,11,58.79,646.69,4,0,
CUST-004349,2023-07-28,West,One year,Electronic check,Fiber optic,41,67.99,2787.59,1,1,Moving / relocation
CUST-004350,2024-07-27,South,Month-to-month,Credit card,DSL,18,58.16,1046.88,1,1,Competitor offered better deal
CUST-004351,2024-08-18,South,One year,Electronic check,DSL,7,79.65,557.55,0,0,
CUST-004352,2023-12-16,Northeast,Month-to-month,Electronic check,No internet,1,45.93,45.93,5,1,Competitor offered better deal
CUST-004353,2024-05-15,South,Month-to-month,Electronic check,DSL,18,84.19,1515.42,1,1,Price too high
CUST-004354,2024-08-16,South,Month-to-month,Electronic check,DSL,6,77.43,464.58,3,0,
CUST-004355,2024-08-11,South,Two year,Mailed check,DSL,35,65.69,2299.15,1,0,
CUST-004356,2025-03-24,South,One year,Electronic check,No internet,47,80.95,3804.65,2,0,
CUST-004357,2024-06-27,West,One year,Electronic check,Fiber optic,48,62.38,2994.24,3,0,
CUST-004358,2023-08-31,Northeast,Month-to-month,Electronic check,Fiber optic,19,56.57,1074.83,1,1,Poor customer service
CUST-004359,2022-10-23,Midwest,Month-to-month,Credit card,Fiber optic,29,83.43,2419.47,1,1,Price too high
CUST-004360,2023-04-23,Northeast,One year,Bank transfer,No internet,16,84.59,1353.44,0,0,
CUST-004361,2023-11-15,Midwest,Month-to-month,Bank transfer,Fiber optic,1,59.6,59.6,0,0,
CUST-004362,2023-03-06,Northeast,Month-to-month,Electronic check,Fiber optic,13,57.99,753.87,1,0,
CUST-004363,2022-01-10,Midwest,Two year,Mailed check,DSL,36,66.12,2380.32,3,0,
CUST-004364,2025-07-02,Midwest,One year,Credit card,DSL,21,58.75,1233.75,1,0,
CUST-004365,2024-10-29,South,One year,Electronic check,Fiber optic,19,114.21,2169.99,2,0,
CUST-004366,2025-11-13,West,Two year,Mailed check,DSL,34,77.58,2637.72,0,0,
CUST-004367,2025-07-20,South,Month-to-month,Electronic check,DSL,12,70.43,845.16,0,1,Price too high
CUST-004368,2025-03-22,West,Month-to-month,Electronic check,Fiber optic,11,52.01,572.11,3,0,
CUST-004369,2025-10-20,Midwest,Month-to-month,Bank transfer,Fiber optic,11,88.81,976.91,2,0,
CUST-004370,2024-10-08,Midwest,Month-to-month,Bank transfer,Fiber optic,4,57.64,230.56,2,0,
CUST-004371,2025-11-30,Northeast,Month-to-month,Mailed check,DSL,2,56.89,113.78,0,0,
CUST-004372,2025-05-13,Midwest,One year,Bank transfer,Fiber optic,13,89.77,1167.01,5,1,Poor customer service
CUST-004373,2024-03-14,West,Month-to-month,Mailed check,DSL,17,79.36,1349.12,3,0,
CUST-004374,2025-01-23,South,Month-to-month,Bank transfer,Fiber optic,13,31.47,409.11,2,1,Moving / relocation
CUST-004375,2024-02-28,Midwest,One year,Credit card,Fiber optic,22,66.65,1466.3,1,0,
CUST-004376,2023-03-15,South,Month-to-month,Bank transfer,DSL,16,72.98,1167.68,0,0,
CUST-004377,2022-07-02,Northeast,One year,Electronic check,Fiber optic,15,62.89,943.35,1,0,
CUST-004378,2023-01-21,Northeast,Month-to-month,Electronic check,Fiber optic,8,73.8,590.4,3,0,
CUST-004379,2025-03-05,Northeast,One year,Bank transfer,No internet,12,39.29,471.48,2,1,Poor customer service
CUST-004380,2025-06-27,South,Two year,Electronic check,No internet,32,28.33,906.56,0,0,
CUST-004381,2025-12-31,Midwest,One year,Credit card,DSL,17,51.31,872.27,0,0,
CUST-004382,2025-06-07,West,Two year,Credit card,DSL,9,76.73,690.57,0,0,
CUST-004383,2022-06-10,Northeast,Month-to-month,Electronic check,DSL,23,25.0,575.0,1,0,
CUST-004384,2023-02-22,West,Month-to-month,Credit card,Fiber optic,14,53.52,749.28,3,0,
CUST-004385,2024-07-19,Northeast,One year,Electronic check,Fiber optic,28,37.89,1060.92,2,1,Poor customer service
CUST-004386,2023-02-03,West,One year,Electronic check,DSL,27,64.87,1751.49,2,0,
CUST-004387,2022-12-17,Northeast,One year,Credit card,DSL,4,131.17,524.68,1,1,Competitor offered better deal
CUST-004388,2025-11-10,Northeast,Month-to-month,Credit card,Fiber optic,5,65.4,327.0,1,0,
CUST-004389,2025-03-20,Midwest,Month-to-month,Bank transfer,No internet,19,67.73,1286.87,2,1,Frequent service outages
CUST-004390,2024-04-20,Midwest,Two year,Credit card,Fiber optic,39,91.7,3576.3,2,0,
CUST-004391,2022-06-06,South,Month-to-month,Electronic check,Fiber optic,14,70.59,988.26,1,0,
CUST-004392,2025-01-09,West,Two year,Bank transfer,Fiber optic,46,65.44,3010.24,0,0,
CUST-004393,2024-04-15,Midwest,Month-to-month,Credit card,DSL,1,94.3,94.3,0,0,
CUST-004394,2022-03-01,Midwest,Two year,Credit card,Fiber optic,5,81.53,407.65,1,0,
CUST-004395,2024-11-19,Midwest,Month-to-month,Mailed check,Fiber optic,20,76.89,1537.8,3,1,Price too high
CUST-004396,2024-01-14,West,Two year,Mailed check,DSL,37,67.06,2481.22,1,0,
CUST-004397,2024-06-22,Northeast,One year,Credit card,DSL,13,62.76,815.88,2,0,
CUST-004398,2023-08-12,South,Two year,Electronic check,Fiber optic,19,94.02,1786.38,1,0,
CUST-004399,2024-02-04,Midwest,Two year,Credit card,DSL,6,62.95,377.7,0,1,Competitor offered better deal
CUST-004400,2023-01-23,Midwest,Two year,Mailed check,No internet,34,103.96,3534.64,3,1,Moving / relocation
CUST-004401,2023-05-04,Midwest,Month-to-month,Electronic check,DSL,5,50.14,250.7,1,0,
CUST-004402,2023-04-12,West,One year,Electronic check,DSL,9,110.92,998.28,1,0,
CUST-004403,2022-10-02,Midwest,Two year,Bank transfer,Fiber optic,17,81.54,1386.18,2,0,
CUST-004404,2025-05-31,West,One year,Electronic check,Fiber optic,17,51.42,874.14,0,0,
CUST-004405,2023-03-14,South,Two year,Mailed check,Fiber optic,19,82.51,1567.69,1,1,Poor customer service
CUST-004406,2022-01-29,Midwest,One year,Credit card,No internet,1,56.93,56.93,2,0,
CUST-004407,2023-09-22,Northeast,Month-to-month,Electronic check,Fiber optic,19,70.86,1346.34,1,1,Competitor offered better deal
CUST-004408,2024-10-16,Northeast,Month-to-month,Bank transfer,No internet,14,60.0,840.0,1,0,
CUST-004409,2024-11-26,South,Month-to-month,Mailed check,Fiber optic,19,67.19,1276.61,2,0,
CUST-004410,2024-01-16,West,One year,Bank transfer,Fiber optic,24,94.75,2274.0,1,0,
CUST-004411,2022-01-19,Midwest,One year,Bank transfer,DSL,9,82.76,744.84,2,0,
CUST-004412,2023-07-04,Midwest,Month-to-month,Credit card,Fiber optic,20,48.91,978.2,2,1,Price too high
CUST-004413,2024-08-27,West,Two year,Mailed check,Fiber optic,25,49.81,1245.25,0,0,
CUST-004414,2025-07-30,South,Month-to-month,Bank transfer,Fiber optic,27,76.45,2064.15,3,0,
CUST-004415,2024-08-07,Northeast,Month-to-month,Electronic check,DSL,3,78.24,234.72,3,0,
CUST-004416,2025-01-14,Northeast,Month-to-month,Bank transfer,DSL,2,56.5,113.0,0,0,
CUST-004417,2025-08-07,West,One year,Electronic check,No internet,34,116.66,3966.44,1,0,
CUST-004418,2024-06-02,South,Month-to-month,Bank transfer,Fiber optic,9,90.95,818.55,0,0,
CUST-004419,2024-02-09,West,One year,Mailed check,DSL,18,57.39,1033.02,1,0,
CUST-004420,2023-09-03,South,Two year,Credit card,Fiber optic,8,55.64,445.12,1,0,
CUST-004421,2023-05-31,Midwest,Two year,Mailed check,DSL,28,65.18,1825.04,0,0,
CUST-004422,2025-08-28,Midwest,Two year,Bank transfer,Fiber optic,25,63.04,1576.0,3,0,
CUST-004423,2022-06-25,Northeast,One year,Electronic check,No internet,48,104.79,5029.92,3,0,
CUST-004424,2025-10-03,Northeast,Month-to-month,Bank transfer,DSL,33,96.07,3170.31,1,1,Price too high
CUST-004425,2024-08-14,South,Month-to-month,Credit card,Fiber optic,23,70.9,1630.7,2,0,
CUST-004426,2024-12-07,West,Two year,Mailed check,Fiber optic,32,87.09,2786.88,1,0,
CUST-004427,2024-08-26,South,Month-to-month,Electronic check,Fiber optic,19,91.23,1733.37,0,0,
CUST-004428,2023-09-13,West,Two year,Bank transfer,Fiber optic,29,71.42,2071.18,1,0,
CUST-004429,2025-03-05,West,One year,Electronic check,DSL,27,79.75,2153.25,1,0,
CUST-004430,2025-12-07,West,Two year,Bank transfer,DSL,40,84.79,3391.6,3,0,
CUST-004431,2023-04-18,West,One year,Electronic check,Fiber optic,42,81.94,3441.48,3,0,
CUST-004432,2022-03-07,South,Month-to-month,Mailed check,Fiber optic,4,54.64,218.56,3,0,
CUST-004433,2023-08-20,Midwest,One year,Credit card,Fiber optic,44,56.44,2483.36,2,0,
CUST-004434,2025-05-26,Northeast,One year,Electronic check,Fiber optic,9,63.92,575.28,2,1,Competitor offered better deal
CUST-004435,2022-06-23,West,Two year,Bank transfer,Fiber optic,43,55.92,2404.56,0,0,
CUST-004436,2023-03-10,Midwest,One year,Electronic check,Fiber optic,35,43.76,1531.6,0,1,Competitor offered better deal
CUST-004437,2025-03-30,Northeast,Two year,Electronic check,Fiber optic,45,87.03,3916.35,3,1,Frequent service outages
CUST-004438,2023-12-14,Northeast,One year,Bank transfer,Fiber optic,14,78.32,1096.48,1,0,
CUST-004439,2024-02-18,Midwest,One year,Bank transfer,DSL,10,45.67,456.7,1,0,
CUST-004440,2022-05-06,West,Month-to-month,Credit card,DSL,10,64.9,649.0,1,0,
CUST-004441,2025-04-07,West,Month-to-month,Electronic check,Fiber optic,13,66.09,859.17,0,0,
CUST-004442,2023-11-13,Midwest,Month-to-month,Electronic check,Fiber optic,11,74.31,817.41,2,0,
CUST-004443,2024-03-11,West,One year,Mailed check,DSL,22,49.59,1090.98,1,0,
CUST-004444,2022-12-02,South,Month-to-month,Bank transfer,Fiber optic,10,45.45,454.5,0,0,
CUST-004445,2022-01-26,Midwest,Two year,Bank transfer,No internet,8,82.79,662.32,0,0,
CUST-004446,2023-04-07,Midwest,Two year,Credit card,DSL,26,42.91,1115.66,1,0,
CUST-004447,2022-09-20,Midwest,Month-to-month,Credit card,DSL,23,65.08,1496.84,1,0,
CUST-004448,2024-04-07,Northeast,One year,Electronic check,Fiber optic,7,63.16,442.12,3,0,
CUST-004449,2023-03-16,South,One year,Credit card,Fiber optic,25,67.39,1684.75,2,1,Moving / relocation
CUST-004450,2025-11-21,Northeast,One year,Credit card,Fiber optic,32,76.01,2432.32,1,0,
CUST-004451,2023-01-30,West,One year,Electronic check,Fiber optic,34,116.93,3975.62,1,0,
CUST-004452,2022-11-26,West,One year,Mailed check,DSL,6,42.02,252.12,1,0,
CUST-004453,2023-02-28,Midwest,Two year,Credit card,No internet,35,92.81,3248.35,2,0,
CUST-004454,2023-05-16,South,Month-to-month,Bank transfer,No internet,2,31.38,62.76,1,1,Frequent service outages
CUST-004455,2025-01-03,Midwest,Month-to-month,Electronic check,Fiber optic,12,109.51,1314.12,1,0,
CUST-004456,2022-12-17,West,Month-to-month,Mailed check,No internet,5,36.46,182.3,3,1,Price too high
CUST-004457,2025-01-22,South,One year,Bank transfer,DSL,41,150.0,6150.0,2,0,
CUST-004458,2024-01-08,West,Month-to-month,Credit card,Fiber optic,3,61.88,185.64,0,0,
CUST-004459,2025-04-29,West,Two year,Credit card,No internet,9,105.95,953.55,1,1,Poor customer service
CUST-004460,2023-01-26,West,Two year,Credit card,No internet,48,99.18,4760.64,5,0,
CUST-004461,2023-10-13,South,Month-to-month,Bank transfer,DSL,8,60.97,487.76,0,1,Moving / relocation
CUST-004462,2022-10-08,South,Two year,Credit card,DSL,15,62.48,937.2,3,0,
CUST-004463,2023-09-14,Midwest,Month-to-month,Electronic check,DSL,5,53.63,268.15,0,0,
CUST-004464,2024-08-10,Northeast,One year,Bank transfer,DSL,11,90.19,992.09,1,0,
CUST-004465,2024-03-20,South,Two year,Credit card,Fiber optic,33,61.22,2020.26,3,0,
CUST-004466,2022-09-14,West,One year,Credit card,Fiber optic,7,53.94,377.58,3,0,
CUST-004467,2024-09-19,Northeast,One year,Bank transfer,No internet,31,83.26,2581.06,0,0,
CUST-004468,2024-04-02,South,Month-to-month,Electronic check,Fiber optic,18,52.61,946.98,0,0,
CUST-004469,2024-03-13,Midwest,Two year,Electronic check,Fiber optic,37,63.1,2334.7,1,0,
CUST-004470,2022-03-21,South,Month-to-month,Bank transfer,Fiber optic,30,72.55,2176.5,1,0,
CUST-004471,2023-07-22,Midwest,One year,Mailed check,Fiber optic,29,57.08,1655.32,1,0,
CUST-004472,2024-11-15,South,One year,Mailed check,Fiber optic,38,59.9,2276.2,3,1,Frequent service outages
CUST-004473,2023-07-30,South,One year,Credit card,Fiber optic,36,114.57,4124.52,0,0,
CUST-004474,2022-01-01,South,Month-to-month,Electronic check,No internet,10,65.67,656.7,2,0,
CUST-004475,2023-02-04,Midwest,Month-to-month,Mailed check,DSL,26,62.48,1624.48,2,1,Moving / relocation
CUST-004476,2024-09-19,Midwest,Two year,Electronic check,No internet,24,66.28,1590.72,0,1,Poor customer service
CUST-004477,2022-11-04,Northeast,One year,Electronic check,No internet,40,81.08,3243.2,2,0,
CUST-004478,2022-07-31,West,Month-to-month,Electronic check,Fiber optic,24,50.36,1208.64,1,1,Frequent service outages
CUST-004479,2024-12-18,Midwest,Two year,Electronic check,Fiber optic,18,80.38,1446.84,1,0,
CUST-004480,2024-10-23,South,Two year,Bank transfer,Fiber optic,39,76.09,2967.51,4,0,
CUST-004481,2024-05-15,South,Month-to-month,Mailed check,No internet,34,39.55,1344.7,2,0,
CUST-004482,2022-04-29,South,One year,Bank transfer,DSL,22,124.48,2738.56,0,0,
CUST-004483,2023-04-21,West,Month-to-month,Credit card,DSL,5,111.88,559.4,2,0,
CUST-004484,2023-04-12,Midwest,Month-to-month,Bank transfer,No internet,5,54.26,271.3,0,0,
CUST-004485,2023-07-26,South,One year,Bank transfer,Fiber optic,23,48.95,1125.85,2,0,
CUST-004486,2024-11-03,West,Month-to-month,Bank transfer,No internet,27,75.41,2036.07,5,0,
CUST-004487,2025-08-25,Northeast,One year,Bank transfer,DSL,33,44.42,1465.86,1,1,Competitor offered better deal
CUST-004488,2024-06-23,South,Month-to-month,Mailed check,Fiber optic,19,108.48,2061.12,3,1,Competitor offered better deal
CUST-004489,2022-07-07,Northeast,Month-to-month,Credit card,No internet,2,60.35,120.7,0,1,Moving / relocation
CUST-004490,2023-02-28,Northeast,Month-to-month,Mailed check,DSL,23,117.8,2709.4,1,0,
CUST-004491,2022-05-11,Northeast,Two year,Bank transfer,Fiber optic,14,53.85,753.9,1,0,
CUST-004492,2023-10-31,Midwest,One year,Bank transfer,Fiber optic,15,67.63,1014.45,3,1,Competitor offered better deal
CUST-004493,2022-11-22,South,Month-to-month,Credit card,DSL,7,105.16,736.12,3,0,
CUST-004494,2023-05-02,West,One year,Bank transfer,DSL,19,63.22,1201.18,3,0,
CUST-004495,2023-10-10,West,Month-to-month,Bank transfer,Fiber optic,1,76.48,76.48,2,1,Competitor offered better deal
CUST-004496,2022-01-18,West,One year,Bank transfer,Fiber optic,10,99.45,994.5,1,0,
CUST-004497,2024-05-18,West,One year,Credit card,Fiber optic,24,58.68,1408.32,1,1,Frequent service outages
CUST-004498,2024-03-31,South,Month-to-month,Mailed check,DSL,28,46.82,1310.96,2,0,
CUST-004499,2023-12-31,South,Month-to-month,Credit card,DSL,18,43.96,791.28,1,0,
CUST-004500,2025-12-17,South,Month-to-month,Credit card,DSL,25,84.5,2112.5,1,0,
CUST-004501,2023-08-18,West,Two year,Electronic check,Fiber optic,30,79.39,2381.7,4,0,
CUST-004502,2024-01-21,South,Two year,Mailed check,Fiber optic,26,98.47,2560.22,1,0,
CUST-004503,2024-02-12,South,Month-to-month,Credit card,Fiber optic,25,64.22,1605.5,1,0,
CUST-004504,2023-06-28,Northeast,Month-to-month,Electronic check,No internet,25,44.35,1108.75,1,0,
CUST-004505,2025-09-26,West,One year,Mailed check,DSL,2,33.02,66.04,0,0,
CUST-004506,2023-12-25,South,One year,Electronic check,Fiber optic,28,150.0,4200.0,1,0,
CUST-004507,2025-10-25,South,Month-to-month,Electronic check,Fiber optic,18,82.98,1493.64,2,0,
CUST-004508,2024-11-10,West,Two year,Bank transfer,Fiber optic,30,73.24,2197.2,3,0,
CUST-004509,2025-10-05,Northeast,Month-to-month,Credit card,DSL,20,76.64,1532.8,2,1,Competitor offered better deal
CUST-004510,2022-05-25,Northeast,Two year,Bank transfer,Fiber optic,26,44.34,1152.84,0,1,Poor customer service
CUST-004511,2024-06-18,West,Month-to-month,Electronic check,DSL,22,54.36,1195.92,0,0,
CUST-004512,2023-10-16,Midwest,One year,Bank transfer,Fiber optic,3,122.47,367.41,1,0,
CUST-004513,2023-11-22,Northeast,Month-to-month,Mailed check,Fiber optic,9,86.55,778.95,1,0,
CUST-004514,2022-09-11,West,Month-to-month,Bank transfer,DSL,22,54.91,1208.02,0,1,Price too high
CUST-004515,2025-04-16,Midwest,Month-to-month,Mailed check,Fiber optic,19,47.34,899.46,3,0,
CUST-004516,2024-08-03,West,Two year,Credit card,Fiber optic,44,59.44,2615.36,0,0,
CUST-004517,2023-11-07,West,One year,Credit card,Fiber optic,26,63.37,1647.62,1,0,
CUST-004518,2025-10-22,Northeast,Month-to-month,Bank transfer,DSL,5,135.06,675.3,1,0,
CUST-004519,2023-09-29,Northeast,Two year,Bank transfer,DSL,17,66.01,1122.17,0,0,
CUST-004520,2022-12-07,Northeast,Month-to-month,Bank transfer,Fiber optic,3,47.91,143.73,2,1,Price too high
CUST-004521,2024-03-31,Midwest,Month-to-month,Mailed check,DSL,37,68.8,2545.6,2,0,
CUST-004522,2023-07-25,Northeast,Month-to-month,Credit card,Fiber optic,43,76.29,3280.47,2,1,Poor customer service
CUST-004523,2023-11-11,West,Two year,Credit card,DSL,24,46.54,1116.96,2,1,Frequent service outages
CUST-004524,2023-01-31,West,Month-to-month,Credit card,DSL,40,79.73,3189.2,1,0,
CUST-004525,2024-04-27,South,Month-to-month,Bank transfer,Fiber optic,45,103.22,4644.9,2,1,Poor customer service
CUST-004526,2023-07-20,Midwest,Two year,Bank transfer,No internet,27,73.29,1978.83,0,0,
CUST-004527,2025-07-30,Midwest,Month-to-month,Mailed check,Fiber optic,2,54.32,108.64,0,0,
CUST-004528,2023-11-02,West,Month-to-month,Electronic check,Fiber optic,2,59.19,118.38,2,0,
CUST-004529,2022-04-10,Northeast,One year,Bank transfer,DSL,32,41.23,1319.36,4,0,
CUST-004530,2025-02-11,Northeast,One year,Credit card,DSL,27,67.17,1813.59,2,0,
CUST-004531,2024-04-04,Midwest,Month-to-month,Credit card,Fiber optic,3,77.44,232.32,1,1,Competitor offered better deal
CUST-004532,2024-03-31,South,Month-to-month,Credit card,Fiber optic,3,52.62,157.86,3,1,Price too high
CUST-004533,2022-07-03,South,Two year,Mailed check,No internet,47,130.41,6129.27,2,0,
CUST-004534,2024-01-03,West,One year,Bank transfer,No internet,16,90.34,1445.44,1,0,
CUST-004535,2025-02-08,Northeast,Month-to-month,Bank transfer,DSL,3,39.5,118.5,4,0,
CUST-004536,2022-02-14,Midwest,Month-to-month,Bank transfer,Fiber optic,31,39.76,1232.56,2,1,Poor customer service
CUST-004537,2024-03-02,Midwest,Month-to-month,Electronic check,DSL,6,51.17,307.02,3,0,
CUST-004538,2022-03-03,Northeast,Two year,Bank transfer,Fiber optic,44,115.98,5103.12,0,0,
CUST-004539,2022-07-02,West,Two year,Electronic check,Fiber optic,33,93.23,3076.59,0,0,
CUST-004540,2025-06-11,South,One year,Bank transfer,Fiber optic,18,117.87,2121.66,5,0,
CUST-004541,2024-04-30,South,Two year,Credit card,No internet,13,70.33,914.29,0,0,
CUST-004542,2025-04-26,South,Two year,Bank transfer,Fiber optic,42,65.56,2753.52,3,1,Frequent service outages
CUST-004543,2023-04-25,Midwest,Two year,Electronic check,Fiber optic,29,47.03,1363.87,1,0,
CUST-004544,2022-07-23,Northeast,Two year,Bank transfer,Fiber optic,45,78.41,3528.45,1,0,
CUST-004545,2022-05-27,West,Month-to-month,Bank transfer,DSL,17,65.84,1119.28,1,0,
CUST-004546,2025-07-09,Northeast,Month-to-month,Bank transfer,DSL,2,65.03,130.06,2,1,Frequent service outages
CUST-004547,2025-07-11,South,Month-to-month,Electronic check,Fiber optic,43,117.66,5059.38,3,1,Competitor offered better deal
CUST-004548,2025-12-01,West,Month-to-month,Bank transfer,DSL,12,67.33,807.96,0,0,
CUST-004549,2024-01-21,Midwest,One year,Credit card,Fiber optic,38,107.33,4078.54,2,0,
CUST-004550,2024-11-11,South,One year,Electronic check,Fiber optic,35,42.17,1475.95,2,0,
CUST-004551,2022-10-16,South,Month-to-month,Bank transfer,Fiber optic,4,150.0,600.0,1,1,Poor customer service
CUST-004552,2023-11-10,Midwest,Month-to-month,Credit card,Fiber optic,3,62.21,186.63,1,1,Moving / relocation
CUST-004553,2023-10-13,Midwest,Month-to-month,Credit card,No internet,4,87.91,351.64,1,0,
CUST-004554,2022-11-20,Northeast,Two year,Credit card,DSL,19,92.5,1757.5,2,0,
CUST-004555,2022-08-10,Northeast,One year,Credit card,Fiber optic,18,59.79,1076.22,2,0,
CUST-004556,2025-07-21,Midwest,Month-to-month,Bank transfer,No internet,16,91.11,1457.76,1,1,Frequent service outages
CUST-004557,2023-07-26,South,Month-to-month,Bank transfer,DSL,12,92.64,1111.68,2,1,Moving / relocation
CUST-004558,2023-06-02,Northeast,Month-to-month,Electronic check,Fiber optic,30,55.8,1674.0,1,0,
CUST-004559,2024-01-12,West,Two year,Electronic check,No internet,23,56.01,1288.23,0,0,
CUST-004560,2022-12-18,South,One year,Bank transfer,DSL,36,71.13,2560.68,2,0,
CUST-004561,2022-07-17,South,Two year,Electronic check,DSL,8,67.56,540.48,1,0,
CUST-004562,2024-04-21,Midwest,One year,Mailed check,Fiber optic,31,109.49,3394.19,1,0,
CUST-004563,2025-06-26,South,One year,Credit card,Fiber optic,2,87.78,175.56,1,0,
CUST-004564,2025-08-16,West,Month-to-month,Electronic check,No internet,5,68.54,342.7,1,0,
CUST-004565,2022-10-25,Northeast,One year,Electronic check,DSL,35,85.11,2978.85,0,0,
CUST-004566,2025-06-25,West,Month-to-month,Bank transfer,DSL,8,36.42,291.36,0,0,
CUST-004567,2023-05-25,South,One year,Electronic check,DSL,37,57.58,2130.46,1,0,
CUST-004568,2025-03-28,South,Two year,Bank transfer,No internet,7,76.87,538.09,1,0,
CUST-004569,2023-04-03,South,One year,Electronic check,Fiber optic,8,100.17,801.36,2,1,Price too high
CUST-004570,2023-03-28,Northeast,Month-to-month,Credit card,Fiber optic,15,74.73,1120.95,1,0,
CUST-004571,2023-10-02,South,One year,Bank transfer,Fiber optic,9,111.79,1006.11,4,1,Price too high
CUST-004572,2025-01-21,Northeast,Month-to-month,Bank transfer,Fiber optic,7,92.55,647.85,1,0,
CUST-004573,2023-08-26,South,Two year,Electronic check,Fiber optic,17,59.96,1019.32,2,0,
CUST-004574,2025-08-05,West,One year,Bank transfer,Fiber optic,39,67.03,2614.17,3,0,
CUST-004575,2025-08-01,South,Month-to-month,Mailed check,Fiber optic,46,79.89,3674.94,2,1,Competitor offered better deal
CUST-004576,2025-05-09,Midwest,Month-to-month,Bank transfer,DSL,6,60.73,364.38,2,1,Competitor offered better deal
CUST-004577,2022-10-26,South,Month-to-month,Electronic check,Fiber optic,6,114.44,686.64,2,1,Price too high
CUST-004578,2024-06-12,Midwest,Two year,Electronic check,Fiber optic,15,49.17,737.55,1,0,
CUST-004579,2023-01-20,West,Month-to-month,Electronic check,DSL,20,77.57,1551.4,2,0,
CUST-004580,2024-04-06,South,Month-to-month,Electronic check,Fiber optic,9,88.71,798.39,0,0,
CUST-004581,2022-05-04,West,Two year,Electronic check,DSL,9,63.41,570.69,0,0,
CUST-004582,2025-05-17,South,Month-to-month,Electronic check,DSL,18,59.0,1062.0,1,0,
CUST-004583,2023-05-13,Midwest,Month-to-month,Credit card,Fiber optic,10,68.42,684.2,2,0,
CUST-004584,2024-02-04,South,One year,Bank transfer,Fiber optic,13,90.91,1181.83,2,0,
CUST-004585,2023-04-15,Northeast,Month-to-month,Bank transfer,Fiber optic,7,59.74,418.18,2,0,
CUST-004586,2022-12-26,West,Two year,Electronic check,DSL,40,49.8,1992.0,4,1,Price too high
CUST-004587,2022-12-28,West,One year,Electronic check,No internet,16,101.31,1620.96,2,1,Price too high
CUST-004588,2023-10-22,South,Month-to-month,Credit card,Fiber optic,7,79.66,557.62,4,1,Frequent service outages
CUST-004589,2025-01-08,Midwest,One year,Electronic check,Fiber optic,26,96.79,2516.54,1,0,
CUST-004590,2025-05-25,Northeast,Month-to-month,Credit card,DSL,22,89.39,1966.58,3,0,
CUST-004591,2023-01-12,South,One year,Bank transfer,DSL,31,140.83,4365.73,2,0,
CUST-004592,2022-01-28,Midwest,Month-to-month,Mailed check,Fiber optic,3,100.16,300.48,2,1,Poor customer service
CUST-004593,2022-10-06,South,One year,Bank transfer,DSL,6,55.61,333.66,3,0,
CUST-004594,2023-08-29,West,One year,Credit card,No internet,33,81.49,2689.17,1,1,Competitor offered better deal
CUST-004595,2024-06-03,West,One year,Credit card,Fiber optic,2,58.65,117.3,2,1,Poor customer service
CUST-004596,2025-06-07,Northeast,Month-to-month,Bank transfer,DSL,4,60.62,242.48,4,0,
CUST-004597,2023-10-17,South,Two year,Electronic check,DSL,30,44.61,1338.3,0,0,
CUST-004598,2024-03-04,Northeast,Month-to-month,Bank transfer,Fiber optic,1,63.97,63.97,2,0,
CUST-004599,2023-07-31,Midwest,Two year,Electronic check,No internet,20,83.46,1669.2,4,1,Poor customer service
CUST-004600,2023-07-30,Midwest,One year,Mailed check,No internet,31,68.64,2127.84,2,0,
CUST-004601,2025-01-03,South,Month-to-month,Bank transfer,DSL,11,49.31,542.41,1,0,
CUST-004602,2024-11-07,South,Month-to-month,Electronic check,DSL,22,43.06,947.32,0,0,
CUST-004603,2024-11-08,West,Two year,Credit card,DSL,23,137.8,3169.4,2,1,Frequent service outages
CUST-004604,2024-06-16,Northeast,Two year,Credit card,DSL,32,77.79,2489.28,3,0,
CUST-004605,2025-03-16,South,Month-to-month,Electronic check,Fiber optic,6,53.86,323.16,1,0,
CUST-004606,2024-04-02,Northeast,One year,Electronic check,Fiber optic,34,81.27,2763.18,0,0,
CUST-004607,2025-11-07,Midwest,One year,Bank transfer,Fiber optic,18,141.25,2542.5,0,0,
CUST-004608,2022-12-05,West,Month-to-month,Electronic check,Fiber optic,23,85.5,1966.5,2,1,Price too high
CUST-004609,2024-08-09,Northeast,One year,Electronic check,DSL,17,28.74,488.58,1,0,
CUST-004610,2025-09-07,Northeast,One year,Credit card,No internet,26,150.0,3900.0,0,0,
CUST-004611,2022-09-23,Midwest,Two year,Electronic check,Fiber optic,7,38.79,271.53,3,1,Moving / relocation
CUST-004612,2022-05-04,South,One year,Electronic check,DSL,22,65.63,1443.86,1,0,
CUST-004613,2022-02-07,Midwest,Month-to-month,Mailed check,DSL,2,48.78,97.56,0,1,Price too high
CUST-004614,2024-10-07,South,Month-to-month,Electronic check,Fiber optic,4,55.32,221.28,0,1,Moving / relocation
CUST-004615,2022-03-10,South,One year,Credit card,DSL,39,76.79,2994.81,0,0,
CUST-004616,2024-09-04,South,Month-to-month,Credit card,Fiber optic,32,36.14,1156.48,0,1,Competitor offered better deal
CUST-004617,2024-01-01,South,Month-to-month,Mailed check,Fiber optic,22,68.11,1498.42,2,1,Frequent service outages
CUST-004618,2022-07-10,South,Month-to-month,Electronic check,Fiber optic,7,101.21,708.47,2,0,
CUST-004619,2023-04-11,South,Month-to-month,Credit card,No internet,9,53.53,481.77,1,0,
CUST-004620,2022-05-26,Northeast,One year,Bank transfer,No internet,19,44.93,853.67,3,1,Moving / relocation
CUST-004621,2023-04-19,West,One year,Bank transfer,DSL,12,67.05,804.6,1,0,
CUST-004622,2023-05-15,South,One year,Mailed check,DSL,19,62.91,1195.29,2,0,
CUST-004623,2025-03-26,Midwest,Two year,Bank transfer,DSL,27,57.95,1564.65,2,1,Moving / relocation
CUST-004624,2022-04-29,South,One year,Electronic check,Fiber optic,6,47.93,287.58,1,0,
CUST-004625,2024-07-30,South,Month-to-month,Mailed check,Fiber optic,6,82.78,496.68,2,1,Price too high
CUST-004626,2025-10-25,Midwest,One year,Bank transfer,Fiber optic,20,84.82,1696.4,0,0,
CUST-004627,2023-02-04,South,Two year,Mailed check,Fiber optic,1,49.85,49.85,0,1,Price too high
CUST-004628,2025-06-09,Midwest,Month-to-month,Bank transfer,No internet,14,52.11,729.54,3,0,
CUST-004629,2025-03-28,West,Month-to-month,Bank transfer,DSL,16,73.24,1171.84,2,1,Competitor offered better deal
CUST-004630,2025-10-17,South,Two year,Credit card,DSL,15,51.48,772.2,2,0,
CUST-004631,2023-03-12,South,One year,Bank transfer,DSL,11,74.23,816.53,2,1,Poor customer service
CUST-004632,2025-12-19,Northeast,Two year,Electronic check,DSL,9,112.14,1009.26,0,0,
CUST-004633,2025-04-25,West,Two year,Bank transfer,DSL,20,68.78,1375.6,1,1,Poor customer service
CUST-004634,2022-11-18,South,Month-to-month,Credit card,DSL,13,47.54,618.02,1,0,
CUST-004635,2025-02-16,Northeast,Month-to-month,Electronic check,Fiber optic,2,79.48,158.96,2,1,Price too high
CUST-004636,2025-01-30,South,Two year,Credit card,Fiber optic,47,66.23,3112.81,1,0,
CUST-004637,2022-05-06,Midwest,Month-to-month,Credit card,DSL,2,66.82,133.64,5,1,Frequent service outages
CUST-004638,2023-10-29,South,Month-to-month,Bank transfer,Fiber optic,23,81.62,1877.26,0,0,
CUST-004639,2025-07-07,Midwest,Month-to-month,Electronic check,DSL,33,87.46,2886.18,0,0,
CUST-004640,2022-03-05,West,One year,Bank transfer,DSL,16,70.91,1134.56,0,1,Moving / relocation
CUST-004641,2025-11-17,South,One year,Mailed check,DSL,10,68.76,687.6,1,0,
CUST-004642,2024-01-22,South,One year,Mailed check,Fiber optic,3,135.68,407.04,1,1,Price too high
CUST-004643,2023-06-08,Northeast,One year,Electronic check,Fiber optic,35,102.94,3602.9,1,1,Moving / relocation
CUST-004644,2022-05-01,West,Month-to-month,Bank transfer,No internet,2,91.54,183.08,1,1,Frequent service outages
CUST-004645,2024-06-09,Midwest,Month-to-month,Bank transfer,No internet,2,73.11,146.22,1,0,
CUST-004646,2025-12-12,Northeast,Two year,Bank transfer,Fiber optic,19,50.81,965.39,1,0,
CUST-004647,2023-08-28,Midwest,One year,Mailed check,No internet,47,100.56,4726.32,2,0,
CUST-004648,2025-05-01,Northeast,Month-to-month,Mailed check,No internet,6,73.42,440.52,0,0,
CUST-004649,2023-04-13,Midwest,Month-to-month,Bank transfer,Fiber optic,22,58.28,1282.16,0,0,
CUST-004650,2025-04-22,West,Month-to-month,Bank transfer,Fiber optic,19,64.86,1232.34,3,0,
CUST-004651,2025-11-04,Midwest,Month-to-month,Electronic check,No internet,27,51.46,1389.42,2,1,Price too high
CUST-004652,2022-04-24,South,Two year,Mailed check,DSL,17,98.33,1671.61,2,0,
CUST-004653,2023-01-30,West,Month-to-month,Electronic check,DSL,8,87.23,697.84,0,1,Competitor offered better deal
CUST-004654,2022-01-12,South,Two year,Credit card,No internet,16,74.3,1188.8,0,0,
CUST-004655,2025-01-29,South,Month-to-month,Bank transfer,No internet,9,69.15,622.35,2,0,
CUST-004656,2023-01-26,South,One year,Credit card,Fiber optic,15,56.38,845.7,1,0,
CUST-004657,2025-11-13,Midwest,Month-to-month,Mailed check,Fiber optic,7,35.46,248.22,6,1,Competitor offered better deal
CUST-004658,2025-04-29,South,Month-to-month,Electronic check,No internet,14,44.61,624.54,2,0,
CUST-004659,2022-08-02,West,One year,Electronic check,Fiber optic,31,55.28,1713.68,0,0,
CUST-004660,2024-04-27,Northeast,Month-to-month,Electronic check,Fiber optic,21,52.68,1106.28,1,1,Moving / relocation
CUST-004661,2023-10-29,West,One year,Mailed check,No internet,29,76.91,2230.39,3,0,
CUST-004662,2024-08-11,South,One year,Credit card,DSL,11,90.89,999.79,1,0,
CUST-004663,2024-05-15,West,Month-to-month,Electronic check,Fiber optic,4,67.28,269.12,2,1,Competitor offered better deal
CUST-004664,2022-07-07,Midwest,One year,Mailed check,Fiber optic,28,110.04,3081.12,1,0,
CUST-004665,2024-07-12,Midwest,One year,Electronic check,DSL,21,54.57,1145.97,1,0,
CUST-004666,2023-11-05,Northeast,Month-to-month,Mailed check,Fiber optic,18,67.13,1208.34,0,0,
CUST-004667,2023-04-03,Northeast,Month-to-month,Bank transfer,Fiber optic,14,68.97,965.58,1,0,
CUST-004668,2023-11-11,South,Month-to-month,Electronic check,No internet,10,99.43,994.3,1,0,
CUST-004669,2025-09-20,Northeast,Month-to-month,Electronic check,DSL,28,72.52,2030.56,3,0,
CUST-004670,2025-12-01,South,Month-to-month,Bank transfer,Fiber optic,19,73.17,1390.23,1,0,
CUST-004671,2023-04-24,South,One year,Mailed check,DSL,7,41.28,288.96,3,0,
CUST-004672,2025-02-05,West,Month-to-month,Mailed check,Fiber optic,44,52.56,2312.64,1,1,Poor customer service
CUST-004673,2025-02-20,West,Two year,Bank transfer,Fiber optic,10,99.55,995.5,1,0,
CUST-004674,2022-07-15,Midwest,Two year,Electronic check,No internet,31,36.09,1118.79,3,0,
CUST-004675,2024-01-12,West,Month-to-month,Credit card,DSL,47,107.74,5063.78,4,0,
CUST-004676,2023-11-02,Northeast,One year,Credit card,DSL,24,82.26,1974.24,0,0,
CUST-004677,2023-11-29,South,Month-to-month,Mailed check,Fiber optic,2,55.19,110.38,3,0,
CUST-004678,2025-02-01,South,Month-to-month,Bank transfer,DSL,7,53.72,376.04,0,0,
CUST-004679,2025-11-03,Midwest,Two year,Mailed check,Fiber optic,33,128.6,4243.8,2,1,Price too high
CUST-004680,2025-02-20,West,Month-to-month,Credit card,Fiber optic,5,110.13,550.65,3,0,
CUST-004681,2022-05-03,Midwest,Month-to-month,Electronic check,DSL,7,67.48,472.36,2,0,
CUST-004682,2023-10-27,South,Two year,Bank transfer,DSL,13,73.19,951.47,3,1,Moving / relocation
CUST-004683,2025-10-29,South,Two year,Mailed check,DSL,24,57.01,1368.24,2,0,
CUST-004684,2025-04-18,Midwest,Month-to-month,Credit card,Fiber optic,5,73.2,366.0,2,1,Moving / relocation
CUST-004685,2025-08-01,Northeast,Two year,Credit card,DSL,31,56.51,1751.81,1,1,Moving / relocation
CUST-004686,2023-11-26,South,Two year,Electronic check,Fiber optic,43,68.37,2939.91,1,0,
CUST-004687,2025-03-17,Northeast,One year,Mailed check,DSL,12,125.12,1501.44,2,1,Frequent service outages
CUST-004688,2022-02-18,Midwest,Month-to-month,Bank transfer,No internet,3,67.99,203.97,0,1,Moving / relocation
CUST-004689,2023-10-13,Northeast,One year,Bank transfer,DSL,1,50.13,50.13,0,0,
CUST-004690,2025-04-01,South,One year,Electronic check,Fiber optic,16,45.28,724.48,3,0,
CUST-004691,2024-01-09,Midwest,Month-to-month,Bank transfer,DSL,1,73.02,73.02,0,1,Frequent service outages
CUST-004692,2025-12-23,South,Month-to-month,Bank transfer,Fiber optic,5,54.95,274.75,1,1,Moving / relocation
CUST-004693,2022-02-25,South,Month-to-month,Credit card,Fiber optic,1,75.86,75.86,1,1,Poor customer service
CUST-004694,2023-02-11,South,Month-to-month,Bank transfer,Fiber optic,17,41.75,709.75,1,0,
CUST-004695,2023-10-05,West,Month-to-month,Bank transfer,Fiber optic,36,87.43,3147.48,2,1,Frequent service outages
CUST-004696,2024-08-31,South,One year,Electronic check,DSL,23,49.94,1148.62,2,0,
CUST-004697,2023-02-28,Midwest,Two year,Electronic check,Fiber optic,6,71.15,426.9,1,1,Frequent service outages
CUST-004698,2023-08-16,West,Month-to-month,Bank transfer,DSL,7,62.91,440.37,1,0,
CUST-004699,2024-02-24,Midwest,Month-to-month,Bank transfer,Fiber optic,16,121.5,1944.0,0,0,
CUST-004700,2023-08-17,South,One year,Credit card,DSL,2,74.06,148.12,3,0,
CUST-004701,2024-02-19,Midwest,Month-to-month,Mailed check,Fiber optic,4,130.65,522.6,2,0,
CUST-004702,2025-09-02,South,One year,Electronic check,Fiber optic,2,83.88,167.76,0,0,
CUST-004703,2024-04-29,South,One year,Electronic check,DSL,30,110.62,3318.6,1,0,
CUST-004704,2025-11-03,Midwest,One year,Bank transfer,Fiber optic,8,65.57,524.56,2,0,
CUST-004705,2023-07-11,South,Month-to-month,Mailed check,Fiber optic,28,78.3,2192.4,2,0,
CUST-004706,2022-06-08,South,Month-to-month,Electronic check,DSL,17,103.54,1760.18,3,1,Price too high
CUST-004707,2024-12-18,Northeast,Two year,Electronic check,Fiber optic,34,93.65,3184.1,0,0,
CUST-004708,2024-11-28,South,Month-to-month,Mailed check,DSL,28,83.09,2326.52,1,0,
CUST-004709,2022-09-25,Northeast,Month-to-month,Mailed check,Fiber optic,6,63.12,378.72,1,0,
CUST-004710,2022-09-20,West,Month-to-month,Credit card,DSL,24,66.63,1599.12,0,0,
CUST-004711,2022-06-03,South,One year,Credit card,Fiber optic,21,100.89,2118.69,1,0,
CUST-004712,2024-02-15,Midwest,One year,Electronic check,No internet,19,107.84,2048.96,1,1,Poor customer service
CUST-004713,2023-06-02,Northeast,Two year,Credit card,Fiber optic,40,57.99,2319.6,1,0,
CUST-004714,2025-03-16,Midwest,Two year,Bank transfer,No internet,35,55.26,1934.1,2,0,
CUST-004715,2025-09-20,South,Month-to-month,Credit card,Fiber optic,3,52.49,157.47,0,0,
CUST-004716,2022-11-23,West,Two year,Bank transfer,DSL,7,91.42,639.94,0,1,Poor customer service
CUST-004717,2023-11-05,South,One year,Electronic check,Fiber optic,1,52.07,52.07,1,1,Price too high
CUST-004718,2023-04-21,West,Month-to-month,Electronic check,Fiber optic,14,91.07,1274.98,1,1,Price too high
CUST-004719,2022-09-26,Northeast,One year,Credit card,Fiber optic,16,83.48,1335.68,2,0,
CUST-004720,2025-10-11,Midwest,Month-to-month,Credit card,Fiber optic,11,58.88,647.68,2,1,Price too high
CUST-004721,2024-12-09,West,Two year,Bank transfer,Fiber optic,28,115.63,3237.64,2,0,
CUST-004722,2023-09-03,Midwest,Month-to-month,Bank transfer,DSL,23,43.91,1009.93,3,0,
CUST-004723,2022-08-01,West,One year,Bank transfer,Fiber optic,35,119.23,4173.05,1,0,
CUST-004724,2022-04-23,Northeast,Two year,Credit card,DSL,4,77.64,310.56,2,0,
CUST-004725,2024-09-23,South,One year,Bank transfer,Fiber optic,21,36.11,758.31,1,0,
CUST-004726,2023-09-01,South,Month-to-month,Electronic check,DSL,35,116.68,4083.8,1,1,Poor customer service
CUST-004727,2022-01-25,West,One year,Mailed check,DSL,8,95.69,765.52,1,0,
CUST-004728,2023-10-22,Northeast,Two year,Bank transfer,Fiber optic,40,61.13,2445.2,2,1,Price too high
CUST-004729,2023-08-05,Northeast,Month-to-month,Mailed check,DSL,9,51.48,463.32,0,0,
CUST-004730,2025-02-11,South,One year,Credit card,Fiber optic,9,42.43,381.87,2,0,
CUST-004731,2024-02-28,South,One year,Credit card,Fiber optic,7,150.0,1050.0,0,0,
CUST-004732,2023-05-24,Northeast,Month-to-month,Electronic check,DSL,5,52.17,260.85,2,0,
CUST-004733,2022-02-25,West,Two year,Credit card,DSL,46,46.79,2152.34,3,0,
CUST-004734,2022-07-05,West,One year,Bank transfer,DSL,9,76.38,687.42,1,0,
CUST-004735,2024-05-16,Northeast,Two year,Bank transfer,Fiber optic,41,41.51,1701.91,0,1,Moving / relocation
CUST-004736,2025-02-10,West,Two year,Electronic check,DSL,31,51.21,1587.51,1,0,
CUST-004737,2022-10-25,West,Month-to-month,Mailed check,DSL,5,96.39,481.95,0,0,
CUST-004738,2023-07-03,Midwest,Month-to-month,Credit card,No internet,27,81.33,2195.91,2,0,
CUST-004739,2022-05-16,West,Two year,Bank transfer,DSL,26,61.95,1610.7,0,0,
CUST-004740,2022-02-15,South,Two year,Bank transfer,Fiber optic,38,70.52,2679.76,0,1,Competitor offered better deal
CUST-004741,2024-11-17,West,Month-to-month,Electronic check,Fiber optic,20,60.85,1217.0,4,1,Frequent service outages
CUST-004742,2025-05-01,South,Month-to-month,Mailed check,DSL,15,68.73,1030.95,1,0,
CUST-004743,2025-03-09,Midwest,Month-to-month,Bank transfer,DSL,3,54.94,164.82,0,0,
CUST-004744,2025-11-13,South,Month-to-month,Bank transfer,Fiber optic,24,58.23,1397.52,3,0,
CUST-004745,2024-09-23,South,One year,Credit card,DSL,42,57.66,2421.72,2,0,
CUST-004746,2025-11-07,South,One year,Bank transfer,DSL,22,55.57,1222.54,1,0,
CUST-004747,2023-02-22,West,Month-to-month,Electronic check,Fiber optic,4,97.91,391.64,1,0,
CUST-004748,2024-06-25,South,One year,Electronic check,Fiber optic,19,89.7,1704.3,3,0,
CUST-004749,2023-03-12,South,Two year,Electronic check,DSL,15,52.02,780.3,1,0,
CUST-004750,2023-01-21,Midwest,Two year,Electronic check,DSL,27,47.84,1291.68,0,0,
CUST-004751,2023-02-22,West,One year,Mailed check,Fiber optic,3,66.66,199.98,5,1,Competitor offered better deal
CUST-004752,2025-06-20,West,Month-to-month,Credit card,Fiber optic,8,139.73,1117.84,1,1,Poor customer service
CUST-004753,2024-12-21,West,Month-to-month,Mailed check,Fiber optic,4,50.46,201.84,0,1,Frequent service outages
CUST-004754,2022-09-17,Northeast,Month-to-month,Credit card,Fiber optic,4,66.58,266.32,0,1,Moving / relocation
CUST-004755,2024-02-05,Midwest,Month-to-month,Credit card,DSL,16,72.12,1153.92,0,0,
CUST-004756,2024-12-30,Midwest,Two year,Electronic check,Fiber optic,44,67.71,2979.24,2,1,Poor customer service
CUST-004757,2025-01-09,West,One year,Bank transfer,DSL,21,60.54,1271.34,0,0,
CUST-004758,2025-06-28,Midwest,One year,Electronic check,Fiber optic,10,101.46,1014.6,3,1,Poor customer service
CUST-004759,2024-11-10,West,Month-to-month,Electronic check,DSL,20,81.08,1621.6,1,0,
CUST-004760,2025-09-17,West,Month-to-month,Electronic check,No internet,17,91.9,1562.3,3,0,
CUST-004761,2025-01-29,West,Two year,Electronic check,Fiber optic,27,84.66,2285.82,0,1,Moving / relocation
CUST-004762,2024-04-11,Northeast,Month-to-month,Bank transfer,No internet,18,93.32,1679.76,0,0,
CUST-004763,2022-07-13,West,Month-to-month,Bank transfer,DSL,8,116.4,931.2,1,0,
CUST-004764,2025-10-30,Midwest,One year,Bank transfer,No internet,18,107.33,1931.94,0,1,Price too high
CUST-004765,2023-12-18,Northeast,Two year,Bank transfer,Fiber optic,31,147.52,4573.12,2,0,
CUST-004766,2022-02-22,South,Month-to-month,Credit card,No internet,11,103.5,1138.5,0,0,
CUST-004767,2023-11-21,West,Month-to-month,Credit card,Fiber optic,10,56.59,565.9,0,1,Moving / relocation
CUST-004768,2022-02-25,South,One year,Credit card,Fiber optic,1,91.94,91.94,0,0,
CUST-004769,2023-01-06,South,Two year,Bank transfer,No internet,9,88.0,792.0,0,0,
CUST-004770,2025-01-17,West,Month-to-month,Mailed check,No internet,4,129.61,518.44,2,1,Frequent service outages
CUST-004771,2025-01-30,West,One year,Bank transfer,Fiber optic,12,51.44,617.28,0,0,
CUST-004772,2025-12-28,West,One year,Bank transfer,Fiber optic,38,83.81,3184.78,0,1,Poor customer service
CUST-004773,2022-11-12,West,One year,Electronic check,No internet,13,56.38,732.94,0,0,
CUST-004774,2022-08-04,Midwest,One year,Credit card,DSL,27,82.6,2230.2,2,0,
CUST-004775,2023-03-06,South,Two year,Credit card,Fiber optic,20,65.45,1309.0,0,0,
CUST-004776,2023-07-02,South,One year,Credit card,Fiber optic,4,81.73,326.92,0,1,Price too high
CUST-004777,2022-12-27,South,Month-to-month,Electronic check,Fiber optic,23,44.64,1026.72,0,1,Frequent service outages
CUST-004778,2025-12-11,West,Month-to-month,Electronic check,Fiber optic,2,90.36,180.72,2,1,Poor customer service
CUST-004779,2025-03-17,West,Two year,Electronic check,DSL,8,74.88,599.04,0,0,
CUST-004780,2025-06-27,Midwest,Month-to-month,Credit card,Fiber optic,6,73.6,441.6,2,1,Competitor offered better deal
CUST-004781,2024-08-13,West,Two year,Bank transfer,DSL,44,130.85,5757.4,2,1,Price too high
CUST-004782,2023-08-24,South,One year,Credit card,Fiber optic,13,62.03,806.39,2,1,Price too high
CUST-004783,2023-02-11,South,Month-to-month,Credit card,DSL,10,78.22,782.2,2,1,Price too high
CUST-004784,2025-07-25,South,Month-to-month,Electronic check,Fiber optic,1,72.39,72.39,1,1,Poor customer service
CUST-004785,2022-07-22,South,One year,Mailed check,DSL,7,74.69,522.83,0,0,
CUST-004786,2023-10-22,South,Two year,Credit card,DSL,11,142.73,1570.03,2,0,
CUST-004787,2022-04-23,South,Month-to-month,Electronic check,DSL,11,71.55,787.05,1,0,
CUST-004788,2023-05-11,West,Month-to-month,Bank transfer,Fiber optic,1,58.47,58.47,0,0,
CUST-004789,2025-09-12,Northeast,Month-to-month,Mailed check,DSL,23,127.57,2934.11,2,1,Price too high
CUST-004790,2024-05-08,Midwest,One year,Bank transfer,Fiber optic,42,63.53,2668.26,2,0,
CUST-004791,2022-05-21,South,One year,Credit card,Fiber optic,15,41.94,629.1,4,0,
CUST-004792,2023-02-12,Midwest,One year,Electronic check,DSL,44,55.31,2433.64,3,0,
CUST-004793,2022-08-25,South,Month-to-month,Bank transfer,Fiber optic,22,47.04,1034.88,4,1,Price too high
CUST-004794,2024-08-17,South,Two year,Credit card,Fiber optic,19,39.41,748.79,3,0,
CUST-004795,2023-09-20,West,Month-to-month,Mailed check,No internet,29,62.42,1810.18,1,0,
CUST-004796,2023-03-01,Northeast,Month-to-month,Bank transfer,Fiber optic,14,68.55,959.7,2,0,
CUST-004797,2024-09-27,South,Two year,Credit card,DSL,29,102.29,2966.41,1,0,
CUST-004798,2024-01-12,South,One year,Electronic check,DSL,9,85.75,771.75,0,0,
CUST-004799,2024-10-21,Midwest,Month-to-month,Electronic check,Fiber optic,10,84.51,845.1,1,0,
CUST-004800,2025-02-03,Northeast,Two year,Electronic check,Fiber optic,37,52.68,1949.16,3,0,
CUST-004801,2022-09-05,West,One year,Electronic check,Fiber optic,45,93.05,4187.25,1,0,
CUST-004802,2025-06-14,Midwest,Month-to-month,Mailed check,DSL,26,109.42,2844.92,2,0,
CUST-004803,2022-05-16,West,Month-to-month,Electronic check,DSL,16,79.54,1272.64,1,0,
CUST-004804,2022-02-28,West,Two year,Mailed check,Fiber optic,13,80.25,1043.25,3,1,Moving / relocation
CUST-004805,2022-03-16,Northeast,Month-to-month,Credit card,DSL,9,46.77,420.93,1,1,Price too high
CUST-004806,2024-11-26,South,Two year,Electronic check,DSL,16,98.24,1571.84,0,0,
CUST-004807,2022-04-15,Midwest,Month-to-month,Bank transfer,DSL,34,123.95,4214.3,2,0,
CUST-004808,2025-07-22,Midwest,Month-to-month,Electronic check,Fiber optic,25,77.74,1943.5,1,1,Competitor offered better deal
CUST-004809,2024-12-12,South,Two year,Bank transfer,Fiber optic,11,57.96,637.56,1,0,
CUST-004810,2024-12-12,South,Two year,Mailed check,Fiber optic,27,66.56,1797.12,2,0,
CUST-004811,2023-04-09,West,Month-to-month,Electronic check,DSL,15,61.28,919.2,2,1,Poor customer service
CUST-004812,2022-12-03,South,Month-to-month,Credit card,Fiber optic,1,62.47,62.47,2,1,Price too high
CUST-004813,2023-04-12,South,Month-to-month,Credit card,DSL,1,86.26,86.26,0,1,Poor customer service
CUST-004814,2024-12-26,West,One year,Bank transfer,No internet,41,76.66,3143.06,0,1,Moving / relocation
CUST-004815,2022-11-05,Northeast,One year,Bank transfer,Fiber optic,36,96.67,3480.12,1,0,
CUST-004816,2025-03-21,Midwest,Month-to-month,Mailed check,DSL,22,78.94,1736.68,1,1,Frequent service outages
CUST-004817,2023-06-03,South,Two year,Electronic check,Fiber optic,44,53.17,2339.48,0,0,
CUST-004818,2022-09-20,West,Month-to-month,Bank transfer,DSL,24,59.73,1433.52,3,1,Competitor offered better deal
CUST-004819,2023-08-02,West,One year,Credit card,Fiber optic,25,58.55,1463.75,0,1,Moving / relocation
CUST-004820,2025-08-25,West,Month-to-month,Credit card,No internet,11,66.04,726.44,1,0,
CUST-004821,2023-03-20,South,Month-to-month,Bank transfer,Fiber optic,39,124.5,4855.5,2,0,
CUST-004822,2023-02-03,Northeast,One year,Mailed check,No internet,37,131.05,4848.85,0,0,
CUST-004823,2024-11-24,Midwest,Month-to-month,Bank transfer,Fiber optic,15,91.63,1374.45,1,1,Poor customer service
CUST-004824,2025-10-14,South,Two year,Bank transfer,DSL,36,72.82,2621.52,0,1,Moving / relocation
CUST-004825,2022-11-27,South,One year,Electronic check,Fiber optic,35,45.34,1586.9,2,0,
CUST-004826,2023-12-31,Northeast,Month-to-month,Mailed check,Fiber optic,5,75.22,376.1,2,1,Price too high
CUST-004827,2025-02-22,South,Two year,Electronic check,No internet,8,54.45,435.6,0,0,
CUST-004828,2022-07-09,West,One year,Mailed check,Fiber optic,29,118.13,3425.77,2,0,
CUST-004829,2022-11-10,Northeast,One year,Credit card,DSL,30,41.93,1257.9,1,0,
CUST-004830,2024-10-30,Midwest,Month-to-month,Mailed check,DSL,32,79.28,2536.96,2,1,Price too high
CUST-004831,2023-02-24,South,One year,Bank transfer,Fiber optic,18,53.0,954.0,0,0,
CUST-004832,2024-04-08,West,One year,Mailed check,Fiber optic,8,69.89,559.12,1,0,
CUST-004833,2023-11-21,Northeast,One year,Electronic check,No internet,22,86.76,1908.72,2,1,Competitor offered better deal
CUST-004834,2025-01-19,West,One year,Bank transfer,DSL,10,97.23,972.3,3,0,
CUST-004835,2023-12-10,Midwest,Month-to-month,Bank transfer,No internet,6,68.76,412.56,0,1,Frequent service outages
CUST-004836,2023-03-13,Midwest,Two year,Credit card,DSL,38,89.44,3398.72,1,0,
CUST-004837,2023-02-26,Midwest,Month-to-month,Bank transfer,DSL,10,56.71,567.1,2,0,
CUST-004838,2022-03-25,West,Month-to-month,Credit card,DSL,5,75.84,379.2,0,1,Competitor offered better deal
CUST-004839,2022-06-24,Northeast,One year,Electronic check,Fiber optic,11,96.61,1062.71,1,0,
CUST-004840,2022-09-09,Northeast,Month-to-month,Bank transfer,No internet,5,77.97,389.85,0,1,Poor customer service
CUST-004841,2025-07-01,West,Month-to-month,Mailed check,DSL,8,59.18,473.44,3,1,Moving / relocation
CUST-004842,2023-11-29,West,Month-to-month,Bank transfer,DSL,6,64.12,384.72,0,0,
CUST-004843,2025-11-24,Midwest,One year,Bank transfer,No internet,8,97.03,776.24,0,0,
CUST-004844,2022-03-08,West,One year,Electronic check,Fiber optic,10,49.43,494.3,1,1,Poor customer service
CUST-004845,2025-12-15,West,One year,Bank transfer,Fiber optic,7,51.82,362.74,1,0,
CUST-004846,2024-08-21,Northeast,Month-to-month,Bank transfer,Fiber optic,14,84.99,1189.86,0,0,
CUST-004847,2023-12-26,Northeast,One year,Electronic check,DSL,34,60.91,2070.94,3,0,
CUST-004848,2024-01-08,Midwest,Two year,Bank transfer,Fiber optic,7,44.04,308.28,0,0,
CUST-004849,2025-10-28,South,One year,Credit card,Fiber optic,8,108.01,864.08,2,1,Poor customer service
CUST-004850,2022-11-03,Northeast,One year,Electronic check,DSL,36,49.31,1775.16,3,0,
CUST-004851,2023-04-30,South,Month-to-month,Bank transfer,Fiber optic,24,65.77,1578.48,0,1,Price too high
CUST-004852,2025-03-13,West,Month-to-month,Credit card,Fiber optic,9,57.5,517.5,1,0,
CUST-004853,2022-01-21,South,Month-to-month,Electronic check,Fiber optic,8,63.74,509.92,1,0,
CUST-004854,2024-08-13,Northeast,Month-to-month,Electronic check,Fiber optic,5,52.82,264.1,2,1,Moving / relocation
CUST-004855,2024-06-21,Northeast,One year,Bank transfer,Fiber optic,5,88.11,440.55,2,1,Price too high
CUST-004856,2024-03-13,South,Two year,Bank transfer,Fiber optic,8,72.64,581.12,1,0,
CUST-004857,2023-10-10,South,Month-to-month,Credit card,Fiber optic,15,96.04,1440.6,2,1,Frequent service outages
CUST-004858,2024-11-22,Northeast,One year,Bank transfer,Fiber optic,29,57.69,1673.01,4,0,
CUST-004859,2025-09-22,South,One year,Bank transfer,No internet,19,138.74,2636.06,0,0,
CUST-004860,2024-05-16,Midwest,One year,Bank transfer,Fiber optic,45,38.11,1714.95,0,0,
CUST-004861,2025-04-15,Northeast,Month-to-month,Electronic check,Fiber optic,5,42.21,211.05,0,0,
CUST-004862,2022-01-14,South,Two year,Bank transfer,DSL,40,122.85,4914.0,1,0,
CUST-004863,2022-08-06,South,One year,Electronic check,Fiber optic,28,81.59,2284.52,1,0,
CUST-004864,2024-03-10,Midwest,One year,Credit card,Fiber optic,32,78.2,2502.4,1,0,
CUST-004865,2025-03-15,West,One year,Electronic check,DSL,36,80.48,2897.28,3,0,
CUST-004866,2023-01-03,Northeast,One year,Electronic check,Fiber optic,35,84.17,2945.95,3,1,Poor customer service
CUST-004867,2024-12-03,Midwest,One year,Credit card,No internet,31,77.16,2391.96,2,0,
CUST-004868,2025-01-28,South,Month-to-month,Electronic check,Fiber optic,7,51.47,360.29,2,1,Poor customer service
CUST-004869,2024-06-17,South,Month-to-month,Mailed check,DSL,43,91.09,3916.87,0,0,
CUST-004870,2024-08-30,South,One year,Credit card,No internet,1,86.61,86.61,1,0,
CUST-004871,2022-11-02,Midwest,Two year,Credit card,No internet,14,110.73,1550.22,1,0,
CUST-004872,2024-05-17,Northeast,Two year,Electronic check,Fiber optic,21,123.29,2589.09,1,0,
CUST-004873,2022-08-18,West,One year,Electronic check,DSL,5,77.93,389.65,0,1,Price too high
CUST-004874,2024-02-20,Northeast,Month-to-month,Bank transfer,Fiber optic,5,47.33,236.65,1,0,
CUST-004875,2025-08-11,Northeast,Month-to-month,Bank transfer,DSL,14,123.62,1730.68,2,0,
CUST-004876,2023-01-11,South,One year,Electronic check,DSL,18,50.61,910.98,3,0,
CUST-004877,2025-04-18,Northeast,Month-to-month,Electronic check,Fiber optic,5,78.11,390.55,1,0,
CUST-004878,2024-08-14,South,One year,Credit card,Fiber optic,11,64.58,710.38,2,0,
CUST-004879,2024-04-29,South,Month-to-month,Mailed check,DSL,21,61.08,1282.68,3,1,Poor customer service
CUST-004880,2025-03-06,South,Two year,Credit card,Fiber optic,44,89.53,3939.32,0,0,
CUST-004881,2024-06-24,Midwest,Month-to-month,Electronic check,DSL,19,75.81,1440.39,1,0,
CUST-004882,2023-07-28,South,One year,Bank transfer,Fiber optic,43,82.62,3552.66,2,0,
CUST-004883,2022-08-20,South,Two year,Bank transfer,DSL,36,54.0,1944.0,1,0,
CUST-004884,2023-05-28,Midwest,One year,Mailed check,Fiber optic,12,66.31,795.72,3,0,
CUST-004885,2024-08-11,Northeast,One year,Bank transfer,DSL,1,54.8,54.8,2,0,
CUST-004886,2025-10-02,Northeast,One year,Electronic check,Fiber optic,15,65.78,986.7,1,1,Poor customer service
CUST-004887,2025-10-04,South,Two year,Credit card,DSL,36,67.49,2429.64,0,0,
CUST-004888,2025-03-16,South,Two year,Bank transfer,DSL,8,126.49,1011.92,4,0,
CUST-004889,2024-12-24,South,One year,Electronic check,Fiber optic,25,64.52,1613.0,0,0,
CUST-004890,2022-04-03,Northeast,Month-to-month,Bank transfer,DSL,3,35.51,106.53,0,0,
CUST-004891,2024-04-29,West,Two year,Credit card,DSL,36,109.56,3944.16,0,0,
CUST-004892,2023-02-09,South,One year,Mailed check,Fiber optic,32,80.94,2590.08,1,0,
CUST-004893,2023-09-13,Midwest,Month-to-month,Mailed check,DSL,5,67.23,336.15,3,1,Frequent service outages
CUST-004894,2025-05-30,Midwest,Month-to-month,Credit card,Fiber optic,4,60.95,243.8,2,0,
CUST-004895,2022-11-08,West,Month-to-month,Electronic check,DSL,18,51.78,932.04,1,0,
CUST-004896,2025-01-06,Northeast,One year,Bank transfer,No internet,18,130.34,2346.12,3,0,
CUST-004897,2022-02-06,Northeast,Two year,Electronic check,DSL,29,71.28,2067.12,3,0,
CUST-004898,2022-10-11,West,Month-to-month,Bank transfer,Fiber optic,23,40.2,924.6,2,1,Moving / relocation
CUST-004899,2023-10-27,West,Month-to-month,Mailed check,Fiber optic,17,77.86,1323.62,1,1,Price too high
CUST-004900,2023-12-16,South,Month-to-month,Electronic check,DSL,24,103.13,2475.12,4,0,
CUST-004901,2023-04-29,Northeast,One year,Credit card,Fiber optic,25,73.7,1842.5,1,0,
CUST-004902,2022-10-01,South,Month-to-month,Bank transfer,DSL,12,52.54,630.48,2,1,Price too high
CUST-004903,2023-12-23,Midwest,Two year,Mailed check,DSL,31,51.05,1582.55,0,0,
CUST-004904,2024-05-11,West,Month-to-month,Bank transfer,DSL,16,52.27,836.32,1,0,
CUST-004905,2024-02-04,West,Month-to-month,Bank transfer,Fiber optic,13,114.08,1483.04,2,0,
CUST-004906,2022-05-10,West,Month-to-month,Electronic check,DSL,21,68.52,1438.92,1,0,
CUST-004907,2024-06-13,Northeast,Month-to-month,Bank transfer,Fiber optic,5,40.97,204.85,1,0,
CUST-004908,2023-01-21,West,Two year,Credit card,Fiber optic,29,79.28,2299.12,2,0,
CUST-004909,2024-07-11,South,Two year,Electronic check,DSL,36,73.34,2640.24,3,0,
CUST-004910,2022-05-03,Northeast,Two year,Credit card,DSL,45,60.72,2732.4,2,1,Moving / relocation
CUST-004911,2022-04-06,South,Two year,Bank transfer,Fiber optic,14,50.58,708.12,1,0,
CUST-004912,2025-09-12,West,Month-to-month,Electronic check,DSL,26,49.88,1296.88,1,0,
CUST-004913,2022-08-21,Midwest,One year,Bank transfer,Fiber optic,2,99.26,198.52,2,0,
CUST-004914,2022-09-20,South,One year,Mailed check,Fiber optic,36,75.88,2731.68,4,0,
CUST-004915,2023-02-04,Midwest,Two year,Credit card,Fiber optic,30,81.71,2451.3,3,0,
CUST-004916,2024-02-02,South,One year,Bank transfer,Fiber optic,8,75.82,606.56,0,0,
CUST-004917,2023-05-27,South,Month-to-month,Electronic check,Fiber optic,8,77.86,622.88,0,0,
CUST-004918,2022-09-20,Northeast,Month-to-month,Electronic check,DSL,6,60.35,362.1,0,1,Frequent service outages
CUST-004919,2024-04-22,Northeast,Month-to-month,Mailed check,DSL,18,65.64,1181.52,1,0,
CUST-004920,2022-07-06,West,One year,Bank transfer,Fiber optic,32,101.78,3256.96,2,0,
CUST-004921,2024-06-14,Midwest,One year,Credit card,Fiber optic,27,110.24,2976.48,5,0,
CUST-004922,2022-01-06,Midwest,Two year,Credit card,Fiber optic,24,47.41,1137.84,2,0,
CUST-004923,2023-08-24,West,Month-to-month,Credit card,Fiber optic,9,65.59,590.31,1,0,
CUST-004924,2022-04-30,West,One year,Bank transfer,DSL,28,91.7,2567.6,3,0,
CUST-004925,2023-02-08,South,One year,Electronic check,DSL,24,128.03,3072.72,1,0,
CUST-004926,2024-02-13,Midwest,Month-to-month,Bank transfer,DSL,2,123.99,247.98,4,1,Competitor offered better deal
CUST-004927,2022-05-18,Northeast,One year,Electronic check,Fiber optic,29,54.35,1576.15,2,0,
CUST-004928,2024-02-08,Northeast,One year,Electronic check,Fiber optic,43,105.43,4533.49,1,1,Poor customer service
CUST-004929,2023-03-22,West,One year,Electronic check,DSL,14,71.43,1000.02,1,1,Price too high
CUST-004930,2023-01-08,South,Month-to-month,Credit card,DSL,16,97.93,1566.88,4,1,Moving / relocation
CUST-004931,2023-05-06,Midwest,Month-to-month,Bank transfer,Fiber optic,2,90.22,180.44,2,0,
CUST-004932,2025-09-25,West,Month-to-month,Electronic check,Fiber optic,1,46.78,46.78,1,1,Price too high
CUST-004933,2024-09-14,South,Two year,Credit card,No internet,33,83.6,2758.8,3,0,
CUST-004934,2023-10-05,Midwest,Two year,Credit card,Fiber optic,11,96.72,1063.92,2,1,Poor customer service
CUST-004935,2022-10-26,Northeast,Month-to-month,Bank transfer,No internet,1,69.65,69.65,1,0,
CUST-004936,2025-03-25,Northeast,One year,Electronic check,DSL,9,64.79,583.11,0,0,
CUST-004937,2024-03-11,South,Two year,Mailed check,Fiber optic,45,42.4,1908.0,1,0,
CUST-004938,2024-01-15,Northeast,Month-to-month,Mailed check,Fiber optic,38,87.25,3315.5,4,0,
CUST-004939,2025-06-23,Northeast,Month-to-month,Bank transfer,No internet,14,74.95,1049.3,0,0,
CUST-004940,2022-12-23,West,Month-to-month,Bank transfer,Fiber optic,25,52.19,1304.75,0,0,
CUST-004941,2025-10-16,South,Month-to-month,Electronic check,Fiber optic,17,63.16,1073.72,1,0,
CUST-004942,2022-08-21,West,Two year,Mailed check,Fiber optic,9,73.66,662.94,1,0,
CUST-004943,2024-10-13,Northeast,Two year,Bank transfer,Fiber optic,48,58.63,2814.24,0,0,
CUST-004944,2022-09-13,West,One year,Credit card,DSL,40,70.17,2806.8,0,0,
CUST-004945,2022-04-03,South,Month-to-month,Electronic check,Fiber optic,3,40.05,120.15,0,0,
CUST-004946,2024-09-13,Midwest,Two year,Bank transfer,DSL,17,107.97,1835.49,0,0,
CUST-004947,2024-08-13,West,Month-to-month,Credit card,DSL,27,70.46,1902.42,0,1,Price too high
CUST-004948,2024-12-30,Northeast,Month-to-month,Bank transfer,Fiber optic,23,49.31,1134.13,2,0,
CUST-004949,2022-01-16,West,Month-to-month,Mailed check,DSL,19,31.91,606.29,1,0,
CUST-004950,2022-09-02,South,Two year,Bank transfer,Fiber optic,19,97.45,1851.55,2,0,
CUST-004951,2023-07-17,South,One year,Credit card,DSL,22,83.81,1843.82,1,0,
CUST-004952,2025-12-14,West,Month-to-month,Credit card,Fiber optic,4,74.99,299.96,2,0,
CUST-004953,2025-09-29,Northeast,Month-to-month,Electronic check,DSL,2,92.42,184.84,0,0,
CUST-004954,2025-08-28,South,Month-to-month,Electronic check,DSL,11,92.34,1015.74,0,1,Competitor offered better deal
CUST-004955,2024-11-13,South,Month-to-month,Electronic check,DSL,22,74.61,1641.42,4,0,
CUST-004956,2022-12-21,Northeast,Two year,Electronic check,Fiber optic,14,64.63,904.82,2,0,
CUST-004957,2025-01-22,Midwest,Two year,Bank transfer,Fiber optic,12,61.35,736.2,1,1,Frequent service outages
CUST-004958,2023-04-04,Northeast,One year,Electronic check,No internet,21,80.21,1684.41,2,0,
CUST-004959,2023-06-18,Midwest,Month-to-month,Bank transfer,No internet,18,109.62,1973.16,0,0,
CUST-004960,2025-11-20,South,Two year,Bank transfer,DSL,44,67.83,2984.52,0,0,
CUST-004961,2023-02-06,West,One year,Bank transfer,Fiber optic,26,112.45,2923.7,1,0,
CUST-004962,2025-12-28,South,One year,Electronic check,Fiber optic,25,79.0,1975.0,1,1,Frequent service outages
CUST-004963,2025-04-08,South,Month-to-month,Mailed check,No internet,13,79.19,1029.47,0,0,
CUST-004964,2023-08-24,South,Month-to-month,Electronic check,Fiber optic,17,150.0,2550.0,1,1,Competitor offered better deal
CUST-004965,2023-02-28,Northeast,Month-to-month,Credit card,DSL,2,118.97,237.94,2,0,
CUST-004966,2025-05-09,West,One year,Mailed check,Fiber optic,8,119.96,959.68,1,1,Frequent service outages
CUST-004967,2025-09-03,West,Month-to-month,Electronic check,DSL,9,54.31,488.79,2,1,Moving / relocation
CUST-004968,2025-09-07,Midwest,Month-to-month,Electronic check,Fiber optic,25,141.39,3534.75,1,1,Competitor offered better deal
CUST-004969,2023-03-12,Northeast,Month-to-month,Bank transfer,Fiber optic,3,68.29,204.87,0,0,
CUST-004970,2025-07-09,South,Month-to-month,Bank transfer,Fiber optic,15,65.18,977.7,1,1,Price too high
CUST-004971,2023-06-29,South,Month-to-month,Credit card,No internet,3,35.13,105.39,0,0,
CUST-004972,2024-09-05,Northeast,One year,Electronic check,DSL,28,77.82,2178.96,1,1,Poor customer service
CUST-004973,2024-05-31,Midwest,Two year,Electronic check,DSL,20,49.57,991.4,5,0,
CUST-004974,2023-09-04,Midwest,Two year,Credit card,No internet,13,79.89,1038.57,2,0,
CUST-004975,2023-05-23,Midwest,One year,Mailed check,Fiber optic,41,48.34,1981.94,2,0,
CUST-004976,2024-01-08,Midwest,Month-to-month,Mailed check,No internet,1,124.62,124.62,1,0,
CUST-004977,2022-04-06,South,Two year,Credit card,Fiber optic,23,83.64,1923.72,2,0,
CUST-004978,2024-11-08,West,Month-to-month,Bank transfer,Fiber optic,8,145.41,1163.28,4,0,
CUST-004979,2022-03-06,South,Two year,Mailed check,Fiber optic,7,50.53,353.71,3,0,
CUST-004980,2023-01-14,Northeast,Month-to-month,Credit card,No internet,2,115.09,230.18,2,0,
CUST-004981,2024-06-18,Northeast,One year,Electronic check,DSL,9,39.38,354.42,1,0,
CUST-004982,2024-11-03,West,One year,Electronic check,Fiber optic,46,74.93,3446.78,2,0,
CUST-004983,2025-02-02,Northeast,Month-to-month,Electronic check,No internet,14,57.28,801.92,2,0,
CUST-004984,2024-02-08,West,Two year,Electronic check,DSL,29,60.74,1761.46,1,0,
CUST-004985,2024-03-29,South,One year,Mailed check,DSL,13,59.43,772.59,2,0,
CUST-004986,2024-04-29,Northeast,Month-to-month,Credit card,DSL,4,52.32,209.28,3,1,Price too high
CUST-004987,2025-07-03,Midwest,Month-to-month,Credit card,Fiber optic,5,46.85,234.25,0,0,
CUST-004988,2025-05-06,South,Two year,Bank transfer,Fiber optic,6,60.85,365.1,3,0,
CUST-004989,2023-10-15,Midwest,One year,Credit card,DSL,1,72.76,72.76,0,0,
CUST-004990,2025-10-09,West,Two year,Mailed check,Fiber optic,44,101.74,4476.56,2,0,
CUST-004991,2023-01-21,Northeast,Month-to-month,Mailed check,DSL,33,77.05,2542.65,2,0,
CUST-004992,2023-03-23,Midwest,One year,Electronic check,DSL,36,101.83,3665.88,0,0,
CUST-004993,2022-06-15,Midwest,Month-to-month,Bank transfer,DSL,45,43.68,1965.6,1,0,
CUST-004994,2025-01-19,South,Two year,Mailed check,DSL,16,61.04,976.64,2,0,
CUST-004995,2024-04-25,West,Two year,Electronic check,Fiber optic,35,88.02,3080.7,1,1,Moving / relocation
CUST-004996,2024-05-25,West,Two year,Credit card,Fiber optic,16,78.24,1251.84,1,0,
CUST-004997,2025-02-25,Midwest,Month-to-month,Electronic check,Fiber optic,27,53.22,1436.94,2,0,
CUST-004998,2023-03-01,South,Two year,Bank transfer,Fiber optic,32,94.53,3024.96,0,1,Competitor offered better deal
CUST-004999,2022-12-20,West,Two year,Electronic check,Fiber optic,23,59.15,1360.45,1,1,Moving / relocation
CUST-005000,2024-08-03,West,Month-to-month,Bank transfer,Fiber optic,2,54.67,109.34,4,0,
CUST-005001,2022-01-07,Northeast,One year,Bank transfer,Fiber optic,4,81.93,327.72,1,1,Moving / relocation
CUST-005002,2024-08-14,West,Month-to-month,Electronic check,Fiber optic,3,70.24,210.72,1,0,
CUST-005003,2022-11-10,South,One year,Electronic check,No internet,28,59.3,1660.4,3,1,Poor customer service
CUST-005004,2025-04-13,South,Month-to-month,Bank transfer,Fiber optic,36,58.66,2111.76,2,0,
CUST-005005,2022-12-12,Northeast,Month-to-month,Bank transfer,Fiber optic,28,49.78,1393.84,2,1,Price too high
CUST-005006,2023-08-16,West,Month-to-month,Mailed check,DSL,10,61.77,617.7,2,0,
CUST-005007,2024-09-13,West,One year,Mailed check,Fiber optic,18,99.68,1794.24,0,0,
CUST-005008,2025-03-31,West,Month-to-month,Electronic check,DSL,22,75.81,1667.82,0,0,
CUST-005009,2025-05-31,Northeast,Month-to-month,Electronic check,DSL,48,95.27,4572.96,0,0,
CUST-005010,2022-12-24,Northeast,Month-to-month,Credit card,DSL,20,82.69,1653.8,1,0,
CUST-005011,2025-06-08,Midwest,Two year,Electronic check,Fiber optic,31,57.63,1786.53,0,0,
CUST-005012,2023-11-05,Midwest,Two year,Bank transfer,Fiber optic,4,41.36,165.44,3,0,
CUST-005013,2023-10-10,Midwest,Month-to-month,Bank transfer,No internet,18,52.11,937.98,1,0,
CUST-005014,2024-06-23,South,Two year,Credit card,No internet,47,56.55,2657.85,0,0,
CUST-005015,2025-12-07,West,Two year,Electronic check,DSL,33,55.17,1820.61,6,0,
CUST-005016,2024-05-24,Midwest,Two year,Bank transfer,Fiber optic,41,95.96,3934.36,0,0,
CUST-005017,2023-05-07,Midwest,Month-to-month,Bank transfer,Fiber optic,5,95.64,478.2,1,1,Frequent service outages
CUST-005018,2022-03-13,Midwest,Two year,Electronic check,DSL,30,142.28,4268.4,4,0,
CUST-005019,2025-06-27,South,Two year,Electronic check,Fiber optic,2,54.91,109.82,1,0,
CUST-005020,2023-05-31,South,One year,Credit card,No internet,29,116.88,3389.52,2,0,
CUST-005021,2025-04-04,South,One year,Mailed check,No internet,7,116.65,816.55,1,1,Competitor offered better deal
CUST-005022,2023-04-11,West,One year,Electronic check,Fiber optic,29,65.08,1887.32,2,1,Frequent service outages
CUST-005023,2022-05-30,Northeast,Month-to-month,Bank transfer,Fiber optic,34,81.58,2773.72,1,0,
CUST-005024,2025-11-15,South,Two year,Mailed check,Fiber optic,27,104.28,2815.56,1,0,
CUST-005025,2022-05-03,South,Two year,Electronic check,Fiber optic,15,68.8,1032.0,4,0,
CUST-005026,2025-11-16,West,One year,Electronic check,Fiber optic,3,67.11,201.33,2,0,
CUST-005027,2022-10-21,Midwest,Two year,Mailed check,DSL,19,57.35,1089.65,2,0,
CUST-005028,2023-06-14,Midwest,One year,Bank transfer,Fiber optic,7,32.94,230.58,1,1,Poor customer service
CUST-005029,2022-08-18,South,One year,Mailed check,Fiber optic,23,71.7,1649.1,2,0,
CUST-005030,2025-02-22,South,Two year,Electronic check,Fiber optic,17,55.86,949.62,0,0,
CUST-005031,2022-03-27,Midwest,Month-to-month,Bank transfer,Fiber optic,23,49.69,1142.87,2,0,
CUST-005032,2024-03-17,South,Month-to-month,Bank transfer,DSL,25,80.25,2006.25,5,0,
CUST-005033,2025-11-25,Northeast,Month-to-month,Bank transfer,No internet,3,44.06,132.18,0,1,Price too high
CUST-005034,2023-08-02,Midwest,One year,Electronic check,Fiber optic,11,90.74,998.14,0,0,
CUST-005035,2022-10-09,West,Month-to-month,Electronic check,DSL,2,81.84,163.68,1,0,
CUST-005036,2025-02-16,Northeast,Two year,Credit card,Fiber optic,17,61.68,1048.56,0,0,
CUST-005037,2024-06-18,Northeast,Month-to-month,Electronic check,DSL,44,68.7,3022.8,1,0,
CUST-005038,2025-10-23,Northeast,Two year,Mailed check,Fiber optic,18,47.9,862.2,0,0,
CUST-005039,2023-09-26,South,Two year,Bank transfer,Fiber optic,30,89.13,2673.9,2,0,
CUST-005040,2023-06-10,South,Two year,Credit card,Fiber optic,1,74.44,74.44,2,0,
CUST-005041,2023-04-19,Midwest,One year,Credit card,DSL,26,76.23,1981.98,1,0,
CUST-005042,2022-09-04,Midwest,Month-to-month,Mailed check,Fiber optic,3,82.32,246.96,1,0,
CUST-005043,2024-03-13,Northeast,Two year,Credit card,Fiber optic,26,57.08,1484.08,1,0,
CUST-005044,2025-10-20,South,One year,Electronic check,DSL,17,43.12,733.04,2,0,
CUST-005045,2024-08-16,Northeast,Month-to-month,Credit card,DSL,2,95.23,190.46,4,0,
CUST-005046,2024-10-31,West,Month-to-month,Electronic check,Fiber optic,23,87.39,2009.97,1,0,
CUST-005047,2024-12-06,Midwest,Month-to-month,Credit card,Fiber optic,45,59.07,2658.15,3,0,
CUST-005048,2022-11-11,South,One year,Credit card,DSL,9,79.91,719.19,2,0,
CUST-005049,2025-02-20,West,One year,Credit card,Fiber optic,15,104.85,1572.75,0,0,
CUST-005050,2022-01-13,South,One year,Bank transfer,Fiber optic,10,100.93,1009.3,0,0,
CUST-005051,2023-10-20,Midwest,Month-to-month,Electronic check,Fiber optic,6,58.52,351.12,0,0,
CUST-005052,2024-08-26,Midwest,Month-to-month,Bank transfer,DSL,11,43.54,478.94,1,0,
CUST-005053,2022-08-31,South,Month-to-month,Electronic check,No internet,28,45.99,1287.72,1,0,
CUST-005054,2024-06-29,Northeast,Two year,Bank transfer,DSL,38,63.45,2411.1,1,0,
CUST-005055,2022-04-12,Midwest,One year,Electronic check,DSL,4,111.94,447.76,0,0,
CUST-005056,2022-11-23,South,Two year,Electronic check,DSL,38,55.53,2110.14,0,0,
CUST-005057,2025-01-22,Midwest,Two year,Electronic check,Fiber optic,35,57.93,2027.55,0,1,Moving / relocation
CUST-005058,2024-07-27,South,Two year,Credit card,No internet,19,57.55,1093.45,3,0,
CUST-005059,2025-10-25,Midwest,Two year,Mailed check,Fiber optic,19,59.14,1123.66,2,0,
CUST-005060,2022-08-14,South,One year,Bank transfer,DSL,9,69.85,628.65,0,0,
CUST-005061,2025-05-11,Northeast,One year,Electronic check,Fiber optic,34,46.54,1582.36,4,0,
CUST-005062,2023-08-14,South,Month-to-month,Mailed check,DSL,6,99.19,595.14,1,0,
CUST-005063,2025-02-22,West,Two year,Bank transfer,No internet,37,66.93,2476.41,0,0,
CUST-005064,2023-03-31,Midwest,Month-to-month,Electronic check,DSL,5,150.0,750.0,0,0,
CUST-005065,2025-02-04,West,Month-to-month,Bank transfer,No internet,11,48.16,529.76,2,0,
CUST-005066,2025-06-16,Midwest,Month-to-month,Mailed check,DSL,19,116.6,2215.4,2,1,Moving / relocation
CUST-005067,2024-11-30,West,Two year,Credit card,Fiber optic,34,109.42,3720.28,0,0,
CUST-005068,2023-03-03,West,Month-to-month,Electronic check,Fiber optic,2,61.45,122.9,3,0,
CUST-005069,2025-06-01,Northeast,One year,Mailed check,DSL,3,61.78,185.34,1,0,
CUST-005070,2023-02-16,Midwest,Two year,Credit card,Fiber optic,17,52.21,887.57,0,0,
CUST-005071,2022-06-18,West,Two year,Credit card,Fiber optic,36,52.4,1886.4,3,0,
CUST-005072,2025-01-06,Northeast,Month-to-month,Bank transfer,Fiber optic,43,70.09,3013.87,2,1,Moving / relocation
CUST-005073,2022-11-17,Northeast,Two year,Electronic check,No internet,13,70.57,917.41,0,0,
CUST-005074,2022-01-26,Northeast,Two year,Mailed check,DSL,25,41.98,1049.5,1,0,
CUST-005075,2022-05-02,Midwest,Month-to-month,Bank transfer,Fiber optic,11,146.05,1606.55,2,0,
CUST-005076,2024-11-16,South,Two year,Electronic check,DSL,28,64.52,1806.56,3,0,
CUST-005077,2022-02-25,Midwest,Month-to-month,Electronic check,DSL,6,71.59,429.54,2,1,Frequent service outages
CUST-005078,2022-03-10,West,Month-to-month,Bank transfer,No internet,1,57.37,57.37,2,0,
CUST-005079,2025-12-25,South,Two year,Electronic check,Fiber optic,10,64.36,643.6,1,0,
CUST-005080,2022-03-23,South,One year,Credit card,DSL,13,62.52,812.76,2,0,
CUST-005081,2024-10-13,Midwest,Two year,Electronic check,Fiber optic,23,70.04,1610.92,0,0,
CUST-005082,2023-12-18,South,One year,Credit card,DSL,37,69.78,2581.86,1,0,
CUST-005083,2023-05-05,Midwest,One year,Bank transfer,No internet,1,90.7,90.7,2,0,
CUST-005084,2025-10-31,West,One year,Credit card,Fiber optic,19,75.39,1432.41,3,0,
CUST-005085,2023-05-15,West,Month-to-month,Credit card,Fiber optic,11,87.83,966.13,5,1,Price too high
CUST-005086,2022-08-26,Northeast,Two year,Electronic check,Fiber optic,25,69.89,1747.25,1,0,
CUST-005087,2023-07-29,Midwest,Two year,Electronic check,Fiber optic,13,75.49,981.37,1,0,
CUST-005088,2023-03-21,Midwest,Month-to-month,Electronic check,Fiber optic,18,64.9,1168.2,2,0,
CUST-005089,2025-01-26,South,One year,Bank transfer,DSL,10,96.64,966.4,3,0,
CUST-005090,2024-09-22,West,One year,Electronic check,Fiber optic,27,77.73,2098.71,3,1,Poor customer service
CUST-005091,2022-05-25,West,Month-to-month,Bank transfer,DSL,44,66.65,2932.6,1,1,Price too high
CUST-005092,2025-07-28,South,Month-to-month,Credit card,DSL,15,66.01,990.15,0,1,Competitor offered better deal
CUST-005093,2025-06-29,South,Month-to-month,Mailed check,DSL,4,67.7,270.8,1,1,Frequent service outages
CUST-005094,2023-12-25,Midwest,Month-to-month,Bank transfer,Fiber optic,26,70.79,1840.54,1,1,Poor customer service
CUST-005095,2023-07-25,Northeast,Month-to-month,Credit card,DSL,14,68.85,963.9,0,1,Poor customer service
CUST-005096,2023-12-28,Northeast,Two year,Credit card,DSL,3,58.63,175.89,1,0,
CUST-005097,2024-01-20,Northeast,One year,Electronic check,Fiber optic,14,89.55,1253.7,0,0,
CUST-005098,2023-03-31,South,One year,Electronic check,Fiber optic,6,91.38,548.28,2,1,Competitor offered better deal
CUST-005099,2023-09-26,Midwest,One year,Bank transfer,DSL,33,124.07,4094.31,1,0,
CUST-005100,2023-07-06,South,Month-to-month,Electronic check,Fiber optic,1,57.79,57.79,0,0,
CUST-005101,2025-11-30,Northeast,One year,Bank transfer,Fiber optic,16,86.77,1388.32,2,0,
CUST-005102,2022-07-26,West,One year,Credit card,Fiber optic,40,38.06,1522.4,3,1,Price too high
CUST-005103,2022-03-27,South,One year,Bank transfer,No internet,18,91.4,1645.2,2,0,
CUST-005104,2022-06-27,Midwest,Two year,Electronic check,DSL,33,43.99,1451.67,4,0,
CUST-005105,2022-08-14,West,Month-to-month,Electronic check,DSL,8,51.16,409.28,1,1,Moving / relocation
CUST-005106,2024-12-10,South,One year,Credit card,Fiber optic,15,77.97,1169.55,3,1,Poor customer service
CUST-005107,2023-05-31,West,Two year,Electronic check,DSL,31,57.46,1781.26,1,0,
CUST-005108,2023-12-09,South,Month-to-month,Electronic check,Fiber optic,11,55.0,605.0,1,0,
CUST-005109,2025-04-22,Northeast,One year,Bank transfer,No internet,24,60.03,1440.72,1,0,
CUST-005110,2025-02-09,South,One year,Bank transfer,DSL,21,88.54,1859.34,3,0,
CUST-005111,2025-08-26,South,Month-to-month,Mailed check,DSL,40,52.01,2080.4,0,0,
CUST-005112,2024-08-05,West,One year,Bank transfer,No internet,45,68.9,3100.5,0,0,
CUST-005113,2025-01-28,Northeast,Month-to-month,Bank transfer,No internet,2,62.11,124.22,0,0,
CUST-005114,2022-01-06,Midwest,Month-to-month,Electronic check,Fiber optic,2,91.14,182.28,1,0,
CUST-005115,2023-04-01,Northeast,Two year,Mailed check,Fiber optic,18,91.96,1655.28,3,0,
CUST-005116,2024-01-06,South,One year,Bank transfer,DSL,16,38.97,623.52,4,0,
CUST-005117,2025-08-26,Northeast,Month-to-month,Mailed check,Fiber optic,19,97.95,1861.05,0,1,Moving / relocation
CUST-005118,2024-03-13,South,Two year,Credit card,Fiber optic,34,57.66,1960.44,2,0,
CUST-005119,2024-11-18,Northeast,One year,Electronic check,Fiber optic,13,75.61,982.93,3,0,
CUST-005120,2022-07-20,Northeast,Month-to-month,Bank transfer,DSL,3,51.91,155.73,1,0,
CUST-005121,2025-02-03,Northeast,Month-to-month,Bank transfer,DSL,43,78.95,3394.85,1,0,
CUST-005122,2025-10-28,South,One year,Bank transfer,Fiber optic,44,150.0,6600.0,0,0,
CUST-005123,2023-06-03,Midwest,Month-to-month,Electronic check,DSL,4,73.02,292.08,1,0,
CUST-005124,2025-03-12,Northeast,One year,Bank transfer,Fiber optic,15,60.51,907.65,2,0,
CUST-005125,2022-10-27,Midwest,Month-to-month,Credit card,No internet,6,65.09,390.54,2,0,
CUST-005126,2025-08-07,South,Two year,Mailed check,Fiber optic,6,43.81,262.86,2,1,Price too high
CUST-005127,2024-10-07,Northeast,Month-to-month,Electronic check,DSL,3,111.46,334.38,2,1,Competitor offered better deal
CUST-005128,2024-05-22,Midwest,Month-to-month,Electronic check,No internet,22,77.49,1704.78,3,0,
CUST-005129,2024-05-10,Midwest,Two year,Mailed check,DSL,5,50.12,250.6,2,1,Moving / relocation
CUST-005130,2025-05-01,Midwest,One year,Electronic check,DSL,15,50.64,759.6,0,1,Price too high
CUST-005131,2023-01-17,Midwest,Month-to-month,Credit card,Fiber optic,24,70.45,1690.8,0,0,
CUST-005132,2022-09-21,Midwest,Month-to-month,Credit card,Fiber optic,29,94.47,2739.63,1,0,
CUST-005133,2024-06-01,West,Two year,Credit card,Fiber optic,35,48.51,1697.85,2,0,
CUST-005134,2025-06-02,South,Month-to-month,Mailed check,DSL,2,100.11,200.22,0,0,
CUST-005135,2025-09-05,Midwest,Two year,Bank transfer,No internet,32,68.08,2178.56,2,0,
CUST-005136,2025-09-06,South,Two year,Mailed check,Fiber optic,8,52.06,416.48,0,0,
CUST-005137,2022-08-31,Midwest,One year,Electronic check,Fiber optic,7,60.36,422.52,0,0,
CUST-005138,2022-01-28,South,Two year,Bank transfer,DSL,44,122.67,5397.48,2,0,
CUST-005139,2022-11-04,South,Month-to-month,Electronic check,Fiber optic,6,44.96,269.76,2,1,Competitor offered better deal
CUST-005140,2024-07-25,South,Two year,Electronic check,DSL,47,55.47,2607.09,1,0,
CUST-005141,2023-08-18,Midwest,Month-to-month,Credit card,Fiber optic,6,95.09,570.54,3,0,
CUST-005142,2022-05-19,Midwest,Month-to-month,Credit card,DSL,2,75.13,150.26,1,1,Price too high
CUST-005143,2023-07-23,South,Month-to-month,Credit card,Fiber optic,7,54.42,380.94,0,0,
CUST-005144,2024-08-03,Midwest,One year,Mailed check,DSL,41,95.46,3913.86,1,0,
CUST-005145,2022-03-19,South,One year,Credit card,DSL,30,96.92,2907.6,1,0,
CUST-005146,2025-08-01,Midwest,Month-to-month,Mailed check,Fiber optic,4,77.95,311.8,1,1,Price too high
CUST-005147,2023-08-13,West,Month-to-month,Electronic check,DSL,11,57.63,633.93,4,0,
CUST-005148,2022-09-21,West,One year,Bank transfer,Fiber optic,18,60.54,1089.72,1,1,Price too high
CUST-005149,2023-07-23,West,Month-to-month,Bank transfer,DSL,1,76.79,76.79,2,1,Poor customer service
CUST-005150,2023-12-23,Northeast,Two year,Mailed check,DSL,1,46.07,46.07,0,1,Poor customer service
CUST-005151,2025-02-24,South,Month-to-month,Credit card,Fiber optic,12,107.22,1286.64,0,0,
CUST-005152,2022-05-21,Midwest,Two year,Mailed check,DSL,45,120.79,5435.55,1,0,
CUST-005153,2023-11-17,Northeast,One year,Credit card,Fiber optic,19,65.01,1235.19,4,1,Moving / relocation
CUST-005154,2024-08-08,West,One year,Electronic check,Fiber optic,44,78.57,3457.08,0,0,
CUST-005155,2025-03-26,South,Two year,Bank transfer,Fiber optic,32,102.46,3278.72,0,1,Moving / relocation
CUST-005156,2022-06-23,South,Two year,Credit card,Fiber optic,2,131.08,262.16,1,0,
CUST-005157,2022-06-17,West,Two year,Bank transfer,DSL,35,115.38,4038.3,1,0,
CUST-005158,2025-11-20,South,Two year,Credit card,DSL,1,40.23,40.23,1,0,
CUST-005159,2025-09-23,West,Month-to-month,Bank transfer,Fiber optic,10,63.37,633.7,5,0,
CUST-005160,2023-04-14,South,Two year,Electronic check,Fiber optic,18,82.29,1481.22,0,0,
CUST-005161,2023-12-06,Northeast,Two year,Bank transfer,Fiber optic,7,59.85,418.95,0,0,
CUST-005162,2022-09-27,Northeast,One year,Bank transfer,DSL,2,124.03,248.06,1,1,Poor customer service
CUST-005163,2025-03-06,West,Two year,Electronic check,No internet,21,118.08,2479.68,1,0,
CUST-005164,2025-10-24,South,Two year,Mailed check,DSL,41,54.0,2214.0,0,0,
CUST-005165,2024-01-18,Midwest,One year,Electronic check,Fiber optic,26,66.56,1730.56,1,0,
CUST-005166,2024-07-30,South,Month-to-month,Electronic check,Fiber optic,6,55.15,330.9,0,1,Frequent service outages
CUST-005167,2024-09-09,South,One year,Credit card,Fiber optic,44,65.86,2897.84,2,1,Frequent service outages
CUST-005168,2023-12-14,Midwest,One year,Credit card,DSL,15,65.23,978.45,2,0,
CUST-005169,2023-09-22,Midwest,Month-to-month,Bank transfer,No internet,20,95.14,1902.8,2,0,
CUST-005170,2025-01-06,South,Month-to-month,Mailed check,DSL,1,52.76,52.76,0,1,Price too high
CUST-005171,2023-04-05,South,One year,Mailed check,No internet,44,30.35,1335.4,0,0,
CUST-005172,2025-06-18,West,Month-to-month,Electronic check,Fiber optic,19,41.95,797.05,4,1,Price too high
CUST-005173,2023-08-15,West,Month-to-month,Mailed check,Fiber optic,2,50.45,100.9,1,0,
CUST-005174,2025-03-28,South,Month-to-month,Credit card,DSL,7,56.84,397.88,0,1,Frequent service outages
CUST-005175,2023-11-01,West,One year,Bank transfer,Fiber optic,15,74.43,1116.45,1,0,
CUST-005176,2023-06-04,Northeast,Month-to-month,Bank transfer,Fiber optic,12,49.62,595.44,0,1,Price too high
CUST-005177,2022-06-23,West,Month-to-month,Electronic check,Fiber optic,15,47.58,713.7,2,0,
CUST-005178,2023-08-02,West,One year,Credit card,DSL,30,52.07,1562.1,3,0,
CUST-005179,2024-10-17,Midwest,Month-to-month,Electronic check,Fiber optic,7,49.06,343.42,2,1,Price too high
CUST-005180,2024-02-09,West,Month-to-month,Mailed check,No internet,22,58.71,1291.62,2,0,
CUST-005181,2024-06-09,Midwest,Month-to-month,Mailed check,DSL,2,57.91,115.82,0,0,
CUST-005182,2024-05-06,South,One year,Mailed check,DSL,18,87.4,1573.2,0,0,
CUST-005183,2023-10-22,Midwest,Two year,Bank transfer,Fiber optic,30,51.08,1532.4,0,0,
CUST-005184,2023-03-16,West,Two year,Bank transfer,Fiber optic,44,62.53,2751.32,3,0,
CUST-005185,2022-09-15,West,Month-to-month,Bank transfer,DSL,45,58.89,2650.05,0,1,Price too high
CUST-005186,2022-07-18,West,One year,Electronic check,Fiber optic,40,90.82,3632.8,5,1,Frequent service outages
CUST-005187,2024-12-02,Northeast,Month-to-month,Credit card,Fiber optic,2,66.73,133.46,3,0,
CUST-005188,2023-10-04,Northeast,One year,Bank transfer,Fiber optic,9,98.12,883.08,1,1,Poor customer service
CUST-005189,2022-04-20,South,Month-to-month,Credit card,DSL,11,48.48,533.28,1,0,
CUST-005190,2025-04-06,West,Month-to-month,Electronic check,DSL,22,69.01,1518.22,0,1,Price too high
CUST-005191,2023-07-01,Midwest,One year,Credit card,DSL,46,58.31,2682.26,4,0,
CUST-005192,2023-02-08,Northeast,One year,Bank transfer,DSL,43,47.35,2036.05,2,0,
CUST-005193,2023-11-20,South,One year,Bank transfer,Fiber optic,32,68.61,2195.52,2,0,
CUST-005194,2023-07-02,West,One year,Electronic check,Fiber optic,7,122.06,854.42,1,0,
CUST-005195,2023-08-12,West,Two year,Electronic check,Fiber optic,26,53.36,1387.36,2,0,
CUST-005196,2023-02-05,West,One year,Credit card,DSL,30,67.3,2019.0,0,0,
CUST-005197,2022-02-25,South,One year,Mailed check,Fiber optic,25,46.07,1151.75,1,0,
CUST-005198,2024-06-09,West,One year,Bank transfer,No internet,20,43.95,879.0,0,0,
CUST-005199,2024-12-19,West,Month-to-month,Bank transfer,Fiber optic,20,54.49,1089.8,3,1,Price too high
CUST-005200,2025-10-22,West,Month-to-month,Credit card,Fiber optic,29,60.7,1760.3,1,0,
CUST-005201,2022-08-03,South,Month-to-month,Mailed check,DSL,2,61.57,123.14,4,0,
CUST-005202,2022-09-21,Midwest,One year,Credit card,Fiber optic,30,65.21,1956.3,1,1,Price too high
CUST-005203,2023-09-10,West,Month-to-month,Electronic check,Fiber optic,5,41.37,206.85,0,0,
CUST-005204,2025-02-12,Midwest,Two year,Credit card,Fiber optic,48,57.38,2754.24,2,1,Moving / relocation
CUST-005205,2024-07-11,Midwest,One year,Mailed check,Fiber optic,2,82.32,164.64,1,1,Frequent service outages
CUST-005206,2024-08-29,South,Month-to-month,Electronic check,Fiber optic,25,45.39,1134.75,3,1,Moving / relocation
CUST-005207,2024-02-19,West,One year,Mailed check,Fiber optic,21,62.57,1313.97,0,0,
CUST-005208,2025-12-13,South,Two year,Credit card,Fiber optic,28,76.99,2155.72,2,0,
CUST-005209,2023-07-28,Northeast,Month-to-month,Bank transfer,DSL,21,54.58,1146.18,0,0,
CUST-005210,2022-05-26,South,Month-to-month,Electronic check,DSL,3,78.2,234.6,1,1,Poor customer service
CUST-005211,2023-11-29,Northeast,Month-to-month,Electronic check,Fiber optic,1,43.09,43.09,1,0,
CUST-005212,2025-08-20,Midwest,Two year,Bank transfer,No internet,11,93.16,1024.76,1,0,
CUST-005213,2024-03-18,Northeast,Month-to-month,Electronic check,Fiber optic,34,78.81,2679.54,0,1,Poor customer service
CUST-005214,2025-03-25,South,One year,Electronic check,No internet,38,71.37,2712.06,1,1,Competitor offered better deal
CUST-005215,2024-10-06,Midwest,Two year,Bank transfer,No internet,7,100.48,703.36,1,1,Poor customer service
CUST-005216,2025-08-16,South,Month-to-month,Mailed check,DSL,4,63.09,252.36,0,0,
CUST-005217,2024-06-09,South,Month-to-month,Electronic check,Fiber optic,20,57.53,1150.6,2,0,
CUST-005218,2025-01-02,South,One year,Mailed check,No internet,16,108.77,1740.32,3,1,Moving / relocation
CUST-005219,2024-06-15,Northeast,One year,Bank transfer,Fiber optic,4,126.35,505.4,4,1,Price too high
CUST-005220,2023-02-15,Northeast,One year,Bank transfer,Fiber optic,26,56.15,1459.9,2,0,
CUST-005221,2022-02-20,South,Month-to-month,Electronic check,No internet,21,67.6,1419.6,1,1,Frequent service outages
CUST-005222,2023-09-02,Midwest,One year,Bank transfer,Fiber optic,37,97.95,3624.15,1,0,
CUST-005223,2025-10-09,South,Two year,Mailed check,Fiber optic,3,68.37,205.11,0,0,
CUST-005224,2022-06-08,South,Month-to-month,Mailed check,DSL,36,84.8,3052.8,1,1,Poor customer service
CUST-005225,2022-12-20,South,Month-to-month,Electronic check,No internet,5,89.99,449.95,3,0,
CUST-005226,2022-01-04,South,Month-to-month,Electronic check,DSL,33,58.56,1932.48,1,0,
CUST-005227,2023-09-06,West,Month-to-month,Bank transfer,No internet,19,80.17,1523.23,1,0,
CUST-005228,2025-10-15,South,One year,Electronic check,Fiber optic,20,69.97,1399.4,1,0,
CUST-005229,2023-09-25,Northeast,Month-to-month,Credit card,DSL,7,47.49,332.43,1,1,Moving / relocation
CUST-005230,2025-04-23,Northeast,Month-to-month,Credit card,DSL,20,51.08,1021.6,1,0,
CUST-005231,2024-05-19,West,Month-to-month,Mailed check,Fiber optic,10,56.9,569.0,0,0,
CUST-005232,2022-04-29,West,Month-to-month,Bank transfer,Fiber optic,36,94.36,3396.96,1,0,
CUST-005233,2023-03-14,South,Month-to-month,Bank transfer,Fiber optic,17,95.36,1621.12,3,0,
CUST-005234,2023-10-27,West,Month-to-month,Electronic check,Fiber optic,15,89.12,1336.8,2,0,
CUST-005235,2023-04-13,South,Two year,Mailed check,DSL,25,80.71,2017.75,1,0,
CUST-005236,2023-02-26,Northeast,Month-to-month,Credit card,Fiber optic,33,80.01,2640.33,2,0,
CUST-005237,2024-05-28,West,Month-to-month,Electronic check,DSL,9,76.62,689.58,1,0,
CUST-005238,2023-03-11,Midwest,One year,Bank transfer,No internet,35,79.87,2795.45,0,1,Price too high
CUST-005239,2025-06-09,South,Two year,Bank transfer,DSL,46,81.62,3754.52,1,0,
CUST-005240,2025-07-31,West,Two year,Electronic check,DSL,41,44.73,1833.93,3,0,
CUST-005241,2022-02-02,South,Two year,Bank transfer,DSL,26,54.44,1415.44,3,0,
CUST-005242,2025-12-20,South,Month-to-month,Credit card,No internet,16,50.44,807.04,3,1,Competitor offered better deal
CUST-005243,2024-03-30,West,Month-to-month,Electronic check,DSL,16,99.91,1598.56,2,0,
CUST-005244,2023-09-09,West,Month-to-month,Electronic check,Fiber optic,36,119.02,4284.72,1,0,
CUST-005245,2024-03-16,South,Month-to-month,Electronic check,DSL,22,35.02,770.44,3,0,
CUST-005246,2025-04-05,Northeast,Two year,Credit card,DSL,6,115.67,694.02,4,1,Competitor offered better deal
CUST-005247,2022-07-03,West,One year,Bank transfer,DSL,33,72.08,2378.64,1,0,
CUST-005248,2022-08-31,South,One year,Bank transfer,Fiber optic,7,96.94,678.58,2,0,
CUST-005249,2022-03-03,South,Two year,Credit card,DSL,48,82.44,3957.12,3,0,
CUST-005250,2025-01-29,West,Two year,Credit card,No internet,21,111.16,2334.36,2,0,
CUST-005251,2025-03-04,Midwest,Month-to-month,Electronic check,No internet,11,74.97,824.67,1,0,
CUST-005252,2022-03-16,Northeast,One year,Credit card,Fiber optic,3,45.32,135.96,1,1,Price too high
CUST-005253,2025-04-21,Midwest,Month-to-month,Mailed check,Fiber optic,9,67.77,609.93,2,0,
CUST-005254,2023-05-15,West,Month-to-month,Electronic check,Fiber optic,41,82.68,3389.88,1,0,
CUST-005255,2022-03-06,West,One year,Electronic check,DSL,25,65.42,1635.5,1,1,Poor customer service
CUST-005256,2024-04-10,South,Two year,Mailed check,Fiber optic,25,86.53,2163.25,1,0,
CUST-005257,2024-09-11,West,One year,Credit card,No internet,5,68.65,343.25,2,0,
CUST-005258,2022-04-02,West,Month-to-month,Bank transfer,DSL,3,57.94,173.82,1,0,
CUST-005259,2023-01-05,West,Two year,Bank transfer,Fiber optic,19,49.53,941.07,2,1,Competitor offered better deal
CUST-005260,2022-06-22,West,One year,Electronic check,Fiber optic,18,61.84,1113.12,2,0,
CUST-005261,2022-12-09,West,One year,Electronic check,DSL,24,74.85,1796.4,1,0,
CUST-005262,2023-04-12,South,Month-to-month,Credit card,DSL,6,37.45,224.7,1,0,
CUST-005263,2025-08-29,South,Month-to-month,Credit card,DSL,28,54.62,1529.36,0,0,
CUST-005264,2023-11-25,West,One year,Bank transfer,DSL,34,37.01,1258.34,0,0,
CUST-005265,2024-06-19,West,Two year,Electronic check,DSL,46,57.54,2646.84,3,0,
CUST-005266,2022-11-10,South,Two year,Electronic check,Fiber optic,43,102.84,4422.12,1,1,Moving / relocation
CUST-005267,2024-05-27,Midwest,One year,Credit card,Fiber optic,31,47.96,1486.76,0,0,
CUST-005268,2023-04-10,Northeast,Month-to-month,Electronic check,Fiber optic,28,87.8,2458.4,2,0,
CUST-005269,2023-10-05,Northeast,Month-to-month,Electronic check,Fiber optic,18,150.0,2700.0,1,1,Competitor offered better deal
CUST-005270,2022-09-05,Northeast,One year,Bank transfer,DSL,6,111.62,669.72,2,0,
CUST-005271,2024-07-20,West,One year,Credit card,Fiber optic,14,73.17,1024.38,0,0,
CUST-005272,2022-05-28,South,Month-to-month,Electronic check,DSL,1,92.27,92.27,3,0,
CUST-005273,2023-08-27,South,Month-to-month,Credit card,Fiber optic,18,45.23,814.14,1,1,Frequent service outages
CUST-005274,2023-09-06,Northeast,Month-to-month,Mailed check,Fiber optic,24,42.37,1016.88,2,1,Frequent service outages
CUST-005275,2023-07-04,South,Two year,Bank transfer,Fiber optic,38,70.75,2688.5,1,0,
CUST-005276,2022-11-19,Northeast,One year,Electronic check,Fiber optic,16,79.64,1274.24,1,0,
CUST-005277,2022-06-26,South,Month-to-month,Credit card,Fiber optic,18,99.51,1791.18,2,0,
CUST-005278,2024-08-10,West,One year,Bank transfer,No internet,28,58.44,1636.32,2,0,
CUST-005279,2025-09-27,West,Month-to-month,Credit card,Fiber optic,24,74.58,1789.92,0,0,
CUST-005280,2022-11-29,Northeast,Month-to-month,Bank transfer,Fiber optic,15,73.77,1106.55,1,0,
CUST-005281,2022-06-12,South,Month-to-month,Credit card,No internet,5,67.22,336.1,1,0,
CUST-005282,2022-10-05,Midwest,Month-to-month,Bank transfer,Fiber optic,2,68.5,137.0,3,1,Competitor offered better deal
CUST-005283,2023-03-11,South,One year,Bank transfer,DSL,35,53.33,1866.55,2,0,
CUST-005284,2023-06-22,South,One year,Electronic check,DSL,44,76.67,3373.48,0,0,
CUST-005285,2023-03-14,Midwest,Month-to-month,Credit card,Fiber optic,3,74.62,223.86,1,1,Competitor offered better deal
CUST-005286,2022-06-01,South,Month-to-month,Mailed check,Fiber optic,16,60.9,974.4,2,0,
CUST-005287,2025-01-03,South,One year,Bank transfer,DSL,21,86.75,1821.75,1,0,
CUST-005288,2022-03-02,South,Two year,Bank transfer,Fiber optic,34,97.41,3311.94,2,0,
CUST-005289,2023-04-14,Northeast,Month-to-month,Credit card,Fiber optic,20,87.07,1741.4,0,0,
CUST-005290,2025-01-22,Northeast,One year,Bank transfer,Fiber optic,21,50.22,1054.62,1,1,Competitor offered better deal
CUST-005291,2024-05-31,West,Month-to-month,Bank transfer,Fiber optic,5,72.38,361.9,0,0,
CUST-005292,2022-09-10,South,Month-to-month,Bank transfer,No internet,13,52.37,680.81,3,1,Competitor offered better deal
CUST-005293,2022-06-23,South,Month-to-month,Bank transfer,No internet,23,72.31,1663.13,2,1,Moving / relocation
CUST-005294,2024-06-12,South,Month-to-month,Mailed check,No internet,4,52.44,209.76,1,1,Price too high
CUST-005295,2022-01-13,West,Month-to-month,Credit card,Fiber optic,17,105.5,1793.5,0,1,Moving / relocation
CUST-005296,2023-03-22,Midwest,One year,Credit card,No internet,19,90.08,1711.52,1,0,
CUST-005297,2025-05-10,South,Month-to-month,Bank transfer,DSL,1,101.39,101.39,2,0,
CUST-005298,2023-04-22,South,One year,Electronic check,DSL,16,98.16,1570.56,1,0,
CUST-005299,2023-05-17,South,Month-to-month,Mailed check,DSL,13,64.29,835.77,1,0,
CUST-005300,2022-08-19,South,One year,Credit card,DSL,34,61.18,2080.12,4,1,Moving / relocation
CUST-005301,2023-10-21,South,Month-to-month,Credit card,Fiber optic,5,122.41,612.05,2,1,Frequent service outages
CUST-005302,2022-12-02,Midwest,Month-to-month,Electronic check,DSL,40,66.5,2660.0,2,0,
CUST-005303,2022-02-01,Northeast,Month-to-month,Credit card,DSL,13,45.45,590.85,2,0,
CUST-005304,2024-04-15,Northeast,One year,Electronic check,Fiber optic,11,96.78,1064.58,2,1,Moving / relocation
CUST-005305,2022-01-23,Northeast,One year,Credit card,Fiber optic,17,73.41,1247.97,0,1,Price too high
CUST-005306,2024-05-08,Northeast,Two year,Credit card,Fiber optic,26,113.51,2951.26,1,0,
CUST-005307,2022-10-19,West,Month-to-month,Bank transfer,DSL,29,75.77,2197.33,3,1,Competitor offered better deal
CUST-005308,2023-02-23,West,Month-to-month,Credit card,DSL,2,69.66,139.32,3,0,
CUST-005309,2022-05-02,South,Month-to-month,Bank transfer,DSL,5,114.25,571.25,0,1,Poor customer service
CUST-005310,2022-11-04,Midwest,Month-to-month,Mailed check,DSL,11,42.85,471.35,1,0,
CUST-005311,2023-06-15,South,Month-to-month,Credit card,Fiber optic,10,58.13,581.3,1,0,
CUST-005312,2023-05-17,West,One year,Electronic check,DSL,37,52.78,1952.86,1,0,
CUST-005313,2025-12-04,Midwest,Month-to-month,Electronic check,Fiber optic,10,34.73,347.3,2,0,
CUST-005314,2022-05-09,Midwest,One year,Electronic check,DSL,29,92.7,2688.3,1,0,
CUST-005315,2023-12-06,West,Month-to-month,Bank transfer,Fiber optic,30,58.65,1759.5,1,0,
CUST-005316,2024-02-13,Midwest,One year,Bank transfer,No internet,38,93.66,3559.08,2,0,
CUST-005317,2025-12-01,West,Month-to-month,Credit card,Fiber optic,9,79.4,714.6,0,1,Competitor offered better deal
CUST-005318,2025-04-17,Northeast,Month-to-month,Credit card,DSL,7,85.14,595.98,3,0,
CUST-005319,2024-06-18,West,One year,Credit card,Fiber optic,21,60.6,1272.6,0,0,
CUST-005320,2024-07-09,Northeast,Month-to-month,Bank transfer,Fiber optic,17,54.9,933.3,0,0,
CUST-005321,2025-08-09,South,Month-to-month,Credit card,DSL,23,72.15,1659.45,1,1,Price too high
CUST-005322,2022-02-01,Midwest,Two year,Electronic check,Fiber optic,21,94.08,1975.68,1,0,
CUST-005323,2025-03-01,West,Month-to-month,Bank transfer,Fiber optic,9,68.98,620.82,2,1,Frequent service outages
CUST-005324,2023-02-03,Northeast,Month-to-month,Electronic check,Fiber optic,29,56.0,1624.0,2,1,Competitor offered better deal
CUST-005325,2024-07-07,South,Two year,Electronic check,Fiber optic,44,47.77,2101.88,2,0,
CUST-005326,2023-11-20,South,Two year,Electronic check,Fiber optic,29,74.84,2170.36,1,0,
CUST-005327,2023-11-07,Midwest,Two year,Electronic check,Fiber optic,34,58.72,1996.48,2,1,Price too high
CUST-005328,2025-08-22,South,Two year,Credit card,Fiber optic,18,68.51,1233.18,1,0,
CUST-005329,2025-07-10,West,One year,Bank transfer,Fiber optic,14,64.95,909.3,1,0,
CUST-005330,2022-09-06,West,Month-to-month,Credit card,Fiber optic,7,60.81,425.67,2,1,Frequent service outages
CUST-005331,2023-08-01,Northeast,One year,Bank transfer,DSL,30,77.02,2310.6,1,0,
CUST-005332,2022-04-19,West,Month-to-month,Bank transfer,Fiber optic,22,83.72,1841.84,1,0,
CUST-005333,2022-12-11,South,One year,Mailed check,Fiber optic,29,131.48,3812.92,2,0,
CUST-005334,2024-02-13,Midwest,Two year,Credit card,DSL,38,89.35,3395.3,2,0,
CUST-005335,2022-12-09,West,Month-to-month,Electronic check,Fiber optic,23,116.74,2685.02,1,1,Price too high
CUST-005336,2024-03-28,South,One year,Bank transfer,Fiber optic,6,53.95,323.7,3,1,Frequent service outages
CUST-005337,2024-04-05,South,One year,Credit card,DSL,21,42.0,882.0,1,0,
CUST-005338,2025-12-05,Midwest,Month-to-month,Credit card,DSL,31,69.78,2163.18,0,0,
CUST-005339,2024-12-31,West,Two year,Credit card,Fiber optic,29,92.26,2675.54,2,0,
CUST-005340,2024-03-01,Midwest,One year,Electronic check,Fiber optic,25,87.74,2193.5,0,0,
CUST-005341,2022-07-17,South,Month-to-month,Bank transfer,Fiber optic,22,103.3,2272.6,1,0,
CUST-005342,2022-01-25,South,One year,Electronic check,Fiber optic,45,31.13,1400.85,3,1,Frequent service outages
CUST-005343,2025-03-11,South,Month-to-month,Mailed check,DSL,13,104.68,1360.84,1,1,Moving / relocation
CUST-005344,2024-09-04,Northeast,Month-to-month,Electronic check,DSL,9,78.05,702.45,2,0,
CUST-005345,2025-08-05,South,One year,Credit card,Fiber optic,21,42.77,898.17,2,0,
CUST-005346,2022-10-28,Midwest,Two year,Credit card,DSL,29,88.37,2562.73,3,0,
CUST-005347,2024-03-03,Northeast,Two year,Bank transfer,No internet,30,74.01,2220.3,1,1,Moving / relocation
CUST-005348,2025-04-04,South,Two year,Credit card,No internet,20,79.2,1584.0,2,0,
CUST-005349,2023-05-27,South,Two year,Bank transfer,Fiber optic,17,96.52,1640.84,3,0,
CUST-005350,2023-10-07,South,Month-to-month,Electronic check,No internet,23,80.45,1850.35,2,1,Price too high
CUST-005351,2025-02-14,Midwest,One year,Bank transfer,Fiber optic,3,43.76,131.28,0,0,
CUST-005352,2025-06-14,Midwest,Two year,Electronic check,Fiber optic,26,66.97,1741.22,1,0,
CUST-005353,2023-12-05,Northeast,Month-to-month,Bank transfer,Fiber optic,9,41.78,376.02,0,0,
CUST-005354,2022-09-14,South,Month-to-month,Credit card,Fiber optic,13,86.29,1121.77,4,1,Price too high
CUST-005355,2025-06-18,West,Two year,Mailed check,Fiber optic,27,109.66,2960.82,1,0,
CUST-005356,2024-05-21,South,Two year,Electronic check,Fiber optic,47,47.12,2214.64,4,1,Moving / relocation
CUST-005357,2023-10-08,Midwest,Two year,Electronic check,DSL,10,56.55,565.5,2,0,
CUST-005358,2024-10-22,Midwest,One year,Bank transfer,DSL,44,52.86,2325.84,3,0,
CUST-005359,2023-07-01,Midwest,One year,Electronic check,DSL,5,60.63,303.15,0,0,
CUST-005360,2022-03-05,South,One year,Bank transfer,DSL,25,80.0,2000.0,2,1,Price too high
CUST-005361,2024-03-17,Northeast,Two year,Mailed check,Fiber optic,19,60.84,1155.96,1,1,Frequent service outages
CUST-005362,2023-11-25,Midwest,Two year,Credit card,DSL,48,86.38,4146.24,1,0,
CUST-005363,2025-09-20,West,Two year,Credit card,DSL,32,98.59,3154.88,0,0,
CUST-005364,2024-09-20,South,Two year,Electronic check,Fiber optic,33,99.74,3291.42,1,0,
CUST-005365,2025-09-07,Northeast,Month-to-month,Credit card,No internet,20,49.02,980.4,4,1,Competitor offered better deal
CUST-005366,2024-06-29,Northeast,Two year,Electronic check,DSL,12,109.23,1310.76,1,0,
CUST-005367,2023-08-10,West,One year,Electronic check,DSL,7,112.07,784.49,1,0,
CUST-005368,2022-06-05,West,One year,Mailed check,DSL,41,115.22,4724.02,2,0,
CUST-005369,2025-07-02,Midwest,Month-to-month,Mailed check,DSL,39,66.65,2599.35,2,0,
CUST-005370,2022-02-18,Midwest,Month-to-month,Credit card,DSL,2,55.11,110.22,1,0,
CUST-005371,2025-11-06,West,One year,Credit card,DSL,34,51.16,1739.44,0,0,
CUST-005372,2022-11-14,South,One year,Credit card,Fiber optic,41,49.28,2020.48,2,0,
CUST-005373,2024-05-28,South,One year,Electronic check,Fiber optic,26,70.37,1829.62,3,0,
CUST-005374,2022-12-17,Midwest,Month-to-month,Bank transfer,Fiber optic,18,91.96,1655.28,2,1,Price too high
CUST-005375,2023-11-18,West,Month-to-month,Bank transfer,No internet,17,106.5,1810.5,2,1,Price too high
CUST-005376,2024-05-23,South,Two year,Electronic check,Fiber optic,33,60.02,1980.66,5,0,
CUST-005377,2024-12-31,South,Month-to-month,Credit card,Fiber optic,13,69.24,900.12,1,1,Competitor offered better deal
CUST-005378,2022-02-04,Northeast,One year,Credit card,Fiber optic,18,67.81,1220.58,2,1,Competitor offered better deal
CUST-005379,2025-11-04,Midwest,Month-to-month,Credit card,Fiber optic,20,57.21,1144.2,1,0,
CUST-005380,2023-02-03,Midwest,Two year,Credit card,No internet,18,88.72,1596.96,3,0,
CUST-005381,2024-10-24,Midwest,Month-to-month,Electronic check,DSL,3,78.74,236.22,0,1,Price too high
CUST-005382,2022-12-07,Midwest,One year,Credit card,Fiber optic,2,73.36,146.72,1,0,
CUST-005383,2025-11-17,South,Month-to-month,Credit card,DSL,4,78.62,314.48,0,0,
CUST-005384,2025-05-06,South,Two year,Bank transfer,No internet,21,85.37,1792.77,1,0,
CUST-005385,2022-08-02,South,Month-to-month,Electronic check,DSL,5,85.09,425.45,1,0,
CUST-005386,2023-06-03,South,One year,Mailed check,DSL,20,53.61,1072.2,2,1,Frequent service outages
CUST-005387,2023-09-10,West,Month-to-month,Electronic check,DSL,17,93.39,1587.63,1,1,Price too high
CUST-005388,2024-11-19,Northeast,One year,Electronic check,DSL,11,76.07,836.77,1,0,
CUST-005389,2025-08-21,South,One year,Credit card,No internet,19,61.0,1159.0,4,0,
CUST-005390,2025-04-20,West,One year,Credit card,DSL,12,75.56,906.72,1,0,
CUST-005391,2023-03-21,South,Month-to-month,Credit card,DSL,13,78.28,1017.64,4,1,Frequent service outages
CUST-005392,2024-10-31,Midwest,One year,Electronic check,Fiber optic,12,99.1,1189.2,1,0,
CUST-005393,2025-08-08,South,One year,Bank transfer,Fiber optic,15,50.16,752.4,0,0,
CUST-005394,2022-06-14,West,One year,Bank transfer,Fiber optic,16,107.12,1713.92,0,0,
CUST-005395,2022-11-06,West,Two year,Bank transfer,DSL,33,70.63,2330.79,1,0,
CUST-005396,2024-12-15,South,Month-to-month,Mailed check,No internet,3,59.62,178.86,2,0,
CUST-005397,2023-07-12,South,One year,Credit card,Fiber optic,11,59.04,649.44,2,0,
CUST-005398,2025-05-25,West,Month-to-month,Credit card,Fiber optic,6,50.88,305.28,3,0,
CUST-005399,2025-06-23,South,One year,Credit card,DSL,12,40.16,481.92,0,1,Price too high
CUST-005400,2023-07-02,Midwest,Two year,Electronic check,Fiber optic,28,87.07,2437.96,3,0,
CUST-005401,2025-12-24,Northeast,One year,Mailed check,Fiber optic,47,132.14,6210.58,1,0,
CUST-005402,2025-07-20,Northeast,Month-to-month,Bank transfer,DSL,8,41.78,334.24,1,0,
CUST-005403,2023-02-03,Midwest,Month-to-month,Bank transfer,Fiber optic,3,51.72,155.16,4,1,Competitor offered better deal
CUST-005404,2024-10-04,Northeast,Two year,Credit card,DSL,26,89.17,2318.42,1,0,
CUST-005405,2023-10-02,South,Month-to-month,Electronic check,DSL,2,69.09,138.18,2,1,Competitor offered better deal
CUST-005406,2024-11-03,West,One year,Electronic check,DSL,27,91.56,2472.12,1,0,
CUST-005407,2024-01-23,South,One year,Credit card,Fiber optic,45,67.86,3053.7,1,0,
CUST-005408,2024-03-09,West,Two year,Bank transfer,Fiber optic,31,58.22,1804.82,2,1,Poor customer service
CUST-005409,2024-04-14,West,Month-to-month,Bank transfer,Fiber optic,2,65.22,130.44,0,0,
CUST-005410,2023-07-15,South,One year,Credit card,Fiber optic,21,32.71,686.91,3,0,
CUST-005411,2024-03-02,Northeast,Month-to-month,Bank transfer,Fiber optic,2,48.62,97.24,1,1,Poor customer service
CUST-005412,2023-04-15,Northeast,Two year,Bank transfer,DSL,25,94.96,2374.0,4,0,
CUST-005413,2025-04-22,Midwest,Two year,Electronic check,DSL,10,102.66,1026.6,0,1,Frequent service outages
CUST-005414,2025-03-12,Northeast,One year,Bank transfer,DSL,9,109.94,989.46,2,0,
CUST-005415,2023-04-16,Midwest,One year,Bank transfer,DSL,23,80.73,1856.79,1,0,
CUST-005416,2025-05-11,West,One year,Bank transfer,Fiber optic,17,34.06,579.02,0,0,
CUST-005417,2024-02-05,West,Two year,Bank transfer,Fiber optic,26,57.21,1487.46,1,1,Moving / relocation
CUST-005418,2023-04-30,West,One year,Electronic check,Fiber optic,13,107.11,1392.43,1,0,
CUST-005419,2023-04-29,South,Month-to-month,Mailed check,DSL,17,117.85,2003.45,1,1,Competitor offered better deal
CUST-005420,2024-07-11,West,Two year,Bank transfer,Fiber optic,32,108.42,3469.44,3,0,
CUST-005421,2025-02-12,West,Month-to-month,Bank transfer,Fiber optic,1,65.0,65.0,2,1,Price too high
CUST-005422,2024-11-22,West,Two year,Electronic check,DSL,21,46.15,969.15,0,0,
CUST-005423,2024-07-12,South,Month-to-month,Credit card,Fiber optic,6,69.2,415.2,0,0,
CUST-005424,2022-11-10,South,One year,Mailed check,Fiber optic,18,70.44,1267.92,0,0,
CUST-005425,2023-04-30,Midwest,Two year,Bank transfer,Fiber optic,22,115.7,2545.4,3,0,
CUST-005426,2024-07-09,South,One year,Bank transfer,Fiber optic,18,75.41,1357.38,2,0,
CUST-005427,2022-12-30,Northeast,One year,Bank transfer,DSL,13,70.48,916.24,1,0,
CUST-005428,2023-05-11,Midwest,Month-to-month,Mailed check,DSL,11,71.77,789.47,0,0,
CUST-005429,2023-07-19,West,Month-to-month,Electronic check,DSL,3,79.67,239.01,2,1,Poor customer service
CUST-005430,2023-02-04,South,Month-to-month,Electronic check,DSL,14,85.67,1199.38,0,1,Competitor offered better deal
CUST-005431,2025-04-18,Midwest,One year,Electronic check,Fiber optic,37,55.6,2057.2,2,0,
CUST-005432,2023-04-07,South,Month-to-month,Electronic check,Fiber optic,3,49.98,149.94,1,1,Competitor offered better deal
CUST-005433,2023-07-19,Midwest,Month-to-month,Bank transfer,DSL,2,108.7,217.4,1,1,Moving / relocation
CUST-005434,2023-04-22,Midwest,One year,Bank transfer,Fiber optic,26,41.47,1078.22,0,0,
CUST-005435,2025-11-21,Northeast,Two year,Electronic check,DSL,11,118.4,1302.4,1,0,
CUST-005436,2023-12-25,South,Two year,Bank transfer,DSL,40,38.04,1521.6,0,0,
CUST-005437,2022-02-10,South,One year,Electronic check,Fiber optic,30,58.15,1744.5,2,0,
CUST-005438,2023-06-03,Northeast,Two year,Credit card,Fiber optic,1,95.68,95.68,1,0,
CUST-005439,2025-02-21,Northeast,One year,Bank transfer,DSL,22,70.11,1542.42,0,0,
CUST-005440,2024-11-16,Northeast,Month-to-month,Bank transfer,Fiber optic,22,46.0,1012.0,1,0,
CUST-005441,2022-09-26,West,Month-to-month,Electronic check,DSL,21,80.36,1687.56,0,1,Competitor offered better deal
CUST-005442,2025-08-07,South,Two year,Bank transfer,Fiber optic,10,71.62,716.2,3,0,
CUST-005443,2023-12-06,Midwest,One year,Mailed check,Fiber optic,28,65.42,1831.76,2,0,
CUST-005444,2025-02-03,West,One year,Credit card,DSL,42,57.42,2411.64,0,0,
CUST-005445,2023-05-04,South,Two year,Electronic check,Fiber optic,13,69.33,901.29,1,0,
CUST-005446,2024-03-15,South,Month-to-month,Bank transfer,Fiber optic,3,58.19,174.57,1,0,
CUST-005447,2024-08-10,South,Two year,Credit card,Fiber optic,28,150.0,4200.0,0,0,
CUST-005448,2024-09-23,West,One year,Bank transfer,Fiber optic,20,64.92,1298.4,0,1,Poor customer service
CUST-005449,2024-09-05,Northeast,Two year,Bank transfer,DSL,31,62.2,1928.2,3,0,
CUST-005450,2025-08-04,Northeast,Month-to-month,Credit card,DSL,13,58.95,766.35,1,0,
CUST-005451,2025-01-13,South,One year,Mailed check,Fiber optic,19,123.79,2352.01,1,0,
CUST-005452,2024-05-14,South,Month-to-month,Electronic check,DSL,19,41.49,788.31,1,0,
CUST-005453,2023-05-10,West,Month-to-month,Credit card,Fiber optic,44,78.65,3460.6,2,0,
CUST-005454,2022-03-20,South,Two year,Electronic check,DSL,6,64.94,389.64,1,1,Moving / relocation
CUST-005455,2023-01-17,Northeast,Month-to-month,Credit card,DSL,18,44.46,800.28,1,0,
CUST-005456,2023-03-11,Midwest,Month-to-month,Electronic check,No internet,10,53.94,539.4,1,0,
CUST-005457,2025-05-22,West,Month-to-month,Electronic check,DSL,12,77.59,931.08,0,0,
CUST-005458,2023-04-29,Midwest,Two year,Mailed check,DSL,29,53.16,1541.64,1,0,
CUST-005459,2022-01-25,West,Two year,Credit card,No internet,18,76.18,1371.24,2,0,
CUST-005460,2025-12-08,Northeast,Month-to-month,Electronic check,DSL,8,121.92,975.36,0,0,
CUST-005461,2023-10-26,South,One year,Electronic check,DSL,38,74.04,2813.52,2,0,
CUST-005462,2024-12-14,South,Month-to-month,Electronic check,Fiber optic,1,44.03,44.03,2,1,Moving / relocation
CUST-005463,2022-04-16,Midwest,Two year,Electronic check,DSL,41,53.46,2191.86,3,0,
CUST-005464,2023-09-18,South,Month-to-month,Electronic check,DSL,22,63.99,1407.78,2,0,
CUST-005465,2025-07-03,West,Month-to-month,Credit card,No internet,8,62.63,501.04,2,0,
CUST-005466,2023-05-30,Northeast,One year,Bank transfer,DSL,17,73.6,1251.2,0,0,
CUST-005467,2023-11-14,Northeast,Month-to-month,Mailed check,Fiber optic,3,77.48,232.44,0,0,
CUST-005468,2025-11-06,South,One year,Electronic check,Fiber optic,12,121.97,1463.64,1,0,
CUST-005469,2022-06-15,West,Month-to-month,Electronic check,Fiber optic,4,70.02,280.08,2,0,
CUST-005470,2025-01-23,South,Two year,Mailed check,Fiber optic,20,48.49,969.8,6,0,
CUST-005471,2023-09-07,South,Two year,Mailed check,DSL,26,101.41,2636.66,1,1,Poor customer service
CUST-005472,2022-10-27,Midwest,One year,Credit card,Fiber optic,20,105.02,2100.4,3,0,
CUST-005473,2022-12-18,Midwest,Two year,Electronic check,Fiber optic,27,75.52,2039.04,2,0,
CUST-005474,2023-11-25,Northeast,Month-to-month,Mailed check,Fiber optic,14,64.79,907.06,3,0,
CUST-005475,2024-03-12,South,Month-to-month,Bank transfer,DSL,1,85.56,85.56,1,1,Competitor offered better deal
CUST-005476,2022-11-26,West,One year,Mailed check,Fiber optic,22,65.53,1441.66,2,0,
CUST-005477,2022-07-12,West,One year,Credit card,Fiber optic,13,36.31,472.03,1,0,
CUST-005478,2025-12-17,South,One year,Bank transfer,DSL,5,83.96,419.8,0,0,
CUST-005479,2024-12-18,South,Month-to-month,Electronic check,Fiber optic,2,93.27,186.54,2,0,
CUST-005480,2024-04-15,South,One year,Credit card,DSL,22,111.18,2445.96,0,0,
CUST-005481,2025-02-28,West,One year,Mailed check,DSL,27,55.49,1498.23,1,0,
CUST-005482,2022-04-29,South,Month-to-month,Electronic check,Fiber optic,7,75.37,527.59,1,0,
CUST-005483,2025-07-07,South,Month-to-month,Bank transfer,DSL,22,75.89,1669.58,0,0,
CUST-005484,2023-03-31,West,Two year,Bank transfer,DSL,22,72.05,1585.1,1,0,
CUST-005485,2022-11-14,West,One year,Electronic check,Fiber optic,29,72.73,2109.17,2,1,Price too high
CUST-005486,2024-02-16,South,One year,Mailed check,Fiber optic,13,70.94,922.22,3,0,
CUST-005487,2025-09-03,West,One year,Credit card,Fiber optic,16,75.02,1200.32,0,0,
CUST-005488,2024-01-20,West,Month-to-month,Bank transfer,Fiber optic,44,88.86,3909.84,2,1,Moving / relocation
CUST-005489,2022-12-25,South,Month-to-month,Bank transfer,Fiber optic,11,103.6,1139.6,6,1,Moving / relocation
CUST-005490,2022-11-19,Midwest,Month-to-month,Bank transfer,No internet,26,55.04,1431.04,0,0,
CUST-005491,2023-07-11,South,Month-to-month,Bank transfer,Fiber optic,34,66.34,2255.56,1,0,
CUST-005492,2024-09-28,Northeast,One year,Bank transfer,No internet,28,61.24,1714.72,4,0,
CUST-005493,2024-08-30,Midwest,Month-to-month,Electronic check,DSL,1,58.5,58.5,4,0,
CUST-005494,2022-12-07,Midwest,One year,Mailed check,DSL,15,41.8,627.0,1,0,
CUST-005495,2024-04-15,West,Two year,Bank transfer,DSL,42,70.65,2967.3,4,0,
CUST-005496,2025-12-07,South,Two year,Bank transfer,DSL,14,81.73,1144.22,3,0,
CUST-005497,2025-05-29,South,Month-to-month,Bank transfer,No internet,1,66.71,66.71,0,0,
CUST-005498,2025-04-19,West,One year,Bank transfer,Fiber optic,14,69.9,978.6,1,0,
CUST-005499,2024-02-29,Northeast,Month-to-month,Bank transfer,Fiber optic,28,80.15,2244.2,2,0,
CUST-005500,2023-10-16,South,Month-to-month,Mailed check,Fiber optic,3,110.12,330.36,0,0,
CUST-005501,2025-05-26,South,One year,Credit card,Fiber optic,22,61.29,1348.38,1,0,
CUST-005502,2023-06-20,South,Month-to-month,Credit card,Fiber optic,17,48.19,819.23,1,1,Price too high
CUST-005503,2023-11-12,West,Month-to-month,Credit card,DSL,3,68.11,204.33,2,0,
CUST-005504,2022-09-16,South,Two year,Credit card,Fiber optic,13,128.09,1665.17,3,1,Price too high
CUST-005505,2024-01-25,Northeast,Month-to-month,Credit card,DSL,10,48.35,483.5,1,0,
CUST-005506,2022-05-04,South,Two year,Electronic check,DSL,44,86.32,3798.08,0,0,
CUST-005507,2023-10-10,Midwest,Month-to-month,Bank transfer,Fiber optic,8,101.55,812.4,0,0,
CUST-005508,2025-01-07,West,Two year,Bank transfer,Fiber optic,6,32.89,197.34,0,0,
CUST-005509,2022-09-13,West,Two year,Bank transfer,DSL,41,79.94,3277.54,1,0,
CUST-005510,2025-07-19,Northeast,Month-to-month,Credit card,Fiber optic,21,85.04,1785.84,1,1,Price too high
CUST-005511,2024-08-11,Midwest,Month-to-month,Mailed check,Fiber optic,3,64.36,193.08,0,0,
CUST-005512,2023-12-31,Northeast,One year,Electronic check,Fiber optic,44,57.01,2508.44,0,0,
CUST-005513,2023-06-24,West,Two year,Electronic check,Fiber optic,29,58.03,1682.87,2,0,
CUST-005514,2025-08-01,Northeast,Month-to-month,Electronic check,DSL,6,63.11,378.66,1,1,Moving / relocation
CUST-005515,2025-06-11,Midwest,Two year,Mailed check,Fiber optic,26,63.65,1654.9,1,1,Frequent service outages
CUST-005516,2025-10-18,Midwest,Month-to-month,Electronic check,Fiber optic,2,59.92,119.84,1,0,
CUST-005517,2024-08-24,South,Two year,Electronic check,DSL,14,62.79,879.06,2,0,
CUST-005518,2024-05-12,West,Month-to-month,Bank transfer,DSL,17,102.62,1744.54,0,1,Poor customer service
CUST-005519,2023-05-16,Northeast,One year,Bank transfer,Fiber optic,22,47.53,1045.66,1,0,
CUST-005520,2023-01-07,Midwest,Two year,Bank transfer,Fiber optic,28,40.06,1121.68,0,0,
CUST-005521,2025-06-11,West,One year,Electronic check,Fiber optic,32,103.15,3300.8,3,1,Frequent service outages
CUST-005522,2025-04-08,Midwest,Month-to-month,Credit card,Fiber optic,17,65.93,1120.81,2,0,
CUST-005523,2023-06-11,Midwest,One year,Electronic check,Fiber optic,36,61.92,2229.12,2,0,
CUST-005524,2022-11-16,Midwest,Two year,Bank transfer,DSL,46,67.65,3111.9,1,0,
CUST-005525,2024-02-01,South,Two year,Credit card,Fiber optic,36,74.96,2698.56,1,1,Competitor offered better deal
CUST-005526,2025-09-19,West,Month-to-month,Credit card,DSL,8,59.28,474.24,2,1,Frequent service outages
CUST-005527,2025-06-07,Midwest,Two year,Bank transfer,Fiber optic,33,82.43,2720.19,1,0,
CUST-005528,2022-10-06,West,Two year,Electronic check,Fiber optic,14,51.53,721.42,0,1,Moving / relocation
CUST-005529,2024-11-05,Northeast,One year,Credit card,No internet,2,63.65,127.3,2,0,
CUST-005530,2023-06-03,West,Month-to-month,Bank transfer,DSL,6,34.51,207.06,0,0,
CUST-005531,2024-04-10,Midwest,Month-to-month,Credit card,DSL,15,102.01,1530.15,3,1,Price too high
CUST-005532,2022-06-26,Northeast,Two year,Mailed check,Fiber optic,1,66.26,66.26,0,1,Competitor offered better deal
CUST-005533,2022-02-17,South,Two year,Credit card,DSL,37,86.87,3214.19,1,0,
CUST-005534,2023-02-18,Midwest,Two year,Credit card,DSL,33,81.66,2694.78,1,0,
CUST-005535,2024-11-11,Northeast,Two year,Bank transfer,Fiber optic,6,83.59,501.54,2,0,
CUST-005536,2024-01-07,South,Month-to-month,Credit card,Fiber optic,19,69.93,1328.67,0,0,
CUST-005537,2023-07-01,Northeast,One year,Bank transfer,Fiber optic,4,79.38,317.52,0,0,
CUST-005538,2023-07-22,South,Two year,Electronic check,DSL,47,51.54,2422.38,0,0,
CUST-005539,2022-04-12,West,Two year,Bank transfer,DSL,46,48.19,2216.74,0,0,
CUST-005540,2024-07-07,Northeast,Two year,Bank transfer,Fiber optic,34,67.87,2307.58,0,0,
CUST-005541,2023-06-18,Midwest,One year,Bank transfer,No internet,21,56.4,1184.4,1,1,Competitor offered better deal
CUST-005542,2023-06-19,South,Month-to-month,Electronic check,No internet,3,110.63,331.89,4,0,
CUST-005543,2024-09-13,South,Two year,Bank transfer,DSL,12,79.05,948.6,2,0,
CUST-005544,2024-04-12,South,One year,Electronic check,Fiber optic,5,55.74,278.7,1,0,
CUST-005545,2022-09-20,Northeast,Month-to-month,Credit card,Fiber optic,16,64.27,1028.32,2,0,
CUST-005546,2024-07-08,South,Two year,Credit card,DSL,5,73.15,365.75,1,0,
CUST-005547,2022-03-08,South,Month-to-month,Electronic check,DSL,12,68.6,823.2,3,0,
CUST-005548,2025-09-14,South,Month-to-month,Credit card,Fiber optic,4,76.47,305.88,1,1,Competitor offered better deal
CUST-005549,2024-02-22,Northeast,Two year,Electronic check,Fiber optic,15,71.66,1074.9,1,0,
CUST-005550,2025-07-12,Northeast,Two year,Bank transfer,No internet,33,44.92,1482.36,0,0,
CUST-005551,2025-11-16,South,Two year,Credit card,Fiber optic,43,35.22,1514.46,3,0,
CUST-005552,2023-01-22,Northeast,Two year,Electronic check,No internet,21,62.21,1306.41,2,0,
CUST-005553,2025-05-10,Midwest,One year,Electronic check,DSL,22,83.88,1845.36,1,0,
CUST-005554,2023-11-20,South,Month-to-month,Credit card,DSL,10,62.43,624.3,1,0,
CUST-005555,2024-11-21,South,Two year,Electronic check,Fiber optic,21,104.14,2186.94,3,1,Competitor offered better deal
CUST-005556,2022-05-26,Northeast,One year,Mailed check,Fiber optic,38,69.06,2624.28,0,0,
CUST-005557,2022-12-16,South,One year,Bank transfer,No internet,8,108.23,865.84,1,0,
CUST-005558,2022-11-21,South,One year,Electronic check,DSL,10,101.35,1013.5,1,0,
CUST-005559,2023-03-01,Midwest,Month-to-month,Electronic check,Fiber optic,26,98.14,2551.64,1,0,
CUST-005560,2023-03-06,South,Month-to-month,Credit card,DSL,10,47.7,477.0,1,1,Poor customer service
CUST-005561,2023-09-21,South,Month-to-month,Bank transfer,Fiber optic,4,70.49,281.96,2,1,Moving / relocation
CUST-005562,2025-10-26,West,One year,Mailed check,DSL,9,103.68,933.12,3,0,
CUST-005563,2022-01-17,West,One year,Bank transfer,Fiber optic,10,76.49,764.9,2,0,
CUST-005564,2025-01-09,South,Month-to-month,Mailed check,Fiber optic,8,83.71,669.68,3,0,
CUST-005565,2025-07-16,Midwest,Month-to-month,Mailed check,Fiber optic,7,44.96,314.72,0,1,Frequent service outages
CUST-005566,2025-08-02,West,Two year,Credit card,DSL,25,129.54,3238.5,3,0,
CUST-005567,2023-05-25,Midwest,Month-to-month,Credit card,Fiber optic,16,54.42,870.72,0,1,Moving / relocation
CUST-005568,2023-03-13,Northeast,One year,Bank transfer,No internet,11,37.03,407.33,1,1,Price too high
CUST-005569,2023-01-04,Midwest,One year,Bank transfer,DSL,13,62.65,814.45,0,0,
CUST-005570,2025-06-08,Northeast,Month-to-month,Credit card,No internet,16,32.03,512.48,1,1,Poor customer service
CUST-005571,2025-01-09,Midwest,Two year,Bank transfer,DSL,42,49.54,2080.68,2,0,
CUST-005572,2025-02-01,West,Two year,Mailed check,Fiber optic,47,150.0,7050.0,2,0,
CUST-005573,2025-04-23,Northeast,Month-to-month,Mailed check,No internet,18,62.08,1117.44,1,0,
CUST-005574,2022-08-01,Northeast,Month-to-month,Electronic check,Fiber optic,34,44.39,1509.26,2,1,Frequent service outages
CUST-005575,2025-08-24,Northeast,Month-to-month,Credit card,No internet,45,70.68,3180.6,2,0,
CUST-005576,2023-04-15,Northeast,Two year,Bank transfer,Fiber optic,39,52.6,2051.4,1,0,
CUST-005577,2025-02-04,South,Two year,Mailed check,DSL,33,92.45,3050.85,0,0,
CUST-005578,2024-11-05,Northeast,Two year,Mailed check,DSL,26,52.74,1371.24,3,0,
CUST-005579,2023-06-19,Midwest,Two year,Credit card,DSL,33,76.45,2522.85,2,0,
CUST-005580,2023-04-22,South,One year,Mailed check,DSL,12,48.57,582.84,1,0,
CUST-005581,2024-07-26,Midwest,Month-to-month,Credit card,Fiber optic,18,150.0,2700.0,3,1,Frequent service outages
CUST-005582,2023-01-03,Northeast,One year,Credit card,Fiber optic,35,82.36,2882.6,0,0,
CUST-005583,2024-06-11,West,Month-to-month,Credit card,Fiber optic,2,66.92,133.84,0,0,
CUST-005584,2025-12-19,Midwest,Month-to-month,Mailed check,No internet,6,63.83,382.98,0,0,
CUST-005585,2023-03-15,West,One year,Credit card,Fiber optic,34,58.72,1996.48,1,1,Poor customer service
CUST-005586,2023-12-09,West,One year,Mailed check,Fiber optic,9,54.95,494.55,1,0,
CUST-005587,2023-02-16,West,Month-to-month,Credit card,Fiber optic,17,54.47,925.99,1,0,
CUST-005588,2023-05-24,South,Month-to-month,Electronic check,DSL,20,119.95,2399.0,0,0,
CUST-005589,2022-03-11,South,Two year,Bank transfer,No internet,42,58.74,2467.08,1,0,
CUST-005590,2023-06-06,Midwest,Two year,Bank transfer,No internet,31,35.47,1099.57,0,0,
CUST-005591,2024-03-19,Northeast,One year,Credit card,Fiber optic,6,48.27,289.62,4,1,Poor customer service
CUST-005592,2024-06-22,South,One year,Electronic check,DSL,36,94.34,3396.24,1,0,
CUST-005593,2023-08-31,Northeast,One year,Electronic check,Fiber optic,3,64.67,194.01,0,0,
CUST-005594,2024-07-31,West,Month-to-month,Credit card,DSL,12,67.16,805.92,0,0,
CUST-005595,2022-01-29,South,One year,Mailed check,DSL,43,101.94,4383.42,3,0,
CUST-005596,2025-06-18,Northeast,Two year,Mailed check,Fiber optic,26,54.67,1421.42,0,0,
CUST-005597,2022-11-18,South,Two year,Electronic check,DSL,3,85.83,257.49,1,1,Frequent service outages
CUST-005598,2024-08-18,South,Two year,Credit card,Fiber optic,19,56.62,1075.78,0,0,
CUST-005599,2022-07-12,South,Month-to-month,Bank transfer,Fiber optic,5,84.29,421.45,1,0,
CUST-005600,2025-10-01,South,Month-to-month,Bank transfer,Fiber optic,14,61.86,866.04,4,1,Frequent service outages
CUST-005601,2023-08-16,West,Two year,Credit card,Fiber optic,25,64.89,1622.25,1,0,
CUST-005602,2024-04-19,Northeast,Two year,Credit card,Fiber optic,10,91.14,911.4,0,0,
CUST-005603,2023-08-21,Northeast,Month-to-month,Bank transfer,Fiber optic,1,89.07,89.07,3,1,Frequent service outages
CUST-005604,2023-12-22,Northeast,Month-to-month,Electronic check,DSL,36,66.49,2393.64,2,1,Price too high
CUST-005605,2025-04-02,Midwest,One year,Bank transfer,DSL,43,60.28,2592.04,1,0,
CUST-005606,2025-02-21,West,Month-to-month,Bank transfer,No internet,5,116.95,584.75,1,1,Poor customer service
CUST-005607,2022-07-15,South,One year,Electronic check,Fiber optic,33,84.66,2793.78,1,0,
CUST-005608,2022-11-08,Northeast,One year,Credit card,DSL,24,61.86,1484.64,0,0,
CUST-005609,2023-05-11,West,Month-to-month,Mailed check,No internet,6,56.88,341.28,2,0,
CUST-005610,2024-07-15,Northeast,One year,Mailed check,Fiber optic,9,97.32,875.88,1,0,
CUST-005611,2024-05-22,Midwest,One year,Bank transfer,DSL,20,72.74,1454.8,2,0,
CUST-005612,2023-08-08,West,Month-to-month,Credit card,No internet,18,66.53,1197.54,1,0,
CUST-005613,2023-02-01,Midwest,One year,Electronic check,DSL,26,72.73,1890.98,1,0,
CUST-005614,2022-07-15,Midwest,Two year,Mailed check,Fiber optic,24,78.11,1874.64,0,0,
CUST-005615,2022-03-30,Northeast,One year,Bank transfer,Fiber optic,34,68.85,2340.9,1,0,
CUST-005616,2023-04-10,Northeast,Two year,Credit card,Fiber optic,17,103.05,1751.85,0,1,Frequent service outages
CUST-005617,2025-05-01,Northeast,Month-to-month,Mailed check,DSL,15,104.9,1573.5,0,1,Frequent service outages
CUST-005618,2024-07-12,West,One year,Mailed check,DSL,14,83.11,1163.54,3,1,Price too high
CUST-005619,2023-08-31,South,Two year,Credit card,Fiber optic,47,108.84,5115.48,0,0,
CUST-005620,2025-10-07,Midwest,Month-to-month,Bank transfer,Fiber optic,2,70.3,140.6,0,1,Competitor offered better deal
CUST-005621,2025-12-12,West,Month-to-month,Electronic check,Fiber optic,2,87.44,174.88,1,0,
CUST-005622,2024-03-17,Midwest,Two year,Electronic check,DSL,4,96.68,386.72,2,0,
CUST-005623,2024-01-22,Midwest,Month-to-month,Bank transfer,Fiber optic,15,97.13,1456.95,1,0,
CUST-005624,2023-08-27,West,One year,Bank transfer,Fiber optic,29,93.98,2725.42,1,1,Price too high
CUST-005625,2025-04-04,Midwest,Two year,Electronic check,DSL,15,85.8,1287.0,1,0,
CUST-005626,2025-07-31,West,Month-to-month,Mailed check,Fiber optic,34,131.14,4458.76,3,0,
CUST-005627,2025-01-31,Midwest,Two year,Credit card,DSL,30,58.99,1769.7,1,0,
CUST-005628,2022-10-19,West,One year,Bank transfer,Fiber optic,3,66.71,200.13,3,1,Poor customer service
CUST-005629,2024-08-07,Midwest,Two year,Bank transfer,DSL,32,65.45,2094.4,0,0,
CUST-005630,2022-04-29,Midwest,Month-to-month,Electronic check,DSL,3,62.32,186.96,1,0,
CUST-005631,2022-10-11,South,Month-to-month,Mailed check,Fiber optic,27,37.1,1001.7,1,1,Price too high
CUST-005632,2023-04-18,Midwest,Two year,Credit card,Fiber optic,16,108.85,1741.6,3,0,
CUST-005633,2022-03-09,Northeast,One year,Bank transfer,No internet,1,50.48,50.48,4,1,Price too high
CUST-005634,2022-05-08,Midwest,Month-to-month,Electronic check,DSL,21,74.02,1554.42,2,0,
CUST-005635,2023-01-02,South,Month-to-month,Bank transfer,Fiber optic,17,44.48,756.16,3,1,Price too high
CUST-005636,2023-09-05,Northeast,One year,Electronic check,DSL,32,85.51,2736.32,2,1,Competitor offered better deal
CUST-005637,2022-07-24,West,Month-to-month,Mailed check,Fiber optic,18,54.53,981.54,5,0,
CUST-005638,2022-12-19,Midwest,Two year,Electronic check,DSL,32,48.74,1559.68,0,1,Competitor offered better deal
CUST-005639,2023-08-17,Northeast,Two year,Credit card,DSL,8,74.6,596.8,2,0,
CUST-005640,2022-10-02,South,Month-to-month,Bank transfer,Fiber optic,22,56.02,1232.44,0,1,Moving / relocation
CUST-005641,2025-10-28,West,Two year,Bank transfer,DSL,34,58.34,1983.56,4,0,
CUST-005642,2022-10-09,South,Two year,Mailed check,Fiber optic,21,74.07,1555.47,2,0,
CUST-005643,2023-03-25,South,Two year,Credit card,DSL,30,90.56,2716.8,1,0,
CUST-005644,2022-12-30,South,Two year,Electronic check,Fiber optic,28,53.95,1510.6,1,0,
CUST-005645,2023-06-21,Northeast,One year,Electronic check,No internet,44,51.05,2246.2,0,0,
CUST-005646,2024-02-29,Midwest,Two year,Credit card,DSL,4,70.63,282.52,1,0,
CUST-005647,2023-05-17,South,Month-to-month,Credit card,DSL,21,83.31,1749.51,1,0,
CUST-005648,2022-01-03,West,One year,Electronic check,Fiber optic,13,111.95,1455.35,1,0,
CUST-005649,2024-06-19,Midwest,One year,Electronic check,Fiber optic,28,49.76,1393.28,3,0,
CUST-005650,2024-06-20,Northeast,Month-to-month,Bank transfer,DSL,48,63.32,3039.36,1,1,Price too high
CUST-005651,2025-09-27,Midwest,Two year,Electronic check,Fiber optic,30,102.13,3063.9,3,1,Price too high
CUST-005652,2024-10-25,West,One year,Bank transfer,No internet,10,131.81,1318.1,0,1,Poor customer service
CUST-005653,2025-09-27,West,Month-to-month,Bank transfer,DSL,5,51.02,255.1,1,0,
CUST-005654,2024-11-10,South,One year,Bank transfer,No internet,34,55.34,1881.56,2,0,
CUST-005655,2025-02-21,South,Month-to-month,Mailed check,Fiber optic,18,79.2,1425.6,3,0,
CUST-005656,2024-01-12,South,Month-to-month,Credit card,Fiber optic,8,58.27,466.16,3,0,
CUST-005657,2024-09-26,West,Month-to-month,Credit card,Fiber optic,20,54.98,1099.6,1,1,Frequent service outages
CUST-005658,2023-11-10,South,Two year,Bank transfer,No internet,39,75.81,2956.59,5,0,
CUST-005659,2023-05-01,West,Two year,Mailed check,Fiber optic,28,115.1,3222.8,0,1,Price too high
CUST-005660,2024-05-29,West,One year,Credit card,DSL,9,46.11,414.99,0,1,Price too high
CUST-005661,2023-11-14,Midwest,One year,Mailed check,DSL,8,113.24,905.92,3,0,
CUST-005662,2023-03-13,Midwest,One year,Electronic check,No internet,16,58.33,933.28,0,0,
CUST-005663,2025-11-06,South,Month-to-month,Electronic check,No internet,22,78.31,1722.82,1,1,Frequent service outages
CUST-005664,2022-06-17,Midwest,Month-to-month,Mailed check,DSL,33,116.64,3849.12,2,0,
CUST-005665,2022-06-24,Midwest,One year,Electronic check,Fiber optic,18,77.8,1400.4,1,0,
CUST-005666,2024-01-13,Midwest,Month-to-month,Credit card,DSL,5,63.74,318.7,2,0,
CUST-005667,2022-01-27,West,Two year,Electronic check,DSL,15,88.22,1323.3,3,0,
CUST-005668,2025-06-20,South,One year,Mailed check,DSL,34,66.33,2255.22,2,0,
CUST-005669,2023-04-16,South,One year,Credit card,Fiber optic,17,82.83,1408.11,0,0,
CUST-005670,2023-12-12,South,One year,Electronic check,DSL,29,65.66,1904.14,1,1,Price too high
CUST-005671,2024-04-11,South,One year,Bank transfer,Fiber optic,22,92.35,2031.7,4,1,Poor customer service
CUST-005672,2023-02-13,West,Two year,Credit card,DSL,17,44.87,762.79,0,0,
CUST-005673,2022-06-19,Midwest,Month-to-month,Electronic check,Fiber optic,13,50.69,658.97,1,0,
CUST-005674,2022-11-05,South,Month-to-month,Mailed check,DSL,13,44.66,580.58,2,1,Price too high
CUST-005675,2022-05-13,Midwest,One year,Electronic check,Fiber optic,13,68.85,895.05,0,0,
CUST-005676,2022-04-07,West,Month-to-month,Bank transfer,Fiber optic,20,42.97,859.4,1,1,Price too high
CUST-005677,2024-10-24,South,Month-to-month,Mailed check,No internet,17,56.18,955.06,7,1,Moving / relocation
CUST-005678,2025-09-13,South,Two year,Credit card,DSL,27,49.19,1328.13,2,0,
CUST-005679,2023-08-10,Midwest,Month-to-month,Bank transfer,Fiber optic,15,112.56,1688.4,1,1,Competitor offered better deal
CUST-005680,2023-04-24,West,Month-to-month,Bank transfer,DSL,4,51.06,204.24,1,0,
CUST-005681,2023-07-05,Midwest,Month-to-month,Credit card,DSL,14,46.45,650.3,4,1,Price too high
CUST-005682,2025-08-05,West,One year,Electronic check,DSL,43,75.9,3263.7,2,1,Poor customer service
CUST-005683,2023-02-20,Northeast,Two year,Credit card,Fiber optic,20,120.28,2405.6,1,0,
CUST-005684,2025-10-12,Midwest,Month-to-month,Bank transfer,DSL,13,67.55,878.15,0,0,
CUST-005685,2023-02-21,Northeast,One year,Bank transfer,Fiber optic,35,69.24,2423.4,1,1,Frequent service outages
CUST-005686,2023-10-12,Northeast,Month-to-month,Bank transfer,DSL,4,105.96,423.84,2,1,Frequent service outages
CUST-005687,2023-02-14,South,Two year,Electronic check,Fiber optic,22,92.85,2042.7,0,0,
CUST-005688,2023-09-09,West,Month-to-month,Credit card,DSL,18,80.33,1445.94,1,1,Poor customer service
CUST-005689,2024-09-23,South,Two year,Bank transfer,Fiber optic,33,58.19,1920.27,1,0,
CUST-005690,2023-04-07,South,Month-to-month,Credit card,Fiber optic,6,81.12,486.72,0,0,
CUST-005691,2022-03-04,Northeast,Month-to-month,Credit card,No internet,1,45.36,45.36,0,0,
CUST-005692,2024-07-21,West,Month-to-month,Bank transfer,No internet,14,57.42,803.88,0,0,
CUST-005693,2024-10-25,Midwest,Month-to-month,Credit card,No internet,6,110.84,665.04,0,0,
CUST-005694,2022-11-09,South,Month-to-month,Electronic check,DSL,17,106.34,1807.78,3,1,Competitor offered better deal
CUST-005695,2024-09-30,West,One year,Electronic check,Fiber optic,43,80.64,3467.52,0,0,
CUST-005696,2023-05-09,Northeast,Month-to-month,Mailed check,DSL,5,37.81,189.05,1,1,Price too high
CUST-005697,2024-10-12,Midwest,Month-to-month,Electronic check,Fiber optic,6,47.63,285.78,3,1,Price too high
CUST-005698,2023-03-07,West,Month-to-month,Bank transfer,Fiber optic,11,56.41,620.51,0,1,Price too high
CUST-005699,2022-04-16,Northeast,Month-to-month,Electronic check,Fiber optic,3,66.36,199.08,0,1,Competitor offered better deal
CUST-005700,2023-07-02,Midwest,Two year,Bank transfer,Fiber optic,28,46.99,1315.72,1,1,Poor customer service
CUST-005701,2022-05-10,West,One year,Credit card,Fiber optic,13,64.79,842.27,1,0,
CUST-005702,2022-04-19,Northeast,One year,Credit card,Fiber optic,27,123.41,3332.07,0,0,
CUST-005703,2022-11-18,South,Month-to-month,Mailed check,DSL,20,79.7,1594.0,4,1,Price too high
CUST-005704,2024-02-12,South,Two year,Credit card,No internet,32,75.19,2406.08,2,0,
CUST-005705,2022-08-19,Midwest,One year,Credit card,Fiber optic,9,50.62,455.58,2,0,
CUST-005706,2022-05-14,Northeast,Two year,Credit card,Fiber optic,28,41.49,1161.72,4,1,Moving / relocation
CUST-005707,2023-07-13,West,Month-to-month,Electronic check,Fiber optic,30,47.32,1419.6,1,0,
CUST-005708,2025-02-18,Midwest,Month-to-month,Bank transfer,DSL,24,40.96,983.04,1,0,
CUST-005709,2023-03-27,West,Month-to-month,Electronic check,Fiber optic,2,71.81,143.62,0,0,
CUST-005710,2023-09-06,West,Two year,Electronic check,DSL,13,79.27,1030.51,1,0,
CUST-005711,2025-06-28,Northeast,Two year,Electronic check,Fiber optic,20,51.48,1029.6,2,0,
CUST-005712,2024-12-11,Midwest,Month-to-month,Bank transfer,DSL,39,73.5,2866.5,0,0,
CUST-005713,2023-09-16,South,One year,Electronic check,DSL,16,112.18,1794.88,1,1,Frequent service outages
CUST-005714,2022-07-10,South,Two year,Mailed check,Fiber optic,10,131.17,1311.7,3,1,Moving / relocation
CUST-005715,2024-08-15,South,Two year,Bank transfer,No internet,15,89.71,1345.65,2,0,
CUST-005716,2024-04-25,South,One year,Mailed check,DSL,12,66.29,795.48,4,0,
CUST-005717,2023-02-14,West,Month-to-month,Mailed check,Fiber optic,15,88.78,1331.7,3,1,Poor customer service
CUST-005718,2022-10-07,West,Two year,Credit card,DSL,41,108.05,4430.05,4,0,
CUST-005719,2023-02-18,South,Month-to-month,Credit card,Fiber optic,1,36.88,36.88,2,0,
CUST-005720,2024-04-26,Midwest,One year,Credit card,No internet,33,112.65,3717.45,0,0,
CUST-005721,2023-08-06,Northeast,One year,Bank transfer,Fiber optic,37,58.89,2178.93,1,1,Frequent service outages
CUST-005722,2023-09-10,South,One year,Electronic check,No internet,30,59.08,1772.4,1,0,
CUST-005723,2025-02-13,Northeast,Month-to-month,Electronic check,DSL,42,62.58,2628.36,0,1,Competitor offered better deal
CUST-005724,2024-08-02,Northeast,Month-to-month,Bank transfer,DSL,2,77.67,155.34,0,1,Price too high
CUST-005725,2025-04-14,Northeast,Two year,Credit card,Fiber optic,16,49.13,786.08,2,0,
CUST-005726,2022-05-13,West,One year,Electronic check,Fiber optic,7,64.0,448.0,1,0,
CUST-005727,2024-10-22,South,Two year,Electronic check,No internet,38,82.94,3151.72,0,0,
CUST-005728,2025-08-10,West,Two year,Credit card,DSL,8,75.18,601.44,0,0,
CUST-005729,2023-06-08,Northeast,One year,Bank transfer,No internet,5,79.19,395.95,0,0,
CUST-005730,2023-12-06,South,Two year,Mailed check,DSL,30,63.2,1896.0,2,1,Poor customer service
CUST-005731,2023-02-25,South,Two year,Credit card,DSL,36,87.53,3151.08,3,0,
CUST-005732,2024-09-10,West,One year,Bank transfer,No internet,9,98.3,884.7,2,1,Competitor offered better deal
CUST-005733,2024-02-26,South,Month-to-month,Credit card,DSL,15,96.43,1446.45,1,0,
CUST-005734,2023-01-10,Northeast,Two year,Mailed check,Fiber optic,1,80.39,80.39,1,1,Price too high
CUST-005735,2022-03-20,South,One year,Mailed check,DSL,44,94.67,4165.48,2,0,
CUST-005736,2024-11-22,Midwest,Two year,Electronic check,Fiber optic,9,92.64,833.76,0,0,
CUST-005737,2024-03-09,Midwest,Month-to-month,Mailed check,DSL,22,150.0,3300.0,3,1,Price too high
CUST-005738,2025-10-05,West,One year,Electronic check,Fiber optic,29,103.52,3002.08,0,0,
CUST-005739,2022-12-14,South,One year,Electronic check,No internet,17,68.14,1158.38,1,0,
CUST-005740,2025-10-29,South,Month-to-month,Electronic check,No internet,3,52.37,157.11,2,1,Competitor offered better deal
CUST-005741,2023-11-22,West,One year,Bank transfer,No internet,42,64.49,2708.58,2,0,
CUST-005742,2025-03-10,West,One year,Electronic check,Fiber optic,2,63.04,126.08,0,1,Frequent service outages
CUST-005743,2023-07-09,South,One year,Electronic check,DSL,48,82.57,3963.36,1,1,Price too high
CUST-005744,2023-08-08,West,Month-to-month,Bank transfer,Fiber optic,3,56.03,168.09,2,0,
CUST-005745,2024-08-07,South,Month-to-month,Electronic check,Fiber optic,2,102.67,205.34,1,1,Poor customer service
CUST-005746,2022-09-26,West,Month-to-month,Electronic check,DSL,2,44.94,89.88,4,0,
CUST-005747,2025-05-16,South,One year,Credit card,Fiber optic,32,41.58,1330.56,0,0,
CUST-005748,2023-01-24,West,Month-to-month,Bank transfer,Fiber optic,5,67.14,335.7,1,0,
CUST-005749,2024-04-26,West,Month-to-month,Credit card,DSL,23,53.54,1231.42,1,0,
CUST-005750,2025-01-04,Midwest,Two year,Electronic check,DSL,9,46.87,421.83,1,0,
CUST-005751,2023-07-12,West,Month-to-month,Bank transfer,Fiber optic,46,57.18,2630.28,4,1,Frequent service outages
CUST-005752,2023-02-18,South,One year,Electronic check,DSL,6,54.94,329.64,0,0,
CUST-005753,2024-08-08,West,Month-to-month,Mailed check,No internet,2,70.33,140.66,3,0,
CUST-005754,2023-02-15,South,Month-to-month,Credit card,Fiber optic,20,57.48,1149.6,3,1,Poor customer service
CUST-005755,2023-11-29,West,Two year,Credit card,DSL,3,59.0,177.0,1,0,
CUST-005756,2023-02-05,South,One year,Bank transfer,DSL,29,70.0,2030.0,0,1,Price too high
CUST-005757,2024-05-23,South,Month-to-month,Electronic check,Fiber optic,2,96.99,193.98,1,0,
CUST-005758,2023-04-14,West,Two year,Bank transfer,Fiber optic,39,112.24,4377.36,0,0,
CUST-005759,2024-09-11,West,Two year,Bank transfer,Fiber optic,26,73.5,1911.0,1,0,
CUST-005760,2024-03-07,South,Month-to-month,Bank transfer,DSL,1,75.35,75.35,1,1,Competitor offered better deal
CUST-005761,2022-04-15,West,Two year,Bank transfer,DSL,7,66.11,462.77,2,0,
CUST-005762,2024-10-13,Midwest,Two year,Bank transfer,Fiber optic,12,81.78,981.36,1,0,
CUST-005763,2024-10-03,South,One year,Mailed check,Fiber optic,15,79.43,1191.45,2,0,
CUST-005764,2023-07-23,West,Month-to-month,Bank transfer,DSL,2,107.15,214.3,3,0,
CUST-005765,2024-03-10,Northeast,Month-to-month,Electronic check,Fiber optic,5,38.31,191.55,4,0,
CUST-005766,2023-07-19,West,Month-to-month,Bank transfer,Fiber optic,16,65.04,1040.64,1,0,
CUST-005767,2024-03-14,South,One year,Bank transfer,No internet,23,78.14,1797.22,2,0,
CUST-005768,2025-04-28,Midwest,Month-to-month,Mailed check,Fiber optic,24,69.52,1668.48,2,1,Moving / relocation
CUST-005769,2022-03-30,West,Month-to-month,Mailed check,DSL,5,51.91,259.55,1,0,
CUST-005770,2022-10-17,South,Month-to-month,Bank transfer,Fiber optic,3,46.26,138.78,0,0,
CUST-005771,2024-05-31,South,Month-to-month,Bank transfer,Fiber optic,24,90.74,2177.76,2,1,Moving / relocation
CUST-005772,2024-06-11,South,Month-to-month,Electronic check,Fiber optic,16,55.02,880.32,1,0,
CUST-005773,2024-10-20,Northeast,Month-to-month,Mailed check,No internet,30,39.98,1199.4,2,0,
CUST-005774,2024-03-22,South,Month-to-month,Electronic check,DSL,2,92.21,184.42,0,1,Moving / relocation
CUST-005775,2024-08-06,South,One year,Mailed check,Fiber optic,18,81.2,1461.6,1,1,Moving / relocation
CUST-005776,2023-11-03,West,Month-to-month,Bank transfer,DSL,11,67.55,743.05,1,0,
CUST-005777,2022-02-25,West,Month-to-month,Mailed check,DSL,13,52.32,680.16,2,1,Frequent service outages
CUST-005778,2025-08-11,South,Month-to-month,Mailed check,DSL,8,67.61,540.88,5,1,Price too high
CUST-005779,2023-06-12,West,One year,Electronic check,DSL,23,103.44,2379.12,1,0,
CUST-005780,2022-01-18,West,Month-to-month,Mailed check,DSL,10,41.82,418.2,0,0,
CUST-005781,2024-07-08,South,Month-to-month,Electronic check,Fiber optic,4,42.5,170.0,1,1,Frequent service outages
CUST-005782,2025-03-18,West,One year,Credit card,DSL,11,57.35,630.85,2,0,
CUST-005783,2023-04-03,South,Month-to-month,Bank transfer,DSL,23,69.51,1598.73,0,1,Frequent service outages
CUST-005784,2023-08-19,Midwest,Month-to-month,Bank transfer,DSL,44,59.81,2631.64,5,0,
CUST-005785,2025-10-30,South,Month-to-month,Electronic check,DSL,21,86.12,1808.52,2,1,Frequent service outages
CUST-005786,2025-04-19,South,Month-to-month,Credit card,DSL,5,99.33,496.65,0,1,Moving / relocation
CUST-005787,2025-01-15,South,One year,Bank transfer,DSL,34,76.65,2606.1,1,0,
CUST-005788,2023-10-23,Northeast,Two year,Mailed check,No internet,8,83.88,671.04,1,0,
CUST-005789,2022-07-13,Midwest,Month-to-month,Bank transfer,DSL,40,76.48,3059.2,2,1,Price too high
CUST-005790,2022-09-23,Midwest,Month-to-month,Mailed check,DSL,19,70.32,1336.08,1,0,
CUST-005791,2025-05-07,West,Two year,Credit card,DSL,38,46.34,1760.92,1,0,
CUST-005792,2024-04-05,Midwest,Two year,Electronic check,Fiber optic,7,50.45,353.15,0,0,
CUST-005793,2023-09-13,Northeast,One year,Credit card,DSL,23,45.5,1046.5,3,1,Competitor offered better deal
CUST-005794,2025-11-22,Midwest,One year,Credit card,DSL,29,66.85,1938.65,3,0,
CUST-005795,2022-09-19,Midwest,Month-to-month,Bank transfer,Fiber optic,9,75.51,679.59,2,1,Frequent service outages
CUST-005796,2022-06-07,Northeast,One year,Credit card,DSL,4,44.09,176.36,0,1,Poor customer service
CUST-005797,2023-04-17,Midwest,One year,Electronic check,Fiber optic,37,71.75,2654.75,2,0,
CUST-005798,2025-07-16,South,One year,Bank transfer,Fiber optic,45,52.98,2384.1,3,0,
CUST-005799,2025-06-24,West,One year,Mailed check,Fiber optic,41,49.79,2041.39,2,0,
CUST-005800,2024-06-29,South,Month-to-month,Mailed check,Fiber optic,15,57.39,860.85,0,0,
CUST-005801,2022-08-01,South,One year,Bank transfer,DSL,9,48.98,440.82,0,0,
CUST-005802,2025-04-16,South,Month-to-month,Bank transfer,DSL,18,85.13,1532.34,0,0,
CUST-005803,2025-06-15,South,One year,Bank transfer,Fiber optic,32,66.44,2126.08,1,0,
CUST-005804,2025-04-20,South,Month-to-month,Electronic check,Fiber optic,30,91.0,2730.0,2,0,
CUST-005805,2025-03-10,Midwest,One year,Mailed check,Fiber optic,23,60.83,1399.09,1,0,
CUST-005806,2022-06-29,Northeast,Month-to-month,Electronic check,DSL,11,61.57,677.27,1,0,
CUST-005807,2025-10-03,South,Two year,Bank transfer,DSL,19,127.67,2425.73,2,0,
CUST-005808,2023-08-04,Midwest,One year,Electronic check,DSL,32,41.7,1334.4,0,0,
CUST-005809,2025-03-15,Midwest,One year,Mailed check,Fiber optic,25,105.75,2643.75,2,0,
CUST-005810,2024-04-16,South,One year,Credit card,Fiber optic,28,119.04,3333.12,4,1,Price too high
CUST-005811,2023-06-11,South,One year,Credit card,No internet,17,89.57,1522.69,2,0,
CUST-005812,2025-04-09,Northeast,Month-to-month,Bank transfer,No internet,10,63.07,630.7,2,0,
CUST-005813,2023-03-27,Northeast,Month-to-month,Electronic check,DSL,19,110.68,2102.92,0,0,
CUST-005814,2023-03-15,West,Month-to-month,Bank transfer,Fiber optic,30,63.25,1897.5,2,0,
CUST-005815,2022-10-18,Midwest,One year,Bank transfer,Fiber optic,43,55.93,2404.99,1,0,
CUST-005816,2025-11-09,Northeast,One year,Electronic check,Fiber optic,5,61.91,309.55,0,0,
CUST-005817,2022-08-01,South,Month-to-month,Credit card,Fiber optic,1,58.41,58.41,1,1,Price too high
CUST-005818,2022-03-04,West,Two year,Mailed check,DSL,25,51.78,1294.5,1,0,
CUST-005819,2022-03-21,South,Two year,Mailed check,Fiber optic,8,100.0,800.0,1,0,
CUST-005820,2024-04-15,South,One year,Bank transfer,No internet,18,54.73,985.14,0,1,Competitor offered better deal
CUST-005821,2022-06-09,West,Month-to-month,Credit card,DSL,45,69.44,3124.8,1,0,
CUST-005822,2024-08-06,Northeast,One year,Credit card,No internet,48,44.17,2120.16,1,0,
CUST-005823,2023-04-17,South,Two year,Electronic check,No internet,8,70.8,566.4,2,0,
CUST-005824,2024-04-21,Midwest,Month-to-month,Bank transfer,Fiber optic,7,48.43,339.01,2,1,Competitor offered better deal
CUST-005825,2025-11-07,South,One year,Credit card,DSL,34,48.05,1633.7,0,0,
CUST-005826,2022-03-29,South,Month-to-month,Bank transfer,DSL,20,67.7,1354.0,0,0,
CUST-005827,2024-02-09,West,Month-to-month,Electronic check,Fiber optic,11,98.32,1081.52,3,0,
CUST-005828,2023-10-26,South,Month-to-month,Bank transfer,Fiber optic,42,80.72,3390.24,1,0,
CUST-005829,2022-01-24,South,Month-to-month,Credit card,Fiber optic,9,82.51,742.59,2,1,Poor customer service
CUST-005830,2022-10-09,South,Two year,Electronic check,Fiber optic,33,67.25,2219.25,0,0,
CUST-005831,2024-05-24,Northeast,One year,Bank transfer,DSL,24,62.97,1511.28,2,0,
CUST-005832,2024-03-05,South,Month-to-month,Bank transfer,Fiber optic,12,90.3,1083.6,2,0,
CUST-005833,2024-09-10,Northeast,Two year,Bank transfer,Fiber optic,35,58.54,2048.9,2,0,
CUST-005834,2023-06-19,South,Month-to-month,Electronic check,DSL,18,91.56,1648.08,0,1,Moving / relocation
CUST-005835,2022-03-16,Midwest,Month-to-month,Electronic check,DSL,19,104.12,1978.28,1,0,
CUST-005836,2025-04-21,Northeast,Month-to-month,Bank transfer,Fiber optic,3,53.56,160.68,2,0,
CUST-005837,2022-10-27,West,One year,Electronic check,DSL,40,56.14,2245.6,2,0,
CUST-005838,2022-04-04,Midwest,Month-to-month,Mailed check,No internet,3,58.87,176.61,1,0,
CUST-005839,2022-11-07,South,Month-to-month,Mailed check,Fiber optic,15,43.84,657.6,1,0,
CUST-005840,2023-09-16,South,Two year,Electronic check,DSL,21,60.33,1266.93,4,0,
CUST-005841,2023-01-01,South,Two year,Bank transfer,Fiber optic,28,106.32,2976.96,2,0,
CUST-005842,2025-06-08,Northeast,One year,Credit card,DSL,32,50.17,1605.44,3,0,
CUST-005843,2024-05-02,West,Two year,Mailed check,No internet,33,107.13,3535.29,0,0,
CUST-005844,2024-08-15,Midwest,Month-to-month,Electronic check,Fiber optic,1,61.03,61.03,1,1,Frequent service outages
CUST-005845,2022-03-27,Midwest,Two year,Electronic check,DSL,42,137.89,5791.38,1,0,
CUST-005846,2022-09-15,South,Month-to-month,Bank transfer,Fiber optic,12,56.36,676.32,1,0,
CUST-005847,2024-04-02,West,One year,Bank transfer,DSL,9,66.95,602.55,0,0,
CUST-005848,2025-03-26,West,Month-to-month,Credit card,DSL,28,52.39,1466.92,2,0,
CUST-005849,2025-08-11,West,Month-to-month,Bank transfer,Fiber optic,4,56.26,225.04,1,0,
CUST-005850,2023-05-06,Northeast,One year,Mailed check,No internet,5,107.58,537.9,1,0,
CUST-005851,2025-07-30,West,Month-to-month,Mailed check,DSL,4,81.6,326.4,1,1,Competitor offered better deal
CUST-005852,2024-02-02,Midwest,Month-to-month,Bank transfer,Fiber optic,10,97.44,974.4,0,1,Frequent service outages
CUST-005853,2024-11-04,Midwest,Month-to-month,Electronic check,DSL,14,46.02,644.28,0,0,
CUST-005854,2024-05-06,Midwest,Two year,Mailed check,Fiber optic,9,86.45,778.05,1,1,Poor customer service
CUST-005855,2025-12-03,Midwest,One year,Electronic check,No internet,30,51.37,1541.1,1,0,
CUST-005856,2022-06-22,South,Month-to-month,Bank transfer,Fiber optic,22,45.7,1005.4,0,1,Poor customer service
CUST-005857,2024-03-24,South,One year,Bank transfer,Fiber optic,11,75.67,832.37,2,0,
CUST-005858,2024-08-24,South,Month-to-month,Credit card,DSL,1,75.42,75.42,0,1,Moving / relocation
CUST-005859,2024-02-10,Northeast,Month-to-month,Electronic check,DSL,11,71.31,784.41,3,1,Frequent service outages
CUST-005860,2024-09-26,South,Two year,Credit card,DSL,34,88.2,2998.8,1,0,
CUST-005861,2022-01-05,South,Two year,Bank transfer,Fiber optic,38,92.72,3523.36,3,0,
CUST-005862,2024-07-15,Midwest,One year,Bank transfer,DSL,15,112.2,1683.0,4,0,
CUST-005863,2024-05-27,Midwest,Month-to-month,Bank transfer,Fiber optic,4,47.9,191.6,0,0,
CUST-005864,2024-09-15,Northeast,Month-to-month,Credit card,DSL,15,113.37,1700.55,0,0,
CUST-005865,2024-05-29,Midwest,Two year,Bank transfer,Fiber optic,38,128.04,4865.52,1,0,
CUST-005866,2022-12-18,South,Month-to-month,Electronic check,DSL,4,62.35,249.4,2,0,
CUST-005867,2025-05-28,Northeast,Two year,Mailed check,DSL,39,41.1,1602.9,0,0,
CUST-005868,2022-12-03,West,One year,Credit card,DSL,9,45.03,405.27,2,0,
CUST-005869,2025-01-25,South,Two year,Bank transfer,Fiber optic,13,60.47,786.11,3,0,
CUST-005870,2022-12-30,Northeast,One year,Credit card,DSL,30,133.56,4006.8,0,0,
CUST-005871,2024-10-18,Midwest,Two year,Credit card,DSL,3,70.49,211.47,1,0,
CUST-005872,2023-01-21,Northeast,Month-to-month,Mailed check,No internet,15,57.54,863.1,1,0,
CUST-005873,2025-05-11,West,One year,Credit card,Fiber optic,7,56.3,394.1,0,1,Frequent service outages
CUST-005874,2023-06-14,Midwest,Month-to-month,Mailed check,DSL,11,45.91,505.01,1,0,
CUST-005875,2023-08-27,West,One year,Electronic check,DSL,38,92.75,3524.5,0,0,
CUST-005876,2023-01-01,West,Month-to-month,Bank transfer,No internet,7,68.07,476.49,2,0,
CUST-005877,2023-04-21,Midwest,Month-to-month,Credit card,Fiber optic,3,137.27,411.81,1,0,
CUST-005878,2025-11-14,West,Month-to-month,Bank transfer,Fiber optic,11,85.71,942.81,1,0,
CUST-005879,2025-09-20,Midwest,Month-to-month,Electronic check,No internet,5,91.43,457.15,1,1,Poor customer service
CUST-005880,2022-05-03,Midwest,Two year,Bank transfer,Fiber optic,1,64.88,64.88,0,0,
CUST-005881,2024-06-24,West,Two year,Bank transfer,DSL,12,49.45,593.4,2,0,
CUST-005882,2025-05-24,South,One year,Bank transfer,Fiber optic,9,53.01,477.09,0,1,Frequent service outages
CUST-005883,2024-05-02,South,One year,Mailed check,No internet,35,45.23,1583.05,3,1,Frequent service outages
CUST-005884,2023-06-06,Midwest,Month-to-month,Mailed check,DSL,17,93.82,1594.94,3,1,Poor customer service
CUST-005885,2025-03-12,South,Month-to-month,Bank transfer,Fiber optic,4,61.98,247.92,1,0,
CUST-005886,2024-06-06,West,One year,Electronic check,DSL,34,95.09,3233.06,1,0,
CUST-005887,2022-10-10,Northeast,One year,Credit card,Fiber optic,11,73.22,805.42,1,0,
CUST-005888,2023-04-08,West,Two year,Electronic check,Fiber optic,13,63.83,829.79,1,0,
CUST-005889,2022-04-11,West,Month-to-month,Bank transfer,DSL,25,48.22,1205.5,3,0,
CUST-005890,2025-08-10,Midwest,Month-to-month,Credit card,Fiber optic,21,77.21,1621.41,2,1,Price too high
CUST-005891,2022-10-01,South,Month-to-month,Bank transfer,Fiber optic,7,65.37,457.59,1,0,
CUST-005892,2022-04-07,Northeast,One year,Credit card,DSL,13,93.57,1216.41,3,0,
CUST-005893,2025-09-15,West,Month-to-month,Electronic check,Fiber optic,10,55.76,557.6,4,1,Frequent service outages
CUST-005894,2023-01-22,West,Month-to-month,Mailed check,No internet,24,85.38,2049.12,3,0,
CUST-005895,2024-07-24,Northeast,Month-to-month,Bank transfer,DSL,1,118.52,118.52,1,0,
CUST-005896,2025-11-05,Midwest,Month-to-month,Credit card,No internet,20,76.49,1529.8,0,0,
CUST-005897,2022-06-26,South,Month-to-month,Bank transfer,DSL,2,90.13,180.26,2,0,
CUST-005898,2023-06-07,South,Two year,Electronic check,No internet,14,84.18,1178.52,4,0,
CUST-005899,2022-11-03,Northeast,Month-to-month,Electronic check,Fiber optic,22,128.69,2831.18,0,0,
CUST-005900,2023-01-03,South,One year,Credit card,DSL,44,78.96,3474.24,0,0,
CUST-005901,2025-07-29,South,One year,Bank transfer,No internet,47,87.71,4122.37,3,0,
CUST-005902,2023-03-10,South,One year,Electronic check,DSL,12,69.3,831.6,2,0,
CUST-005903,2022-12-06,Midwest,One year,Bank transfer,No internet,7,54.72,383.04,2,0,
CUST-005904,2022-06-17,Midwest,One year,Electronic check,No internet,30,47.63,1428.9,0,1,Moving / relocation
CUST-005905,2025-01-08,Midwest,One year,Electronic check,Fiber optic,14,105.15,1472.1,2,1,Price too high
CUST-005906,2023-05-12,West,Two year,Credit card,DSL,11,50.77,558.47,1,1,Moving / relocation
CUST-005907,2022-04-08,Northeast,Month-to-month,Bank transfer,Fiber optic,2,89.0,178.0,0,1,Poor customer service
CUST-005908,2023-04-11,South,Month-to-month,Electronic check,No internet,3,80.09,240.27,2,1,Poor customer service
CUST-005909,2025-06-28,Northeast,One year,Credit card,No internet,29,94.04,2727.16,2,0,
CUST-005910,2023-02-12,Northeast,One year,Credit card,DSL,38,59.46,2259.48,1,0,
CUST-005911,2025-04-02,South,Month-to-month,Credit card,Fiber optic,15,54.43,816.45,3,1,Price too high
CUST-005912,2022-04-29,Northeast,Two year,Bank transfer,Fiber optic,25,79.13,1978.25,3,0,
CUST-005913,2023-05-05,South,One year,Credit card,Fiber optic,19,63.84,1212.96,0,0,
CUST-005914,2024-05-18,South,Two year,Electronic check,DSL,12,47.28,567.36,0,0,
CUST-005915,2022-01-11,West,Two year,Credit card,No internet,21,130.36,2737.56,0,0,
CUST-005916,2024-09-30,South,Month-to-month,Mailed check,Fiber optic,1,54.42,54.42,1,1,Poor customer service
CUST-005917,2025-12-28,Northeast,Two year,Electronic check,DSL,21,51.01,1071.21,2,0,
CUST-005918,2024-10-23,South,Month-to-month,Electronic check,DSL,6,64.88,389.28,2,0,
CUST-005919,2025-04-04,Northeast,Month-to-month,Electronic check,DSL,16,104.68,1674.88,1,0,
CUST-005920,2022-08-24,South,Two year,Credit card,Fiber optic,46,35.05,1612.3,1,1,Moving / relocation
CUST-005921,2023-12-28,South,Two year,Credit card,Fiber optic,11,101.94,1121.34,3,0,
CUST-005922,2024-08-03,South,One year,Electronic check,Fiber optic,7,52.37,366.59,0,1,Competitor offered better deal
CUST-005923,2023-10-17,West,One year,Credit card,Fiber optic,14,76.3,1068.2,0,0,
CUST-005924,2025-07-23,Midwest,Month-to-month,Credit card,Fiber optic,13,56.47,734.11,1,0,
CUST-005925,2025-02-05,West,Two year,Electronic check,DSL,14,132.61,1856.54,1,0,
CUST-005926,2025-11-29,West,Month-to-month,Bank transfer,DSL,8,72.96,583.68,1,0,
CUST-005927,2024-12-02,Midwest,Two year,Electronic check,Fiber optic,43,55.89,2403.27,1,0,
CUST-005928,2025-07-30,Midwest,Two year,Electronic check,DSL,35,63.67,2228.45,2,0,
CUST-005929,2025-02-16,Northeast,One year,Bank transfer,DSL,9,72.15,649.35,1,0,
CUST-005930,2022-07-20,West,Month-to-month,Credit card,Fiber optic,8,74.21,593.68,3,0,
CUST-005931,2025-07-02,South,One year,Electronic check,Fiber optic,7,80.67,564.69,3,1,Poor customer service
CUST-005932,2025-10-25,Northeast,One year,Mailed check,Fiber optic,40,70.07,2802.8,1,0,
CUST-005933,2024-08-04,Northeast,One year,Bank transfer,Fiber optic,25,45.12,1128.0,0,0,
CUST-005934,2023-04-19,West,Month-to-month,Bank transfer,DSL,24,62.87,1508.88,4,0,
CUST-005935,2023-09-07,Northeast,Two year,Credit card,Fiber optic,28,85.13,2383.64,4,1,Frequent service outages
CUST-005936,2022-02-13,West,Month-to-month,Bank transfer,Fiber optic,21,56.58,1188.18,0,0,
CUST-005937,2022-01-13,Midwest,Month-to-month,Credit card,Fiber optic,12,86.95,1043.4,0,0,
CUST-005938,2023-06-17,South,One year,Bank transfer,Fiber optic,5,70.82,354.1,1,0,
CUST-005939,2023-04-11,Northeast,One year,Electronic check,DSL,19,65.39,1242.41,3,0,
CUST-005940,2023-03-25,Midwest,One year,Bank transfer,DSL,3,102.73,308.19,0,0,
CUST-005941,2022-11-24,South,One year,Mailed check,DSL,19,40.2,763.8,4,1,Competitor offered better deal
CUST-005942,2024-09-14,West,Month-to-month,Bank transfer,DSL,31,56.48,1750.88,1,0,
CUST-005943,2023-07-12,South,One year,Electronic check,Fiber optic,11,104.0,1144.0,1,1,Competitor offered better deal
CUST-005944,2025-12-08,Midwest,Month-to-month,Electronic check,Fiber optic,8,125.92,1007.36,2,0,
CUST-005945,2025-08-04,South,Two year,Credit card,DSL,19,145.7,2768.3,2,0,
CUST-005946,2024-11-28,Northeast,Month-to-month,Credit card,DSL,10,71.24,712.4,1,1,Moving / relocation
CUST-005947,2025-05-01,South,Two year,Bank transfer,DSL,19,81.17,1542.23,1,1,Competitor offered better deal
CUST-005948,2024-09-17,Midwest,Month-to-month,Credit card,DSL,1,91.07,91.07,2,1,Frequent service outages
CUST-005949,2022-11-11,West,Two year,Credit card,DSL,12,105.43,1265.16,2,0,
CUST-005950,2022-09-05,West,Month-to-month,Electronic check,DSL,37,77.49,2867.13,3,1,Competitor offered better deal
CUST-005951,2024-01-06,South,Two year,Bank transfer,DSL,29,94.29,2734.41,1,0,
CUST-005952,2024-11-17,Midwest,Month-to-month,Electronic check,No internet,44,81.22,3573.68,0,0,
CUST-005953,2024-02-21,West,Two year,Credit card,Fiber optic,14,82.86,1160.04,1,0,
CUST-005954,2023-02-02,Midwest,One year,Electronic check,Fiber optic,41,52.25,2142.25,1,1,Frequent service outages
CUST-005955,2022-04-14,Midwest,One year,Credit card,DSL,25,63.1,1577.5,1,1,Competitor offered better deal
CUST-005956,2023-02-12,Northeast,Two year,Electronic check,Fiber optic,47,59.31,2787.57,1,0,
CUST-005957,2025-07-28,West,One year,Bank transfer,Fiber optic,16,47.92,766.72,2,0,
CUST-005958,2023-09-25,Northeast,Two year,Credit card,DSL,44,41.33,1818.52,0,0,
CUST-005959,2025-08-21,West,One year,Electronic check,DSL,19,61.22,1163.18,4,0,
CUST-005960,2025-07-29,South,Month-to-month,Credit card,DSL,22,64.43,1417.46,1,0,
CUST-005961,2022-07-31,West,One year,Electronic check,Fiber optic,13,72.5,942.5,0,0,
CUST-005962,2022-11-14,South,Month-to-month,Bank transfer,Fiber optic,20,83.75,1675.0,3,1,Price too high
CUST-005963,2024-02-23,Midwest,One year,Bank transfer,DSL,8,74.46,595.68,1,0,
CUST-005964,2025-07-27,South,Month-to-month,Electronic check,Fiber optic,21,64.57,1355.97,1,1,Moving / relocation
CUST-005965,2023-01-15,West,Month-to-month,Bank transfer,Fiber optic,22,52.31,1150.82,2,1,Price too high
CUST-005966,2023-12-27,South,Two year,Bank transfer,DSL,8,92.82,742.56,3,0,
CUST-005967,2023-08-19,Midwest,Two year,Bank transfer,No internet,20,67.86,1357.2,1,0,
CUST-005968,2022-04-11,South,Two year,Bank transfer,Fiber optic,44,61.02,2684.88,2,0,
CUST-005969,2024-02-25,Northeast,One year,Mailed check,Fiber optic,14,66.04,924.56,1,0,
CUST-005970,2024-09-11,South,Month-to-month,Electronic check,Fiber optic,5,55.45,277.25,0,0,
CUST-005971,2024-07-25,South,One year,Electronic check,Fiber optic,37,59.16,2188.92,1,0,
CUST-005972,2024-09-07,Midwest,Month-to-month,Credit card,DSL,10,58.56,585.6,0,0,
CUST-005973,2025-03-18,Midwest,Two year,Mailed check,Fiber optic,36,63.95,2302.2,1,0,
CUST-005974,2025-11-12,West,Month-to-month,Electronic check,Fiber optic,5,86.47,432.35,0,1,Competitor offered better deal
CUST-005975,2025-10-30,Midwest,Two year,Electronic check,No internet,32,79.86,2555.52,1,0,
CUST-005976,2023-04-13,South,Month-to-month,Credit card,Fiber optic,40,115.0,4600.0,2,0,
CUST-005977,2022-07-17,South,Month-to-month,Bank transfer,DSL,41,103.31,4235.71,2,1,Competitor offered better deal
CUST-005978,2022-05-25,South,Two year,Electronic check,No internet,12,131.11,1573.32,3,0,
CUST-005979,2025-02-15,Northeast,Month-to-month,Credit card,DSL,15,83.84,1257.6,1,1,Poor customer service
CUST-005980,2023-10-11,South,Month-to-month,Credit card,Fiber optic,42,83.41,3503.22,0,1,Price too high
CUST-005981,2023-12-23,West,One year,Credit card,Fiber optic,9,59.98,539.82,3,1,Frequent service outages
CUST-005982,2023-02-16,South,Two year,Bank transfer,No internet,27,91.32,2465.64,0,0,
CUST-005983,2023-01-13,South,One year,Mailed check,No internet,40,56.83,2273.2,1,0,
CUST-005984,2024-03-10,Northeast,One year,Electronic check,Fiber optic,46,43.79,2014.34,1,1,Price too high
CUST-005985,2023-01-01,South,Month-to-month,Mailed check,DSL,11,114.25,1256.75,1,0,
CUST-005986,2024-04-10,South,Month-to-month,Bank transfer,Fiber optic,5,47.01,235.05,2,0,
CUST-005987,2025-01-08,West,Month-to-month,Electronic check,Fiber optic,17,80.68,1371.56,0,0,
CUST-005988,2023-05-16,West,One year,Bank transfer,No internet,40,52.89,2115.6,0,1,Moving / relocation
CUST-005989,2024-04-10,Midwest,One year,Bank transfer,Fiber optic,26,100.54,2614.04,3,1,Frequent service outages
CUST-005990,2025-10-24,South,Two year,Bank transfer,Fiber optic,3,105.02,315.06,2,1,Moving / relocation
CUST-005991,2025-01-29,South,Month-to-month,Electronic check,DSL,4,83.04,332.16,0,0,
CUST-005992,2022-09-11,Midwest,One year,Credit card,No internet,17,104.46,1775.82,4,0,
CUST-005993,2023-04-12,Midwest,One year,Bank transfer,DSL,17,70.27,1194.59,1,0,
CUST-005994,2022-11-14,South,Month-to-month,Bank transfer,DSL,7,143.3,1003.1,1,1,Price too high
CUST-005995,2024-02-15,South,Month-to-month,Credit card,DSL,10,89.01,890.1,3,0,
CUST-005996,2023-07-17,South,One year,Electronic check,DSL,16,52.55,840.8,1,0,
CUST-005997,2023-02-14,Midwest,Month-to-month,Credit card,No internet,10,71.68,716.8,0,0,
CUST-005998,2024-02-27,South,Month-to-month,Credit card,DSL,12,66.77,801.24,0,0,
CUST-005999,2024-03-30,Northeast,One year,Credit card,DSL,32,64.71,2070.72,4,0,
CUST-006000,2024-02-23,South,Month-to-month,Mailed check,No internet,8,41.25,330.0,2,0,
CUST-006001,2023-08-28,Midwest,One year,Electronic check,Fiber optic,45,79.34,3570.3,1,0,
CUST-006002,2024-10-28,Midwest,One year,Electronic check,Fiber optic,27,45.0,1215.0,3,1,Moving / relocation
CUST-006003,2022-12-09,Midwest,One year,Credit card,No internet,2,31.25,62.5,1,0,
CUST-006004,2022-05-07,Northeast,One year,Electronic check,No internet,43,62.8,2700.4,0,0,
CUST-006005,2022-03-29,South,Two year,Mailed check,Fiber optic,34,55.04,1871.36,3,1,Price too high
CUST-006006,2025-10-11,South,Month-to-month,Credit card,DSL,14,53.21,744.94,4,1,Poor customer service
CUST-006007,2023-02-02,Northeast,Two year,Mailed check,DSL,20,25.97,519.4,1,0,
CUST-006008,2022-03-22,Midwest,Month-to-month,Electronic check,DSL,2,53.4,106.8,1,1,Poor customer service
CUST-006009,2022-07-13,West,Month-to-month,Credit card,Fiber optic,6,66.32,397.92,2,1,Moving / relocation
CUST-006010,2024-07-19,South,One year,Electronic check,Fiber optic,7,57.23,400.61,1,0,
CUST-006011,2023-03-30,Midwest,Month-to-month,Bank transfer,Fiber optic,1,79.36,79.36,2,1,Frequent service outages
CUST-006012,2024-02-07,South,One year,Electronic check,Fiber optic,34,109.47,3721.98,0,1,Poor customer service
CUST-006013,2025-01-23,Midwest,Month-to-month,Bank transfer,Fiber optic,20,82.7,1654.0,1,1,Frequent service outages
CUST-006014,2022-12-29,Northeast,Two year,Electronic check,DSL,27,97.36,2628.72,1,0,
CUST-006015,2022-10-17,West,Two year,Credit card,Fiber optic,11,99.98,1099.78,2,0,
CUST-006016,2023-07-06,West,One year,Mailed check,Fiber optic,8,50.6,404.8,4,1,Price too high
CUST-006017,2023-09-22,South,Two year,Mailed check,DSL,20,80.68,1613.6,4,1,Competitor offered better deal
CUST-006018,2023-12-19,Midwest,Month-to-month,Credit card,Fiber optic,6,96.39,578.34,0,0,
CUST-006019,2025-06-23,South,One year,Credit card,No internet,8,60.98,487.84,0,0,
CUST-006020,2022-03-21,South,One year,Bank transfer,Fiber optic,29,54.43,1578.47,0,1,Price too high
CUST-006021,2025-04-17,South,Month-to-month,Credit card,DSL,15,83.07,1246.05,2,1,Price too high
CUST-006022,2023-06-12,South,Two year,Electronic check,Fiber optic,22,43.64,960.08,2,0,
CUST-006023,2025-06-23,Midwest,Two year,Bank transfer,No internet,23,49.49,1138.27,1,0,
CUST-006024,2023-09-01,West,Two year,Credit card,DSL,35,56.64,1982.4,0,0,
CUST-006025,2022-07-11,South,Month-to-month,Bank transfer,No internet,5,80.98,404.9,1,0,
CUST-006026,2023-12-20,South,One year,Mailed check,Fiber optic,33,75.19,2481.27,3,0,
CUST-006027,2025-02-25,South,One year,Credit card,DSL,5,97.55,487.75,2,0,
CUST-006028,2023-12-07,West,Month-to-month,Electronic check,Fiber optic,18,52.2,939.6,1,0,
CUST-006029,2022-03-14,South,Two year,Electronic check,Fiber optic,11,51.31,564.41,0,0,
CUST-006030,2025-11-24,South,Month-to-month,Bank transfer,Fiber optic,1,82.9,82.9,2,0,
CUST-006031,2024-12-31,Northeast,Two year,Electronic check,DSL,29,54.29,1574.41,0,0,
CUST-006032,2025-07-13,South,One year,Electronic check,DSL,12,57.79,693.48,1,0,
CUST-006033,2025-09-11,West,Month-to-month,Mailed check,DSL,25,38.7,967.5,0,0,
CUST-006034,2024-10-21,Midwest,Month-to-month,Mailed check,Fiber optic,37,76.94,2846.78,0,0,
CUST-006035,2023-12-08,Midwest,One year,Bank transfer,Fiber optic,9,114.8,1033.2,1,0,
CUST-006036,2025-11-27,South,Month-to-month,Bank transfer,DSL,7,50.43,353.01,3,0,
CUST-006037,2022-01-14,Midwest,Two year,Bank transfer,Fiber optic,15,97.22,1458.3,3,1,Moving / relocation
CUST-006038,2023-04-26,Midwest,Month-to-month,Bank transfer,Fiber optic,16,68.79,1100.64,1,1,Competitor offered better deal
CUST-006039,2023-07-01,West,One year,Electronic check,No internet,28,39.85,1115.8,1,0,
CUST-006040,2023-03-19,Northeast,Month-to-month,Mailed check,Fiber optic,17,52.65,895.05,0,0,
CUST-006041,2022-08-12,Midwest,Month-to-month,Credit card,DSL,29,51.62,1496.98,1,0,
CUST-006042,2023-11-10,South,Month-to-month,Mailed check,Fiber optic,10,63.35,633.5,1,0,
CUST-006043,2022-11-29,West,Two year,Electronic check,DSL,26,80.18,2084.68,0,0,
CUST-006044,2024-09-22,Northeast,One year,Credit card,DSL,13,126.68,1646.84,5,0,
CUST-006045,2025-04-03,Midwest,Two year,Mailed check,DSL,14,44.35,620.9,2,0,
CUST-006046,2024-10-28,West,One year,Bank transfer,DSL,35,60.03,2101.05,1,0,
CUST-006047,2024-06-16,Northeast,Month-to-month,Electronic check,Fiber optic,5,52.63,263.15,0,0,
CUST-006048,2024-08-11,Northeast,Month-to-month,Bank transfer,Fiber optic,20,46.72,934.4,1,1,Price too high
CUST-006049,2023-05-26,Northeast,One year,Electronic check,Fiber optic,13,72.28,939.64,0,0,
CUST-006050,2022-10-09,West,Month-to-month,Bank transfer,DSL,12,70.14,841.68,1,0,
CUST-006051,2023-03-17,West,Month-to-month,Credit card,Fiber optic,30,39.24,1177.2,1,1,Poor customer service
CUST-006052,2022-11-15,South,One year,Bank transfer,DSL,11,70.51,775.61,2,0,
CUST-006053,2024-03-25,West,Month-to-month,Electronic check,Fiber optic,29,47.67,1382.43,2,1,Moving / relocation
CUST-006054,2023-04-03,Northeast,One year,Electronic check,DSL,19,70.37,1337.03,1,0,
CUST-006055,2023-12-02,Northeast,One year,Credit card,Fiber optic,44,105.24,4630.56,4,1,Poor customer service
CUST-006056,2023-09-27,South,Two year,Credit card,No internet,36,81.3,2926.8,1,0,
CUST-006057,2024-07-28,West,Month-to-month,Electronic check,No internet,1,74.2,74.2,0,0,
CUST-006058,2023-06-16,Northeast,Two year,Mailed check,Fiber optic,44,59.19,2604.36,1,0,
CUST-006059,2024-08-12,Midwest,One year,Bank transfer,No internet,42,71.62,3008.04,0,0,
CUST-006060,2024-09-01,Northeast,Month-to-month,Credit card,DSL,28,83.95,2350.6,3,0,
CUST-006061,2024-01-26,South,Month-to-month,Credit card,Fiber optic,1,81.33,81.33,2,1,Frequent service outages
CUST-006062,2024-09-02,Midwest,Month-to-month,Bank transfer,DSL,29,67.91,1969.39,1,0,
CUST-006063,2023-01-22,South,One year,Electronic check,Fiber optic,28,75.16,2104.48,2,1,Price too high
CUST-006064,2023-04-11,Northeast,Month-to-month,Credit card,DSL,5,46.0,230.0,3,1,Price too high
CUST-006065,2024-10-23,South,One year,Credit card,No internet,7,55.42,387.94,4,0,
CUST-006066,2024-12-24,Northeast,Month-to-month,Mailed check,DSL,19,87.92,1670.48,2,0,
CUST-006067,2024-01-15,West,Month-to-month,Bank transfer,DSL,28,91.79,2570.12,3,0,
CUST-006068,2023-06-22,South,Month-to-month,Electronic check,DSL,16,72.24,1155.84,2,0,
CUST-006069,2022-03-08,South,Two year,Mailed check,Fiber optic,11,112.54,1237.94,3,1,Frequent service outages
CUST-006070,2022-02-20,Midwest,Month-to-month,Credit card,Fiber optic,1,82.48,82.48,2,1,Poor customer service
CUST-006071,2025-01-07,Northeast,Month-to-month,Electronic check,DSL,10,65.07,650.7,0,1,Frequent service outages
CUST-006072,2024-08-12,Midwest,Month-to-month,Credit card,DSL,42,47.45,1992.9,3,1,Frequent service outages
CUST-006073,2023-09-09,Midwest,Two year,Electronic check,DSL,38,111.1,4221.8,4,0,
CUST-006074,2025-02-26,South,Month-to-month,Electronic check,Fiber optic,21,89.7,1883.7,1,1,Price too high
CUST-006075,2024-04-03,Northeast,Month-to-month,Bank transfer,Fiber optic,3,124.64,373.92,5,0,
CUST-006076,2024-09-17,South,Month-to-month,Electronic check,Fiber optic,1,140.25,140.25,2,0,
CUST-006077,2023-10-18,West,One year,Bank transfer,DSL,22,46.44,1021.68,1,0,
CUST-006078,2022-10-02,Midwest,Month-to-month,Mailed check,Fiber optic,5,46.48,232.4,0,0,
CUST-006079,2025-01-16,Northeast,Two year,Bank transfer,Fiber optic,11,28.04,308.44,2,0,
CUST-006080,2023-09-22,South,Two year,Credit card,No internet,41,94.05,3856.05,3,0,
CUST-006081,2025-01-20,West,One year,Mailed check,No internet,28,86.49,2421.72,2,0,
CUST-006082,2025-03-14,West,Two year,Electronic check,Fiber optic,9,72.33,650.97,2,1,Poor customer service
CUST-006083,2023-08-28,Midwest,One year,Credit card,DSL,2,47.35,94.7,2,0,
CUST-006084,2022-04-18,South,Month-to-month,Electronic check,Fiber optic,20,68.14,1362.8,0,0,
CUST-006085,2025-11-30,Midwest,Two year,Electronic check,DSL,29,74.37,2156.73,0,0,
CUST-006086,2025-10-11,West,One year,Credit card,Fiber optic,41,90.06,3692.46,2,1,Moving / relocation
CUST-006087,2025-08-20,Midwest,One year,Electronic check,Fiber optic,33,76.5,2524.5,2,0,
CUST-006088,2022-02-28,South,One year,Bank transfer,DSL,22,86.7,1907.4,1,0,
CUST-006089,2023-08-11,South,Two year,Electronic check,Fiber optic,21,67.38,1414.98,1,0,
CUST-006090,2022-10-01,Northeast,Two year,Bank transfer,DSL,45,102.32,4604.4,0,0,
CUST-006091,2024-08-21,South,Month-to-month,Bank transfer,Fiber optic,16,85.81,1372.96,1,1,Competitor offered better deal
CUST-006092,2024-06-14,South,One year,Bank transfer,Fiber optic,11,47.95,527.45,2,0,
CUST-006093,2025-03-11,Midwest,One year,Bank transfer,No internet,13,109.35,1421.55,1,0,
CUST-006094,2023-11-23,Northeast,Two year,Electronic check,Fiber optic,34,103.77,3528.18,3,0,
CUST-006095,2024-06-27,South,Month-to-month,Electronic check,Fiber optic,12,81.37,976.44,1,1,Price too high
CUST-006096,2024-05-27,West,Month-to-month,Credit card,Fiber optic,47,76.69,3604.43,2,1,Competitor offered better deal
CUST-006097,2025-06-15,West,Month-to-month,Credit card,Fiber optic,15,119.19,1787.85,3,0,
CUST-006098,2023-10-24,Midwest,Month-to-month,Credit card,DSL,27,41.57,1122.39,2,0,
CUST-006099,2022-03-21,West,Month-to-month,Bank transfer,Fiber optic,24,104.29,2502.96,1,0,
CUST-006100,2025-05-02,West,Month-to-month,Bank transfer,No internet,18,60.2,1083.6,0,1,Price too high
CUST-006101,2022-11-29,West,Month-to-month,Bank transfer,Fiber optic,15,99.53,1492.95,1,0,
CUST-006102,2025-11-11,South,Two year,Bank transfer,Fiber optic,19,72.86,1384.34,2,1,Moving / relocation
CUST-006103,2025-11-06,Midwest,Month-to-month,Electronic check,DSL,19,47.1,894.9,0,1,Frequent service outages
CUST-006104,2025-01-31,West,Month-to-month,Mailed check,Fiber optic,8,59.81,478.48,2,0,
CUST-006105,2023-05-08,Midwest,Two year,Electronic check,Fiber optic,46,97.22,4472.12,1,0,
CUST-006106,2024-05-19,Northeast,One year,Mailed check,Fiber optic,44,65.54,2883.76,4,0,
CUST-006107,2025-10-01,South,Month-to-month,Bank transfer,Fiber optic,2,57.46,114.92,0,1,Price too high
CUST-006108,2023-07-09,West,Two year,Mailed check,DSL,34,57.34,1949.56,2,1,Poor customer service
CUST-006109,2022-12-11,South,One year,Bank transfer,No internet,37,86.1,3185.7,3,0,
CUST-006110,2024-07-13,South,One year,Credit card,Fiber optic,45,122.76,5524.2,0,0,
CUST-006111,2025-09-18,Midwest,Month-to-month,Credit card,DSL,1,35.34,35.34,1,1,Frequent service outages
CUST-006112,2025-03-05,South,One year,Credit card,DSL,29,150.0,4350.0,3,0,
CUST-006113,2023-06-24,Northeast,Month-to-month,Credit card,Fiber optic,2,74.83,149.66,2,1,Competitor offered better deal
CUST-006114,2025-02-24,Northeast,One year,Mailed check,Fiber optic,28,84.41,2363.48,4,0,
CUST-006115,2025-07-13,West,One year,Bank transfer,No internet,15,60.97,914.55,1,0,
CUST-006116,2022-01-12,South,One year,Bank transfer,Fiber optic,11,70.03,770.33,1,0,
CUST-006117,2024-11-14,West,Month-to-month,Credit card,Fiber optic,43,74.56,3206.08,2,0,
CUST-006118,2024-10-19,Northeast,Month-to-month,Bank transfer,Fiber optic,16,50.11,801.76,1,1,Competitor offered better deal
CUST-006119,2024-02-08,South,One year,Mailed check,DSL,28,54.17,1516.76,0,0,
CUST-006120,2022-10-24,Northeast,Month-to-month,Credit card,No internet,20,102.42,2048.4,0,0,
CUST-006121,2025-04-19,Northeast,Month-to-month,Bank transfer,Fiber optic,5,42.66,213.3,0,0,
CUST-006122,2024-02-18,Midwest,Two year,Electronic check,Fiber optic,32,80.73,2583.36,2,0,
CUST-006123,2025-08-15,Northeast,One year,Bank transfer,Fiber optic,8,62.27,498.16,0,0,
CUST-006124,2024-12-25,West,Month-to-month,Bank transfer,DSL,12,51.55,618.6,1,0,
CUST-006125,2023-03-04,South,Month-to-month,Bank transfer,Fiber optic,9,131.76,1185.84,3,0,
CUST-006126,2025-10-31,West,One year,Credit card,Fiber optic,18,51.65,929.7,0,0,
CUST-006127,2023-06-22,Northeast,One year,Bank transfer,Fiber optic,12,48.83,585.96,0,0,
CUST-006128,2022-02-22,West,Two year,Credit card,Fiber optic,37,66.03,2443.11,3,0,
CUST-006129,2022-03-16,Northeast,One year,Mailed check,No internet,22,54.82,1206.04,2,0,
CUST-006130,2023-04-24,Northeast,One year,Electronic check,Fiber optic,27,70.25,1896.75,2,0,
CUST-006131,2022-12-05,West,Month-to-month,Mailed check,Fiber optic,6,73.68,442.08,0,0,
CUST-006132,2022-03-31,Northeast,Two year,Bank transfer,No internet,8,75.57,604.56,2,0,
CUST-006133,2025-05-26,West,Month-to-month,Credit card,No internet,2,67.38,134.76,2,0,
CUST-006134,2025-01-31,West,Two year,Bank transfer,Fiber optic,7,56.0,392.0,2,0,
CUST-006135,2022-02-21,Northeast,One year,Mailed check,Fiber optic,22,86.13,1894.86,3,0,
CUST-006136,2022-09-09,West,Two year,Bank transfer,No internet,14,67.64,946.96,0,0,
CUST-006137,2025-05-17,South,One year,Credit card,Fiber optic,11,59.82,658.02,0,0,
CUST-006138,2022-07-01,South,Two year,Electronic check,Fiber optic,7,112.57,787.99,3,0,
CUST-006139,2022-04-20,West,One year,Electronic check,Fiber optic,5,67.44,337.2,1,0,
CUST-006140,2022-05-21,South,Two year,Bank transfer,DSL,33,99.43,3281.19,0,0,
CUST-006141,2025-03-09,West,Two year,Bank transfer,Fiber optic,2,103.81,207.62,1,0,
CUST-006142,2024-11-03,West,Month-to-month,Mailed check,Fiber optic,2,105.85,211.7,1,1,Price too high
CUST-006143,2024-02-09,Midwest,One year,Electronic check,DSL,10,87.46,874.6,2,0,
CUST-006144,2022-05-12,South,One year,Bank transfer,DSL,26,70.09,1822.34,0,1,Competitor offered better deal
CUST-006145,2024-05-01,Midwest,One year,Electronic check,Fiber optic,5,68.68,343.4,0,0,
CUST-006146,2023-10-17,Northeast,One year,Electronic check,Fiber optic,11,64.84,713.24,1,0,
CUST-006147,2023-01-23,Midwest,One year,Mailed check,DSL,18,35.04,630.72,2,0,
CUST-006148,2022-08-23,Northeast,Month-to-month,Electronic check,Fiber optic,22,88.24,1941.28,0,0,
CUST-006149,2022-02-24,South,One year,Mailed check,DSL,7,75.81,530.67,0,0,
CUST-006150,2024-07-11,Northeast,Two year,Credit card,Fiber optic,48,91.3,4382.4,3,0,
CUST-006151,2024-09-14,Northeast,Month-to-month,Electronic check,DSL,1,67.53,67.53,3,0,
CUST-006152,2022-07-30,West,One year,Bank transfer,Fiber optic,24,86.73,2081.52,1,1,Moving / relocation
CUST-006153,2023-02-11,West,Two year,Bank transfer,Fiber optic,37,45.11,1669.07,0,0,
CUST-006154,2022-12-07,South,One year,Electronic check,Fiber optic,1,48.22,48.22,2,0,
CUST-006155,2025-11-27,West,Month-to-month,Bank transfer,Fiber optic,1,31.74,31.74,0,0,
CUST-006156,2025-06-06,South,One year,Electronic check,DSL,12,67.16,805.92,1,0,
CUST-006157,2022-05-24,South,One year,Credit card,DSL,7,54.75,383.25,4,1,Poor customer service
CUST-006158,2022-01-25,South,Two year,Bank transfer,DSL,44,52.51,2310.44,0,0,
CUST-006159,2025-09-10,Northeast,One year,Electronic check,DSL,31,78.03,2418.93,1,0,
CUST-006160,2022-02-20,Midwest,Month-to-month,Credit card,Fiber optic,20,61.18,1223.6,0,1,Frequent service outages
CUST-006161,2022-11-21,South,Two year,Mailed check,DSL,18,44.32,797.76,1,0,
CUST-006162,2024-12-08,South,Two year,Electronic check,Fiber optic,11,150.0,1650.0,1,1,Price too high
CUST-006163,2022-08-30,South,Month-to-month,Mailed check,DSL,17,69.28,1177.76,3,1,Frequent service outages
CUST-006164,2022-11-06,Midwest,Two year,Bank transfer,DSL,9,49.57,446.13,0,0,
CUST-006165,2024-10-15,South,One year,Bank transfer,Fiber optic,15,56.58,848.7,2,0,
CUST-006166,2022-12-05,West,Month-to-month,Bank transfer,DSL,4,66.33,265.32,3,1,Frequent service outages
CUST-006167,2024-07-15,West,One year,Credit card,No internet,22,66.28,1458.16,2,0,
CUST-006168,2022-01-12,Midwest,Month-to-month,Credit card,Fiber optic,28,106.35,2977.8,0,0,
CUST-006169,2025-11-02,Midwest,Month-to-month,Electronic check,DSL,38,68.35,2597.3,0,0,
CUST-006170,2024-01-17,West,Two year,Credit card,Fiber optic,7,126.93,888.51,0,0,
CUST-006171,2024-03-20,Midwest,One year,Electronic check,Fiber optic,26,61.05,1587.3,2,1,Price too high
CUST-006172,2023-08-02,Northeast,Month-to-month,Credit card,Fiber optic,23,80.36,1848.28,2,1,Moving / relocation
CUST-006173,2024-02-13,Midwest,One year,Electronic check,Fiber optic,43,97.23,4180.89,1,0,
CUST-006174,2025-05-02,South,One year,Electronic check,Fiber optic,15,102.77,1541.55,1,0,
CUST-006175,2025-12-01,Northeast,One year,Mailed check,DSL,11,106.68,1173.48,2,0,
CUST-006176,2022-06-01,Northeast,Month-to-month,Electronic check,Fiber optic,9,64.26,578.34,5,1,Moving / relocation
CUST-006177,2023-12-04,Midwest,One year,Credit card,DSL,28,69.98,1959.44,4,0,
CUST-006178,2025-12-29,South,One year,Electronic check,Fiber optic,23,31.71,729.33,1,0,
CUST-006179,2025-02-01,South,One year,Mailed check,Fiber optic,12,65.84,790.08,2,0,
CUST-006180,2022-03-22,West,Two year,Credit card,DSL,5,99.4,497.0,3,1,Frequent service outages
CUST-006181,2025-08-27,Northeast,Month-to-month,Bank transfer,DSL,7,93.41,653.87,1,0,
CUST-006182,2022-11-19,South,Two year,Bank transfer,DSL,17,68.19,1159.23,1,0,
CUST-006183,2022-08-10,Midwest,Two year,Credit card,DSL,13,120.75,1569.75,4,0,
CUST-006184,2022-07-24,South,Month-to-month,Electronic check,DSL,4,62.0,248.0,5,1,Frequent service outages
CUST-006185,2022-12-03,Midwest,Month-to-month,Mailed check,Fiber optic,6,55.75,334.5,2,1,Poor customer service
CUST-006186,2025-02-08,South,One year,Electronic check,Fiber optic,13,60.35,784.55,1,0,
CUST-006187,2023-01-02,South,Two year,Electronic check,Fiber optic,29,48.95,1419.55,1,0,
CUST-006188,2023-02-19,West,Month-to-month,Electronic check,Fiber optic,48,85.56,4106.88,3,0,
CUST-006189,2024-03-23,Midwest,Month-to-month,Bank transfer,Fiber optic,10,76.89,768.9,1,0,
CUST-006190,2022-02-04,West,Month-to-month,Electronic check,Fiber optic,3,85.22,255.66,1,1,Price too high
CUST-006191,2023-05-18,South,One year,Bank transfer,Fiber optic,1,61.4,61.4,1,1,Competitor offered better deal
CUST-006192,2024-02-15,South,Month-to-month,Bank transfer,Fiber optic,4,68.81,275.24,1,1,Moving / relocation
CUST-006193,2024-08-08,South,Month-to-month,Mailed check,Fiber optic,20,34.91,698.2,1,0,
CUST-006194,2022-12-15,Midwest,Month-to-month,Bank transfer,No internet,4,79.07,316.28,1,0,
CUST-006195,2022-10-13,South,Two year,Electronic check,No internet,24,72.36,1736.64,1,0,
CUST-006196,2024-06-24,Northeast,Two year,Credit card,No internet,26,49.3,1281.8,1,1,Frequent service outages
CUST-006197,2023-01-13,West,One year,Mailed check,DSL,17,67.8,1152.6,3,1,Moving / relocation
CUST-006198,2023-10-15,Midwest,Two year,Credit card,No internet,19,64.55,1226.45,2,0,
CUST-006199,2025-10-19,West,One year,Bank transfer,Fiber optic,11,123.29,1356.19,0,0,
CUST-006200,2022-05-06,South,Two year,Bank transfer,DSL,13,49.92,648.96,2,0,
CUST-006201,2025-08-03,West,One year,Mailed check,DSL,38,77.95,2962.1,0,0,
CUST-006202,2025-08-08,Midwest,Month-to-month,Mailed check,Fiber optic,10,49.45,494.5,1,0,
CUST-006203,2025-12-04,Midwest,Month-to-month,Mailed check,Fiber optic,16,58.64,938.24,1,1,Moving / relocation
CUST-006204,2022-11-28,West,Month-to-month,Bank transfer,DSL,9,76.6,689.4,1,0,
CUST-006205,2023-10-11,West,One year,Bank transfer,No internet,4,65.52,262.08,2,1,Poor customer service
CUST-006206,2022-01-12,South,One year,Credit card,DSL,36,69.97,2518.92,3,0,
CUST-006207,2023-08-13,Northeast,Month-to-month,Electronic check,Fiber optic,2,77.98,155.96,2,1,Frequent service outages
CUST-006208,2024-04-30,Midwest,Two year,Credit card,Fiber optic,35,59.86,2095.1,1,0,
CUST-006209,2025-03-10,West,One year,Credit card,Fiber optic,11,93.03,1023.33,1,0,
CUST-006210,2025-04-24,South,One year,Electronic check,DSL,34,63.58,2161.72,3,0,
CUST-006211,2022-09-05,South,Month-to-month,Electronic check,Fiber optic,5,67.95,339.75,2,1,Competitor offered better deal
CUST-006212,2023-12-21,Midwest,Two year,Bank transfer,Fiber optic,2,78.7,157.4,1,0,
CUST-006213,2022-01-31,Northeast,Two year,Electronic check,No internet,37,75.39,2789.43,1,1,Moving / relocation
CUST-006214,2025-05-26,South,Two year,Electronic check,Fiber optic,13,86.16,1120.08,1,0,
CUST-006215,2025-02-07,Midwest,Two year,Bank transfer,DSL,46,77.59,3569.14,3,0,
CUST-006216,2022-04-18,South,One year,Bank transfer,DSL,41,81.46,3339.86,0,0,
CUST-006217,2025-08-07,West,Month-to-month,Electronic check,DSL,10,63.17,631.7,5,0,
CUST-006218,2023-02-21,Midwest,One year,Credit card,No internet,14,49.8,697.2,0,0,
CUST-006219,2025-05-08,Midwest,Month-to-month,Electronic check,No internet,2,44.4,88.8,2,0,
CUST-006220,2024-07-26,Northeast,Two year,Electronic check,Fiber optic,29,41.07,1191.03,3,0,
CUST-006221,2024-08-13,Northeast,Month-to-month,Electronic check,Fiber optic,21,123.23,2587.83,2,0,
CUST-006222,2025-02-03,Midwest,Month-to-month,Credit card,No internet,15,34.53,517.95,2,1,Price too high
CUST-006223,2022-12-17,Northeast,One year,Credit card,DSL,32,102.72,3287.04,1,0,
CUST-006224,2022-04-25,Midwest,One year,Electronic check,Fiber optic,13,53.91,700.83,2,0,
CUST-006225,2025-01-28,West,Two year,Bank transfer,No internet,28,102.48,2869.44,1,0,
CUST-006226,2024-06-13,Northeast,Two year,Electronic check,DSL,46,34.65,1593.9,1,0,
CUST-006227,2024-06-18,South,One year,Electronic check,Fiber optic,8,65.02,520.16,0,0,
CUST-006228,2025-01-29,Midwest,Two year,Electronic check,Fiber optic,35,111.64,3907.4,0,0,
CUST-006229,2024-12-24,Midwest,Month-to-month,Credit card,No internet,1,88.08,88.08,3,0,
CUST-006230,2022-07-04,South,One year,Mailed check,DSL,7,62.93,440.51,1,0,
CUST-006231,2022-08-11,Midwest,Two year,Bank transfer,No internet,35,37.65,1317.75,1,0,
CUST-006232,2022-08-04,Northeast,One year,Electronic check,DSL,46,45.92,2112.32,0,0,
CUST-006233,2023-06-13,West,Month-to-month,Credit card,Fiber optic,11,109.35,1202.85,4,1,Price too high
CUST-006234,2024-01-12,Northeast,Month-to-month,Credit card,Fiber optic,12,62.71,752.52,2,0,
CUST-006235,2024-09-30,South,Two year,Electronic check,Fiber optic,39,68.51,2671.89,0,1,Price too high
CUST-006236,2023-09-25,West,One year,Bank transfer,Fiber optic,17,76.76,1304.92,2,0,
CUST-006237,2022-03-14,Midwest,Month-to-month,Bank transfer,DSL,12,46.21,554.52,3,0,
CUST-006238,2023-09-14,Northeast,Month-to-month,Credit card,Fiber optic,20,79.86,1597.2,2,0,
CUST-006239,2024-02-18,West,Month-to-month,Bank transfer,Fiber optic,17,61.3,1042.1,1,0,
CUST-006240,2025-06-21,Northeast,One year,Electronic check,No internet,20,77.01,1540.2,1,1,Competitor offered better deal
CUST-006241,2023-01-24,South,Month-to-month,Mailed check,DSL,18,58.27,1048.86,1,1,Frequent service outages
CUST-006242,2022-04-06,Northeast,One year,Bank transfer,Fiber optic,12,42.38,508.56,4,1,Competitor offered better deal
CUST-006243,2024-03-02,South,Two year,Bank transfer,Fiber optic,46,61.14,2812.44,1,1,Moving / relocation
CUST-006244,2024-12-10,Northeast,One year,Electronic check,Fiber optic,24,86.06,2065.44,2,0,
CUST-006245,2023-12-14,West,Two year,Credit card,DSL,45,79.53,3578.85,2,1,Moving / relocation
CUST-006246,2025-04-10,Midwest,Two year,Credit card,No internet,24,70.8,1699.2,1,0,
CUST-006247,2023-02-09,West,Two year,Bank transfer,DSL,43,93.45,4018.35,3,0,
CUST-006248,2023-07-16,Midwest,One year,Bank transfer,Fiber optic,10,65.68,656.8,2,1,Moving / relocation
CUST-006249,2025-11-17,South,One year,Bank transfer,DSL,5,71.38,356.9,0,0,
CUST-006250,2024-10-09,South,One year,Bank transfer,Fiber optic,14,60.13,841.82,2,0,
CUST-006251,2025-06-06,South,Month-to-month,Electronic check,DSL,2,95.21,190.42,3,0,
CUST-006252,2024-05-07,West,Month-to-month,Mailed check,Fiber optic,14,76.96,1077.44,2,0,
CUST-006253,2023-01-04,Midwest,One year,Mailed check,Fiber optic,20,58.66,1173.2,0,0,
CUST-006254,2023-01-23,South,Two year,Credit card,Fiber optic,21,43.53,914.13,1,1,Price too high
CUST-006255,2022-11-22,West,One year,Electronic check,DSL,19,99.84,1896.96,3,0,
CUST-006256,2024-01-18,Midwest,Month-to-month,Mailed check,Fiber optic,10,55.25,552.5,2,1,Price too high
CUST-006257,2023-06-06,Midwest,One year,Bank transfer,Fiber optic,11,71.74,789.14,2,0,
CUST-006258,2022-03-26,Midwest,Two year,Credit card,DSL,30,148.83,4464.9,3,0,
CUST-006259,2023-06-04,Midwest,Two year,Bank transfer,Fiber optic,47,90.6,4258.2,1,0,
CUST-006260,2025-03-28,Northeast,One year,Electronic check,Fiber optic,22,117.4,2582.8,1,1,Moving / relocation
CUST-006261,2024-04-09,Northeast,Month-to-month,Bank transfer,Fiber optic,9,59.02,531.18,1,0,
CUST-006262,2022-03-23,Northeast,One year,Electronic check,Fiber optic,31,98.76,3061.56,2,0,
CUST-006263,2023-07-21,Midwest,Two year,Bank transfer,DSL,17,70.71,1202.07,0,0,
CUST-006264,2023-03-02,West,Month-to-month,Bank transfer,Fiber optic,44,78.82,3468.08,1,0,
CUST-006265,2022-03-17,South,One year,Bank transfer,Fiber optic,1,133.84,133.84,2,1,Poor customer service
CUST-006266,2023-08-22,Midwest,Month-to-month,Bank transfer,No internet,8,64.12,512.96,1,0,
CUST-006267,2023-08-02,West,Two year,Electronic check,Fiber optic,10,70.54,705.4,2,1,Price too high
CUST-006268,2023-12-31,South,Month-to-month,Bank transfer,DSL,4,52.51,210.04,1,1,Price too high
CUST-006269,2024-12-14,Northeast,One year,Credit card,DSL,20,93.16,1863.2,0,0,
CUST-006270,2024-02-18,South,One year,Bank transfer,Fiber optic,13,58.59,761.67,5,1,Price too high
CUST-006271,2022-12-30,West,One year,Credit card,DSL,4,97.25,389.0,3,0,
CUST-006272,2024-05-31,Northeast,One year,Bank transfer,DSL,21,41.35,868.35,1,0,
CUST-006273,2022-10-09,West,Month-to-month,Bank transfer,Fiber optic,15,83.56,1253.4,2,0,
CUST-006274,2025-09-01,South,One year,Mailed check,Fiber optic,27,57.06,1540.62,0,0,
CUST-006275,2024-05-31,South,Month-to-month,Credit card,Fiber optic,4,88.57,354.28,2,1,Frequent service outages
CUST-006276,2023-11-29,Northeast,Month-to-month,Electronic check,Fiber optic,3,69.8,209.4,2,1,Moving / relocation
CUST-006277,2023-01-17,Midwest,Month-to-month,Electronic check,Fiber optic,6,59.07,354.42,1,0,
CUST-006278,2024-08-11,Midwest,One year,Electronic check,Fiber optic,37,61.95,2292.15,0,0,
CUST-006279,2022-06-27,West,One year,Bank transfer,DSL,3,53.4,160.2,1,0,
CUST-006280,2022-05-11,South,Month-to-month,Bank transfer,Fiber optic,16,91.66,1466.56,2,1,Frequent service outages
CUST-006281,2024-06-13,West,Month-to-month,Bank transfer,DSL,2,50.12,100.24,0,0,
CUST-006282,2025-05-14,South,Month-to-month,Electronic check,Fiber optic,14,64.36,901.04,2,0,
CUST-006283,2025-07-04,West,One year,Bank transfer,DSL,15,78.29,1174.35,2,1,Price too high
CUST-006284,2023-05-09,Northeast,Month-to-month,Electronic check,DSL,13,117.49,1527.37,1,0,
CUST-006285,2024-06-06,West,Two year,Credit card,Fiber optic,17,69.9,1188.3,1,0,
CUST-006286,2024-05-13,West,One year,Electronic check,Fiber optic,14,64.87,908.18,0,1,Frequent service outages
CUST-006287,2023-04-14,South,Month-to-month,Mailed check,Fiber optic,6,76.52,459.12,1,0,
CUST-006288,2025-12-03,South,Month-to-month,Mailed check,Fiber optic,5,36.11,180.55,2,0,
CUST-006289,2022-08-23,West,One year,Mailed check,Fiber optic,20,47.77,955.4,1,0,
CUST-006290,2025-01-11,Northeast,Two year,Bank transfer,DSL,30,62.17,1865.1,1,0,
CUST-006291,2025-07-12,Midwest,One year,Credit card,DSL,30,55.8,1674.0,2,0,
CUST-006292,2023-08-16,West,One year,Bank transfer,Fiber optic,29,42.0,1218.0,2,1,Price too high
CUST-006293,2024-04-09,Midwest,Month-to-month,Mailed check,No internet,3,92.25,276.75,0,1,Price too high
CUST-006294,2023-10-22,Northeast,Month-to-month,Electronic check,No internet,13,76.18,990.34,0,0,
CUST-006295,2022-03-23,South,Month-to-month,Bank transfer,Fiber optic,5,73.32,366.6,2,0,
CUST-006296,2022-08-01,Midwest,One year,Bank transfer,DSL,10,56.14,561.4,1,0,
CUST-006297,2023-03-04,West,Month-to-month,Credit card,Fiber optic,7,71.91,503.37,1,0,
CUST-006298,2024-07-11,South,Two year,Bank transfer,DSL,40,82.65,3306.0,1,0,
CUST-006299,2025-02-24,West,One year,Mailed check,DSL,22,64.41,1417.02,1,0,
CUST-006300,2024-03-18,South,Month-to-month,Credit card,Fiber optic,5,80.82,404.1,1,1,Price too high
CUST-006301,2024-09-17,South,Two year,Electronic check,Fiber optic,25,54.34,1358.5,0,0,
CUST-006302,2024-05-16,South,Month-to-month,Bank transfer,DSL,1,72.33,72.33,3,0,
CUST-006303,2024-09-09,Northeast,Month-to-month,Mailed check,Fiber optic,11,101.05,1111.55,0,0,
CUST-006304,2023-01-26,Northeast,One year,Electronic check,DSL,25,103.98,2599.5,2,0,
CUST-006305,2022-09-04,South,One year,Electronic check,No internet,22,107.21,2358.62,2,0,
CUST-006306,2024-11-03,West,Two year,Bank transfer,Fiber optic,26,76.81,1997.06,1,0,
CUST-006307,2024-04-30,Midwest,Two year,Electronic check,Fiber optic,25,70.82,1770.5,0,0,
CUST-006308,2023-03-13,South,One year,Credit card,DSL,9,60.73,546.57,3,1,Moving / relocation
CUST-006309,2022-07-29,Midwest,Two year,Mailed check,DSL,11,39.31,432.41,0,0,
CUST-006310,2023-10-16,South,Month-to-month,Mailed check,DSL,14,45.59,638.26,0,1,Price too high
CUST-006311,2024-03-08,West,Month-to-month,Bank transfer,Fiber optic,16,66.43,1062.88,1,0,
CUST-006312,2022-08-07,South,Month-to-month,Electronic check,DSL,24,67.72,1625.28,3,1,Moving / relocation
CUST-006313,2025-11-01,South,Month-to-month,Electronic check,Fiber optic,4,110.16,440.64,2,1,Price too high
CUST-006314,2024-11-10,Midwest,Month-to-month,Mailed check,Fiber optic,6,106.78,640.68,0,1,Poor customer service
CUST-006315,2024-11-06,South,Month-to-month,Bank transfer,Fiber optic,31,56.28,1744.68,0,1,Moving / relocation
CUST-006316,2022-09-14,South,Two year,Mailed check,DSL,5,91.09,455.45,3,0,
CUST-006317,2025-01-20,Northeast,One year,Bank transfer,No internet,37,60.18,2226.66,1,0,
CUST-006318,2024-05-08,Northeast,Month-to-month,Bank transfer,DSL,12,87.22,1046.64,1,1,Price too high
CUST-006319,2024-09-10,South,Month-to-month,Credit card,DSL,13,90.73,1179.49,1,1,Competitor offered better deal
CUST-006320,2025-04-20,West,Month-to-month,Mailed check,Fiber optic,17,104.32,1773.44,0,1,Price too high
CUST-006321,2024-01-30,South,Month-to-month,Credit card,DSL,33,59.88,1976.04,0,1,Price too high
CUST-006322,2024-05-11,Northeast,Month-to-month,Electronic check,DSL,19,96.99,1842.81,0,1,Moving / relocation
CUST-006323,2022-06-14,South,Month-to-month,Bank transfer,DSL,9,38.5,346.5,1,1,Price too high
CUST-006324,2024-06-02,Midwest,Two year,Mailed check,DSL,27,106.14,2865.78,1,0,
CUST-006325,2025-08-02,West,Month-to-month,Bank transfer,Fiber optic,10,69.55,695.5,3,0,
CUST-006326,2025-07-09,South,One year,Electronic check,Fiber optic,11,70.02,770.22,1,1,Competitor offered better deal
CUST-006327,2022-09-06,South,Month-to-month,Electronic check,DSL,4,36.53,146.12,2,1,Competitor offered better deal
CUST-006328,2025-12-28,Midwest,One year,Electronic check,Fiber optic,11,61.91,681.01,2,0,
CUST-006329,2023-08-25,Midwest,Two year,Electronic check,Fiber optic,6,108.18,649.08,3,1,Price too high
CUST-006330,2022-10-12,Northeast,One year,Mailed check,No internet,19,61.16,1162.04,3,0,
CUST-006331,2024-03-27,South,Month-to-month,Bank transfer,No internet,5,88.09,440.45,2,0,
CUST-006332,2023-11-27,South,Month-to-month,Electronic check,Fiber optic,33,70.88,2339.04,0,1,Moving / relocation
CUST-006333,2023-09-20,Northeast,Month-to-month,Bank transfer,Fiber optic,17,98.5,1674.5,1,0,
CUST-006334,2023-06-14,Midwest,Two year,Mailed check,Fiber optic,7,74.54,521.78,0,1,Price too high
CUST-006335,2025-01-18,West,Month-to-month,Electronic check,Fiber optic,5,52.03,260.15,0,1,Poor customer service
CUST-006336,2022-04-12,Northeast,Month-to-month,Electronic check,Fiber optic,14,71.38,999.32,0,1,Price too high
CUST-006337,2023-11-08,West,Month-to-month,Bank transfer,Fiber optic,39,117.03,4564.17,0,0,
CUST-006338,2023-06-20,South,One year,Bank transfer,DSL,6,82.21,493.26,2,0,
CUST-006339,2024-09-26,Northeast,One year,Credit card,Fiber optic,8,67.54,540.32,1,0,
CUST-006340,2024-10-18,West,Month-to-month,Electronic check,Fiber optic,19,144.29,2741.51,3,1,Price too high
CUST-006341,2025-10-08,Northeast,Two year,Bank transfer,DSL,22,101.59,2234.98,4,0,
CUST-006342,2025-05-28,Northeast,Two year,Bank transfer,Fiber optic,47,91.05,4279.35,1,1,Competitor offered better deal
CUST-006343,2025-08-26,South,One year,Credit card,No internet,34,77.6,2638.4,1,0,
CUST-006344,2025-04-16,Northeast,One year,Bank transfer,Fiber optic,34,88.56,3011.04,2,1,Moving / relocation
CUST-006345,2024-08-18,Northeast,One year,Electronic check,Fiber optic,12,89.49,1073.88,2,0,
CUST-006346,2022-01-30,South,One year,Credit card,Fiber optic,29,34.87,1011.23,0,0,
CUST-006347,2025-06-06,Northeast,Two year,Mailed check,Fiber optic,9,79.55,715.95,1,0,
CUST-006348,2023-08-01,West,Two year,Credit card,Fiber optic,26,66.59,1731.34,1,1,Moving / relocation
CUST-006349,2023-06-16,West,One year,Electronic check,No internet,10,59.74,597.4,1,0,
CUST-006350,2025-10-17,West,Month-to-month,Bank transfer,No internet,4,65.86,263.44,6,0,
CUST-006351,2024-01-19,South,Two year,Bank transfer,No internet,25,42.61,1065.25,0,0,
CUST-006352,2024-03-19,South,Month-to-month,Electronic check,DSL,3,39.35,118.05,3,1,Price too high
CUST-006353,2023-04-12,South,Month-to-month,Bank transfer,Fiber optic,10,104.47,1044.7,1,0,
CUST-006354,2025-12-03,South,Two year,Electronic check,No internet,31,81.28,2519.68,2,0,
CUST-006355,2023-07-01,West,Month-to-month,Electronic check,DSL,12,32.39,388.68,0,0,
CUST-006356,2023-05-18,Northeast,Two year,Electronic check,Fiber optic,27,58.3,1574.1,2,0,
CUST-006357,2025-01-23,Northeast,One year,Credit card,DSL,36,92.92,3345.12,1,0,
CUST-006358,2023-08-08,South,Month-to-month,Credit card,DSL,1,64.1,64.1,1,0,
CUST-006359,2025-10-06,Northeast,Month-to-month,Bank transfer,DSL,3,104.42,313.26,1,0,
CUST-006360,2023-10-28,West,One year,Bank transfer,DSL,19,98.09,1863.71,3,0,
CUST-006361,2024-09-21,Northeast,Month-to-month,Electronic check,No internet,41,45.42,1862.22,1,1,Moving / relocation
CUST-006362,2025-05-31,South,Month-to-month,Mailed check,DSL,13,66.96,870.48,1,0,
CUST-006363,2025-11-14,West,One year,Credit card,No internet,47,60.74,2854.78,2,0,
CUST-006364,2023-02-28,Midwest,Month-to-month,Credit card,DSL,19,44.95,854.05,2,0,
CUST-006365,2023-06-05,South,Two year,Bank transfer,Fiber optic,43,44.02,1892.86,0,0,
CUST-006366,2023-10-01,West,Two year,Electronic check,DSL,25,54.17,1354.25,0,0,
CUST-006367,2023-12-06,West,One year,Credit card,DSL,11,57.11,628.21,1,0,
CUST-006368,2025-02-21,Northeast,Month-to-month,Credit card,Fiber optic,2,76.76,153.52,2,0,
CUST-006369,2025-12-04,Northeast,Month-to-month,Credit card,DSL,2,97.92,195.84,0,1,Competitor offered better deal
CUST-006370,2023-04-29,Midwest,Two year,Bank transfer,Fiber optic,5,82.63,413.15,1,1,Competitor offered better deal
CUST-006371,2022-01-10,Northeast,One year,Electronic check,Fiber optic,6,89.13,534.78,3,0,
CUST-006372,2023-08-19,Northeast,One year,Credit card,DSL,6,64.37,386.22,1,0,
CUST-006373,2022-05-23,Midwest,One year,Bank transfer,No internet,47,85.03,3996.41,3,0,
CUST-006374,2025-07-10,Northeast,Month-to-month,Electronic check,Fiber optic,18,66.85,1203.3,3,0,
CUST-006375,2025-01-30,Northeast,Month-to-month,Electronic check,DSL,11,60.87,669.57,1,0,
CUST-006376,2023-05-30,West,Month-to-month,Bank transfer,Fiber optic,20,128.65,2573.0,2,1,Competitor offered better deal
CUST-006377,2023-09-27,South,Month-to-month,Credit card,DSL,11,33.26,365.86,3,0,
CUST-006378,2024-03-10,Midwest,Two year,Credit card,DSL,11,38.5,423.5,3,0,
CUST-006379,2024-12-08,Northeast,Month-to-month,Credit card,No internet,20,79.24,1584.8,1,1,Poor customer service
CUST-006380,2022-04-09,South,Month-to-month,Bank transfer,Fiber optic,21,64.41,1352.61,0,0,
CUST-006381,2023-07-10,South,Two year,Credit card,DSL,10,44.26,442.6,1,0,
CUST-006382,2025-10-20,Midwest,Two year,Electronic check,No internet,15,50.03,750.45,4,1,Poor customer service
CUST-006383,2023-08-13,South,One year,Electronic check,Fiber optic,44,52.15,2294.6,2,0,
CUST-006384,2024-08-25,South,Month-to-month,Electronic check,Fiber optic,2,93.27,186.54,2,1,Moving / relocation
CUST-006385,2023-01-09,South,One year,Credit card,DSL,3,103.33,309.99,1,1,Price too high
CUST-006386,2025-11-07,Midwest,Two year,Credit card,Fiber optic,6,118.47,710.82,0,0,
CUST-006387,2024-07-10,South,Two year,Credit card,DSL,31,42.16,1306.96,3,0,
CUST-006388,2025-04-01,Northeast,One year,Credit card,Fiber optic,45,45.26,2036.7,1,0,
CUST-006389,2025-12-25,Midwest,One year,Bank transfer,DSL,16,44.28,708.48,2,0,
CUST-006390,2025-01-20,South,Two year,Credit card,Fiber optic,44,105.89,4659.16,4,0,
CUST-006391,2022-10-10,South,Month-to-month,Mailed check,Fiber optic,8,80.12,640.96,2,1,Poor customer service
CUST-006392,2022-07-17,West,One year,Credit card,Fiber optic,25,71.93,1798.25,3,1,Moving / relocation
CUST-006393,2023-03-10,Northeast,Two year,Credit card,No internet,19,75.45,1433.55,0,0,
CUST-006394,2023-12-12,South,Two year,Mailed check,DSL,30,68.84,2065.2,1,0,
CUST-006395,2023-04-18,South,Month-to-month,Electronic check,Fiber optic,38,48.97,1860.86,2,1,Poor customer service
CUST-006396,2022-01-23,Northeast,One year,Electronic check,DSL,7,82.62,578.34,2,0,
CUST-006397,2022-06-20,Northeast,One year,Credit card,Fiber optic,22,66.05,1453.1,1,0,
CUST-006398,2024-03-31,South,Month-to-month,Bank transfer,Fiber optic,12,47.75,573.0,2,0,
CUST-006399,2022-01-26,South,One year,Mailed check,DSL,41,84.25,3454.25,2,0,
CUST-006400,2025-10-30,West,Month-to-month,Credit card,Fiber optic,10,61.18,611.8,1,0,
CUST-006401,2023-01-23,Midwest,Two year,Mailed check,Fiber optic,16,75.4,1206.4,2,0,
CUST-006402,2023-07-19,West,Month-to-month,Mailed check,DSL,2,67.36,134.72,0,1,Price too high
CUST-006403,2023-03-03,Northeast,Two year,Credit card,No internet,8,93.25,746.0,1,0,
CUST-006404,2023-05-24,South,One year,Mailed check,Fiber optic,48,75.22,3610.56,3,0,
CUST-006405,2024-07-29,Northeast,Two year,Mailed check,Fiber optic,41,52.84,2166.44,1,0,
CUST-006406,2023-02-22,South,Two year,Bank transfer,DSL,13,77.71,1010.23,2,0,
CUST-006407,2024-01-08,Midwest,Two year,Mailed check,DSL,34,78.53,2670.02,4,0,
CUST-006408,2024-04-20,Midwest,Two year,Mailed check,Fiber optic,29,82.57,2394.53,2,0,
CUST-006409,2025-04-25,South,One year,Electronic check,DSL,38,97.66,3711.08,3,0,
CUST-006410,2025-08-14,South,Month-to-month,Credit card,No internet,15,57.56,863.4,1,0,
CUST-006411,2022-12-05,Northeast,One year,Bank transfer,Fiber optic,48,86.81,4166.88,2,0,
CUST-006412,2024-05-10,South,One year,Credit card,Fiber optic,18,40.37,726.66,1,0,
CUST-006413,2022-05-08,South,Month-to-month,Bank transfer,DSL,7,67.46,472.22,0,0,
CUST-006414,2025-01-06,South,Month-to-month,Electronic check,Fiber optic,1,64.21,64.21,2,1,Poor customer service
CUST-006415,2023-08-26,West,Month-to-month,Mailed check,Fiber optic,17,111.42,1894.14,3,0,
CUST-006416,2023-06-22,Northeast,One year,Mailed check,DSL,5,66.68,333.4,3,0,
CUST-006417,2025-05-10,South,Month-to-month,Bank transfer,DSL,16,85.16,1362.56,1,0,
CUST-006418,2023-06-25,Midwest,Month-to-month,Bank transfer,DSL,8,39.89,319.12,0,0,
CUST-006419,2023-02-22,Midwest,One year,Bank transfer,DSL,14,62.64,876.96,4,0,
CUST-006420,2022-12-13,South,One year,Credit card,DSL,7,53.47,374.29,2,0,
CUST-006421,2024-09-14,South,Two year,Electronic check,DSL,35,150.0,5250.0,3,1,Moving / relocation
CUST-006422,2022-05-22,West,One year,Credit card,No internet,21,56.63,1189.23,3,0,
CUST-006423,2025-08-31,Midwest,One year,Bank transfer,DSL,7,71.77,502.39,2,0,
CUST-006424,2025-05-05,Northeast,One year,Bank transfer,Fiber optic,47,73.0,3431.0,1,0,
CUST-006425,2022-05-28,South,Month-to-month,Electronic check,DSL,37,42.16,1559.92,1,0,
CUST-006426,2024-11-28,West,Two year,Electronic check,DSL,33,59.24,1954.92,4,0,
CUST-006427,2022-01-14,South,Month-to-month,Bank transfer,Fiber optic,40,79.8,3192.0,0,0,
CUST-006428,2022-07-11,South,Two year,Mailed check,Fiber optic,30,72.06,2161.8,1,1,Frequent service outages
CUST-006429,2024-06-28,South,Two year,Credit card,Fiber optic,12,33.58,402.96,2,0,
CUST-006430,2024-02-25,South,Month-to-month,Bank transfer,Fiber optic,11,58.47,643.17,2,1,Price too high
CUST-006431,2025-04-17,South,One year,Bank transfer,Fiber optic,4,97.19,388.76,0,1,Frequent service outages
CUST-006432,2024-07-02,West,Month-to-month,Mailed check,Fiber optic,4,84.63,338.52,2,0,
CUST-006433,2022-03-28,West,Month-to-month,Credit card,Fiber optic,19,103.52,1966.88,1,1,Price too high
CUST-006434,2025-06-17,Midwest,One year,Credit card,Fiber optic,26,51.14,1329.64,3,0,
CUST-006435,2023-04-22,South,One year,Electronic check,DSL,8,105.63,845.04,0,0,
CUST-006436,2022-07-25,South,Two year,Bank transfer,DSL,1,69.12,69.12,2,1,Price too high
CUST-006437,2023-08-04,Midwest,Month-to-month,Credit card,DSL,6,116.69,700.14,2,1,Competitor offered better deal
CUST-006438,2022-06-15,West,One year,Electronic check,DSL,20,70.18,1403.6,1,0,
CUST-006439,2023-01-03,West,Month-to-month,Electronic check,Fiber optic,6,36.41,218.46,2,1,Price too high
CUST-006440,2023-01-12,Midwest,Month-to-month,Credit card,DSL,24,92.0,2208.0,1,0,
CUST-006441,2025-08-28,West,Two year,Bank transfer,DSL,46,60.83,2798.18,2,0,
CUST-006442,2022-12-15,Midwest,One year,Credit card,DSL,15,62.15,932.25,1,0,
CUST-006443,2024-04-01,Midwest,Two year,Mailed check,DSL,39,44.04,1717.56,2,0,
CUST-006444,2022-08-04,Northeast,Two year,Bank transfer,Fiber optic,38,117.81,4476.78,1,0,
CUST-006445,2022-06-30,Northeast,Month-to-month,Bank transfer,DSL,3,59.34,178.02,0,1,Price too high
CUST-006446,2025-07-05,Northeast,One year,Bank transfer,DSL,16,116.05,1856.8,1,0,
CUST-006447,2023-07-23,West,Month-to-month,Credit card,Fiber optic,6,61.07,366.42,3,0,
CUST-006448,2025-12-22,West,Two year,Bank transfer,Fiber optic,45,52.1,2344.5,1,0,
CUST-006449,2022-11-26,South,Month-to-month,Credit card,Fiber optic,10,106.94,1069.4,2,0,
CUST-006450,2024-08-15,Midwest,Month-to-month,Mailed check,Fiber optic,11,68.48,753.28,1,0,
CUST-006451,2022-01-27,West,One year,Credit card,No internet,20,68.69,1373.8,0,0,
CUST-006452,2025-01-11,South,Month-to-month,Bank transfer,DSL,7,46.52,325.64,2,0,
CUST-006453,2025-06-13,West,Two year,Electronic check,Fiber optic,39,60.56,2361.84,1,0,
CUST-006454,2024-02-06,Northeast,Two year,Mailed check,Fiber optic,34,80.41,2733.94,2,1,Frequent service outages
CUST-006455,2024-11-01,Northeast,One year,Electronic check,DSL,8,46.26,370.08,0,1,Moving / relocation
CUST-006456,2024-07-01,Midwest,One year,Electronic check,DSL,8,59.0,472.0,1,0,
CUST-006457,2024-01-01,West,Two year,Credit card,DSL,2,61.28,122.56,1,0,
CUST-006458,2025-05-27,South,Two year,Credit card,Fiber optic,46,71.61,3294.06,0,0,
CUST-006459,2025-01-30,Midwest,Month-to-month,Electronic check,No internet,21,112.56,2363.76,2,1,Price too high
CUST-006460,2025-07-18,Northeast,Two year,Electronic check,Fiber optic,32,63.69,2038.08,1,0,
CUST-006461,2022-12-23,South,One year,Electronic check,Fiber optic,8,56.21,449.68,2,0,
CUST-006462,2023-04-22,South,One year,Credit card,Fiber optic,12,150.0,1800.0,2,0,
CUST-006463,2022-05-25,Northeast,One year,Bank transfer,DSL,18,61.03,1098.54,2,0,
CUST-006464,2025-03-11,West,Month-to-month,Bank transfer,DSL,9,65.96,593.64,2,0,
CUST-006465,2023-08-03,West,Two year,Bank transfer,Fiber optic,10,62.52,625.2,3,0,
CUST-006466,2022-01-24,South,Month-to-month,Credit card,DSL,38,64.16,2438.08,0,0,
CUST-006467,2025-12-04,Northeast,Two year,Electronic check,No internet,15,71.87,1078.05,2,0,
CUST-006468,2022-06-27,South,Two year,Electronic check,Fiber optic,8,94.13,753.04,0,1,Moving / relocation
CUST-006469,2025-10-12,South,Two year,Bank transfer,Fiber optic,38,79.78,3031.64,3,0,
CUST-006470,2023-03-05,West,Month-to-month,Credit card,Fiber optic,12,98.96,1187.52,1,0,
CUST-006471,2024-06-26,Midwest,Month-to-month,Bank transfer,Fiber optic,1,97.91,97.91,2,1,Competitor offered better deal
CUST-006472,2023-12-22,West,Month-to-month,Credit card,No internet,6,74.94,449.64,3,0,
CUST-006473,2023-12-09,South,One year,Credit card,Fiber optic,33,79.08,2609.64,1,0,
CUST-006474,2022-12-06,Northeast,One year,Electronic check,Fiber optic,45,99.96,4498.2,1,0,
CUST-006475,2023-10-04,West,One year,Bank transfer,Fiber optic,16,49.13,786.08,3,0,
CUST-006476,2025-06-26,South,Month-to-month,Credit card,Fiber optic,21,150.0,3150.0,1,0,
CUST-006477,2023-04-21,Northeast,Two year,Electronic check,Fiber optic,18,59.5,1071.0,0,0,
CUST-006478,2024-03-02,South,One year,Bank transfer,No internet,26,62.66,1629.16,0,0,
CUST-006479,2025-08-10,South,One year,Electronic check,Fiber optic,37,47.57,1760.09,0,0,
CUST-006480,2023-08-28,Midwest,One year,Credit card,Fiber optic,18,48.02,864.36,2,0,
CUST-006481,2025-12-15,Northeast,One year,Electronic check,Fiber optic,43,95.75,4117.25,0,0,
CUST-006482,2025-03-05,West,Month-to-month,Mailed check,No internet,3,144.96,434.88,1,0,
CUST-006483,2024-06-01,West,Month-to-month,Bank transfer,No internet,2,58.47,116.94,3,1,Frequent service outages
CUST-006484,2024-10-27,West,Two year,Bank transfer,No internet,41,78.35,3212.35,0,0,
CUST-006485,2025-01-19,South,One year,Electronic check,Fiber optic,9,75.22,676.98,3,0,
CUST-006486,2025-01-06,Northeast,Two year,Electronic check,DSL,48,96.55,4634.4,1,0,
CUST-006487,2023-01-19,South,Two year,Credit card,DSL,14,142.59,1996.26,2,0,
CUST-006488,2023-04-18,West,Month-to-month,Credit card,Fiber optic,18,114.06,2053.08,4,1,Competitor offered better deal
CUST-006489,2025-09-24,West,Month-to-month,Bank transfer,DSL,2,64.95,129.9,0,0,
CUST-006490,2023-04-04,South,Two year,Electronic check,DSL,9,83.03,747.27,2,0,
CUST-006491,2024-11-20,Midwest,Month-to-month,Bank transfer,DSL,18,85.71,1542.78,0,1,Poor customer service
CUST-006492,2023-03-15,South,One year,Bank transfer,Fiber optic,9,69.66,626.94,1,1,Price too high
CUST-006493,2023-05-31,South,One year,Mailed check,Fiber optic,22,49.37,1086.14,4,0,
CUST-006494,2025-02-28,West,Month-to-month,Electronic check,DSL,8,54.29,434.32,2,1,Competitor offered better deal
CUST-006495,2024-07-25,West,Month-to-month,Electronic check,Fiber optic,21,101.23,2125.83,3,1,Moving / relocation
CUST-006496,2023-07-12,Midwest,One year,Electronic check,Fiber optic,4,104.63,418.52,0,1,Poor customer service
CUST-006497,2024-06-26,Midwest,Month-to-month,Bank transfer,DSL,24,65.6,1574.4,2,1,Poor customer service
CUST-006498,2022-06-29,West,Month-to-month,Mailed check,Fiber optic,19,76.21,1447.99,0,1,Poor customer service
CUST-006499,2023-03-16,South,One year,Bank transfer,Fiber optic,2,102.83,205.66,1,0,
CUST-006500,2024-01-03,Midwest,One year,Bank transfer,Fiber optic,3,40.64,121.92,3,1,Price too high
CUST-006501,2025-05-11,Northeast,One year,Bank transfer,Fiber optic,9,60.77,546.93,0,0,
CUST-006502,2022-11-04,Northeast,Month-to-month,Bank transfer,Fiber optic,19,133.72,2540.68,3,1,Price too high
CUST-006503,2023-08-26,Midwest,Month-to-month,Bank transfer,DSL,7,77.15,540.05,0,0,
CUST-006504,2024-04-22,Northeast,Two year,Electronic check,DSL,7,48.84,341.88,2,1,Moving / relocation
CUST-006505,2023-01-02,West,One year,Electronic check,Fiber optic,30,72.79,2183.7,0,0,
CUST-006506,2024-02-06,South,Two year,Bank transfer,DSL,20,97.21,1944.2,3,0,
CUST-006507,2024-10-17,West,Two year,Mailed check,Fiber optic,30,31.03,930.9,0,0,
CUST-006508,2023-02-01,South,Month-to-month,Mailed check,Fiber optic,36,74.17,2670.12,1,1,Frequent service outages
CUST-006509,2022-11-29,West,Month-to-month,Mailed check,DSL,4,62.23,248.92,1,0,
CUST-006510,2025-09-14,South,Two year,Electronic check,No internet,3,41.45,124.35,1,0,
CUST-006511,2024-11-04,Midwest,Two year,Electronic check,Fiber optic,20,71.97,1439.4,1,0,
CUST-006512,2023-10-06,South,One year,Bank transfer,DSL,10,67.11,671.1,1,1,Moving / relocation
CUST-006513,2023-04-17,South,Month-to-month,Bank transfer,Fiber optic,7,69.57,486.99,0,1,Moving / relocation
CUST-006514,2024-02-17,Midwest,One year,Bank transfer,DSL,8,62.71,501.68,1,0,
CUST-006515,2025-05-22,Northeast,Two year,Electronic check,DSL,29,50.56,1466.24,2,1,Moving / relocation
CUST-006516,2024-11-09,Northeast,One year,Credit card,DSL,12,44.01,528.12,1,0,
CUST-006517,2024-01-31,Midwest,Month-to-month,Mailed check,DSL,20,56.2,1124.0,2,1,Price too high
CUST-006518,2024-07-20,Northeast,Two year,Bank transfer,DSL,37,92.29,3414.73,1,0,
CUST-006519,2022-07-29,South,Month-to-month,Bank transfer,No internet,1,75.53,75.53,0,0,
CUST-006520,2022-02-28,Midwest,Month-to-month,Bank transfer,Fiber optic,4,68.57,274.28,2,0,
CUST-006521,2024-11-09,South,Month-to-month,Credit card,No internet,1,50.26,50.26,0,0,
CUST-006522,2023-12-22,South,Month-to-month,Electronic check,DSL,6,62.2,373.2,1,1,Competitor offered better deal
CUST-006523,2025-08-09,Midwest,Month-to-month,Electronic check,Fiber optic,3,88.76,266.28,1,1,Poor customer service
CUST-006524,2025-08-11,South,Month-to-month,Electronic check,DSL,5,82.4,412.0,1,1,Competitor offered better deal
CUST-006525,2025-11-23,South,One year,Credit card,No internet,22,60.18,1323.96,0,0,
CUST-006526,2025-07-22,South,Month-to-month,Credit card,DSL,6,30.4,182.4,2,0,
CUST-006527,2024-05-27,South,Month-to-month,Bank transfer,Fiber optic,2,56.49,112.98,0,1,Frequent service outages
CUST-006528,2022-07-08,Midwest,Month-to-month,Mailed check,Fiber optic,35,60.07,2102.45,2,1,Moving / relocation
CUST-006529,2024-07-31,South,One year,Electronic check,Fiber optic,45,52.44,2359.8,1,0,
CUST-006530,2023-03-11,South,One year,Credit card,Fiber optic,25,61.42,1535.5,1,0,
CUST-006531,2025-06-01,South,Month-to-month,Electronic check,Fiber optic,5,91.04,455.2,1,1,Price too high
CUST-006532,2023-02-06,South,One year,Electronic check,DSL,17,69.27,1177.59,0,0,
CUST-006533,2025-07-18,Midwest,One year,Credit card,Fiber optic,30,96.23,2886.9,1,0,
CUST-006534,2025-08-31,South,One year,Electronic check,Fiber optic,14,43.26,605.64,1,0,
CUST-006535,2023-11-26,West,Month-to-month,Credit card,Fiber optic,47,63.59,2988.73,0,0,
CUST-006536,2025-11-15,Northeast,Month-to-month,Credit card,Fiber optic,10,37.69,376.9,0,0,
CUST-006537,2023-07-29,West,Month-to-month,Credit card,DSL,25,61.16,1529.0,6,1,Frequent service outages
CUST-006538,2023-10-04,Midwest,One year,Bank transfer,Fiber optic,36,50.17,1806.12,1,0,
CUST-006539,2025-09-01,Northeast,One year,Mailed check,No internet,24,105.64,2535.36,1,0,
CUST-006540,2024-10-13,South,One year,Bank transfer,DSL,11,79.93,879.23,1,0,
CUST-006541,2022-09-26,South,One year,Credit card,DSL,42,97.0,4074.0,2,0,
CUST-006542,2022-09-01,West,Month-to-month,Bank transfer,Fiber optic,24,61.11,1466.64,2,1,Frequent service outages
CUST-006543,2024-01-27,Midwest,Month-to-month,Credit card,DSL,19,50.59,961.21,3,0,
CUST-006544,2024-08-22,South,Two year,Credit card,DSL,8,50.07,400.56,2,0,
CUST-006545,2024-04-06,Northeast,Month-to-month,Bank transfer,No internet,13,76.32,992.16,0,1,Frequent service outages
CUST-006546,2022-03-12,Midwest,Month-to-month,Credit card,DSL,47,125.12,5880.64,1,1,Price too high
CUST-006547,2022-08-22,South,Month-to-month,Electronic check,No internet,35,79.99,2799.65,5,0,
CUST-006548,2022-04-25,Northeast,Two year,Credit card,No internet,35,62.18,2176.3,1,0,
CUST-006549,2025-02-21,South,Two year,Credit card,No internet,41,66.0,2706.0,0,0,
CUST-006550,2023-07-30,West,Month-to-month,Electronic check,DSL,13,69.41,902.33,0,0,
CUST-006551,2023-07-03,Midwest,Month-to-month,Bank transfer,Fiber optic,32,134.09,4290.88,2,0,
CUST-006552,2025-06-05,South,One year,Bank transfer,DSL,18,104.04,1872.72,5,0,
CUST-006553,2025-11-20,South,Month-to-month,Credit card,No internet,13,76.19,990.47,1,0,
CUST-006554,2022-01-19,West,Month-to-month,Electronic check,No internet,21,72.61,1524.81,2,1,Price too high
CUST-006555,2025-07-15,Northeast,One year,Bank transfer,No internet,30,77.15,2314.5,0,0,
CUST-006556,2023-04-28,South,One year,Bank transfer,Fiber optic,36,82.12,2956.32,1,0,
CUST-006557,2025-01-25,South,Month-to-month,Mailed check,DSL,11,61.42,675.62,5,0,
CUST-006558,2024-07-15,South,One year,Credit card,Fiber optic,24,53.51,1284.24,3,0,
CUST-006559,2022-07-24,South,Two year,Bank transfer,DSL,38,97.54,3706.52,1,0,
CUST-006560,2023-03-24,West,One year,Mailed check,Fiber optic,8,70.6,564.8,1,0,
CUST-006561,2023-07-27,South,Month-to-month,Credit card,Fiber optic,26,94.97,2469.22,0,0,
CUST-006562,2022-01-11,Northeast,Month-to-month,Electronic check,Fiber optic,23,118.72,2730.56,3,0,
CUST-006563,2023-07-10,South,One year,Electronic check,Fiber optic,4,82.81,331.24,1,1,Poor customer service
CUST-006564,2024-02-15,South,Month-to-month,Electronic check,Fiber optic,3,78.63,235.89,0,0,
CUST-006565,2024-06-02,Northeast,Month-to-month,Credit card,DSL,3,150.0,450.0,2,0,
CUST-006566,2022-06-29,Midwest,Month-to-month,Credit card,Fiber optic,19,74.91,1423.29,1,1,Poor customer service
CUST-006567,2024-11-07,Northeast,Month-to-month,Bank transfer,DSL,6,49.45,296.7,0,0,
CUST-006568,2023-04-06,Midwest,One year,Mailed check,Fiber optic,7,64.07,448.49,1,0,
CUST-006569,2024-01-24,West,Month-to-month,Bank transfer,Fiber optic,12,115.18,1382.16,0,0,
CUST-006570,2025-08-06,West,Month-to-month,Bank transfer,Fiber optic,6,46.33,277.98,1,0,
CUST-006571,2023-12-31,South,One year,Bank transfer,Fiber optic,31,55.1,1708.1,1,0,
CUST-006572,2024-05-16,Northeast,One year,Electronic check,DSL,9,99.89,899.01,0,0,
CUST-006573,2025-08-09,South,Month-to-month,Electronic check,DSL,3,64.27,192.81,2,1,Frequent service outages
CUST-006574,2024-12-05,South,Month-to-month,Credit card,DSL,20,67.68,1353.6,2,0,
CUST-006575,2023-07-06,Northeast,Two year,Bank transfer,DSL,10,98.84,988.4,1,0,
CUST-006576,2022-08-20,South,Two year,Electronic check,DSL,31,55.74,1727.94,1,1,Moving / relocation
CUST-006577,2023-09-17,South,Month-to-month,Credit card,DSL,3,43.82,131.46,1,0,
CUST-006578,2024-12-28,South,One year,Mailed check,DSL,7,44.95,314.65,1,0,
CUST-006579,2023-08-28,South,One year,Bank transfer,Fiber optic,10,84.45,844.5,1,0,
CUST-006580,2022-09-05,Northeast,One year,Electronic check,No internet,12,76.17,914.04,1,1,Moving / relocation
CUST-006581,2022-03-10,Midwest,Month-to-month,Credit card,Fiber optic,34,56.17,1909.78,1,0,
CUST-006582,2025-07-04,West,Month-to-month,Electronic check,No internet,26,48.38,1257.88,1,0,
CUST-006583,2022-12-07,South,One year,Credit card,No internet,45,64.29,2893.05,0,0,
CUST-006584,2024-10-04,West,Month-to-month,Bank transfer,Fiber optic,46,100.21,4609.66,2,1,Price too high
CUST-006585,2025-05-08,Midwest,Month-to-month,Electronic check,No internet,6,53.65,321.9,1,1,Poor customer service
CUST-006586,2024-09-06,West,Two year,Electronic check,Fiber optic,23,56.71,1304.33,1,0,
CUST-006587,2022-03-04,South,One year,Credit card,DSL,36,47.9,1724.4,2,0,
CUST-006588,2022-11-18,South,Month-to-month,Electronic check,DSL,1,62.33,62.33,3,1,Frequent service outages
CUST-006589,2022-05-25,Midwest,Month-to-month,Electronic check,DSL,18,78.12,1406.16,2,1,Poor customer service
CUST-006590,2023-09-23,West,One year,Bank transfer,Fiber optic,34,137.94,4689.96,1,0,
CUST-006591,2025-06-11,South,One year,Electronic check,Fiber optic,1,75.17,75.17,2,0,
CUST-006592,2022-02-28,West,Two year,Bank transfer,Fiber optic,20,68.91,1378.2,2,0,
CUST-006593,2023-09-22,South,One year,Bank transfer,Fiber optic,27,92.4,2494.8,4,1,Price too high
CUST-006594,2023-05-21,West,One year,Electronic check,Fiber optic,33,87.6,2890.8,0,0,
CUST-006595,2024-05-01,South,Month-to-month,Mailed check,Fiber optic,3,58.27,174.81,2,1,Poor customer service
CUST-006596,2022-02-03,Midwest,Two year,Electronic check,DSL,14,146.45,2050.3,0,1,Moving / relocation
CUST-006597,2024-07-06,West,One year,Credit card,DSL,46,69.56,3199.76,2,0,
CUST-006598,2022-01-09,Midwest,Month-to-month,Electronic check,Fiber optic,1,75.61,75.61,0,0,
CUST-006599,2023-08-31,Northeast,Month-to-month,Bank transfer,Fiber optic,6,83.63,501.78,0,0,
CUST-006600,2022-09-22,South,Month-to-month,Bank transfer,No internet,2,78.31,156.62,1,0,
CUST-006601,2023-05-19,West,Month-to-month,Credit card,DSL,10,114.22,1142.2,0,1,Frequent service outages
CUST-006602,2024-09-16,Northeast,Two year,Mailed check,Fiber optic,34,58.05,1973.7,1,0,
CUST-006603,2025-05-29,West,Month-to-month,Electronic check,Fiber optic,8,90.08,720.64,2,0,
CUST-006604,2022-12-07,West,Month-to-month,Bank transfer,Fiber optic,19,73.9,1404.1,0,1,Frequent service outages
CUST-006605,2023-07-04,South,One year,Bank transfer,Fiber optic,33,96.01,3168.33,1,0,
CUST-006606,2025-08-08,West,Month-to-month,Credit card,DSL,11,65.44,719.84,3,0,
CUST-006607,2025-11-22,Northeast,Two year,Electronic check,Fiber optic,28,62.67,1754.76,0,0,
CUST-006608,2024-03-18,South,One year,Credit card,Fiber optic,23,88.61,2038.03,0,1,Price too high
CUST-006609,2024-01-13,West,Two year,Electronic check,DSL,7,78.61,550.27,0,1,Competitor offered better deal
CUST-006610,2023-10-18,South,Two year,Bank transfer,DSL,37,53.92,1995.04,1,1,Price too high
CUST-006611,2025-10-07,West,Two year,Bank transfer,Fiber optic,25,107.83,2695.75,1,0,
CUST-006612,2023-09-11,South,Month-to-month,Electronic check,DSL,4,88.62,354.48,1,0,
CUST-006613,2023-07-24,Midwest,One year,Credit card,No internet,22,68.46,1506.12,5,0,
CUST-006614,2023-10-18,West,Month-to-month,Bank transfer,No internet,5,60.35,301.75,1,0,
CUST-006615,2025-06-07,Midwest,One year,Electronic check,Fiber optic,15,78.77,1181.55,1,0,
CUST-006616,2022-11-03,Northeast,Month-to-month,Electronic check,Fiber optic,2,86.6,173.2,0,0,
CUST-006617,2022-01-13,Midwest,One year,Credit card,DSL,31,42.09,1304.79,0,0,
CUST-006618,2023-09-04,West,One year,Credit card,No internet,18,79.06,1423.08,3,0,
CUST-006619,2023-12-27,South,Month-to-month,Electronic check,DSL,5,86.39,431.95,6,1,Price too high
CUST-006620,2022-01-21,South,Month-to-month,Electronic check,No internet,6,33.02,198.12,1,0,
CUST-006621,2024-03-18,Northeast,One year,Bank transfer,DSL,9,74.65,671.85,2,0,
CUST-006622,2023-08-30,West,One year,Mailed check,Fiber optic,43,87.56,3765.08,1,0,
CUST-006623,2024-07-18,South,One year,Mailed check,Fiber optic,15,84.43,1266.45,2,0,
CUST-006624,2023-07-12,Northeast,One year,Mailed check,No internet,16,90.63,1450.08,4,0,
CUST-006625,2022-02-02,South,One year,Bank transfer,Fiber optic,16,63.13,1010.08,1,0,
CUST-006626,2022-03-04,Midwest,Month-to-month,Electronic check,DSL,2,50.26,100.52,1,1,Moving / relocation
CUST-006627,2024-04-22,South,Month-to-month,Mailed check,Fiber optic,9,39.41,354.69,3,0,
CUST-006628,2024-06-07,Midwest,Month-to-month,Electronic check,Fiber optic,15,99.44,1491.6,1,0,
CUST-006629,2022-12-17,South,Month-to-month,Electronic check,DSL,32,87.79,2809.28,0,1,Price too high
CUST-006630,2025-02-22,West,Month-to-month,Credit card,Fiber optic,10,101.89,1018.9,0,1,Frequent service outages
CUST-006631,2023-10-04,South,Two year,Electronic check,No internet,25,55.59,1389.75,4,1,Moving / relocation
CUST-006632,2022-10-06,West,One year,Electronic check,Fiber optic,5,90.67,453.35,1,1,Price too high
CUST-006633,2023-09-19,Midwest,Month-to-month,Credit card,DSL,14,43.34,606.76,0,0,
CUST-006634,2023-11-05,Midwest,Two year,Credit card,Fiber optic,45,53.08,2388.6,0,0,
CUST-006635,2022-06-04,Northeast,Month-to-month,Credit card,Fiber optic,5,72.99,364.95,3,0,
CUST-006636,2025-08-27,South,One year,Electronic check,Fiber optic,8,86.68,693.44,3,0,
CUST-006637,2023-06-25,South,One year,Bank transfer,Fiber optic,7,119.98,839.86,0,1,Price too high
CUST-006638,2025-08-07,Northeast,One year,Bank transfer,DSL,7,64.92,454.44,1,1,Poor customer service
CUST-006639,2023-02-23,West,One year,Credit card,Fiber optic,37,53.14,1966.18,1,0,
CUST-006640,2023-01-15,Midwest,Month-to-month,Electronic check,Fiber optic,21,52.27,1097.67,2,1,Competitor offered better deal
CUST-006641,2022-09-25,South,Month-to-month,Mailed check,No internet,24,56.25,1350.0,1,0,
CUST-006642,2022-11-18,West,Month-to-month,Electronic check,DSL,1,142.7,142.7,0,0,
CUST-006643,2024-09-21,South,Two year,Bank transfer,No internet,2,89.32,178.64,2,0,
CUST-006644,2022-11-17,West,Two year,Mailed check,DSL,27,100.08,2702.16,1,0,
CUST-006645,2022-04-14,West,Two year,Bank transfer,DSL,45,64.94,2922.3,1,0,
CUST-006646,2024-05-10,Midwest,Month-to-month,Bank transfer,Fiber optic,4,70.07,280.28,0,0,
CUST-006647,2024-10-24,South,One year,Credit card,No internet,11,87.69,964.59,3,0,
CUST-006648,2025-05-11,South,Two year,Credit card,Fiber optic,46,59.63,2742.98,2,1,Poor customer service
CUST-006649,2024-01-09,West,Month-to-month,Bank transfer,DSL,24,63.87,1532.88,0,0,
CUST-006650,2022-12-22,West,One year,Electronic check,Fiber optic,42,56.49,2372.58,0,0,
CUST-006651,2025-08-13,Northeast,Month-to-month,Credit card,Fiber optic,15,60.75,911.25,0,0,
CUST-006652,2024-07-27,South,Month-to-month,Electronic check,DSL,11,71.21,783.31,5,0,
CUST-006653,2025-11-15,West,Month-to-month,Electronic check,Fiber optic,42,53.9,2263.8,1,0,
CUST-006654,2024-11-03,Midwest,Two year,Mailed check,Fiber optic,30,76.82,2304.6,1,0,
CUST-006655,2023-06-22,South,One year,Bank transfer,DSL,1,76.79,76.79,1,0,
CUST-006656,2022-07-16,South,Month-to-month,Electronic check,DSL,28,66.2,1853.6,2,0,
CUST-006657,2024-07-19,South,Two year,Electronic check,No internet,32,53.8,1721.6,1,0,
CUST-006658,2022-05-11,Northeast,Two year,Electronic check,DSL,37,72.5,2682.5,0,0,
CUST-006659,2025-04-23,Northeast,One year,Bank transfer,Fiber optic,38,59.65,2266.7,1,0,
CUST-006660,2022-05-10,South,Two year,Bank transfer,DSL,17,71.16,1209.72,2,1,Poor customer service
CUST-006661,2023-02-02,West,One year,Bank transfer,Fiber optic,5,99.62,498.1,2,1,Price too high
CUST-006662,2023-10-21,Northeast,Month-to-month,Mailed check,Fiber optic,10,46.95,469.5,0,0,
CUST-006663,2025-10-06,South,Two year,Credit card,No internet,5,140.54,702.7,3,0,
CUST-006664,2023-01-11,Northeast,Month-to-month,Mailed check,DSL,20,68.5,1370.0,1,0,
CUST-006665,2023-06-10,West,Month-to-month,Mailed check,Fiber optic,47,79.98,3759.06,1,0,
CUST-006666,2023-06-06,West,Month-to-month,Bank transfer,Fiber optic,2,55.1,110.2,2,0,
CUST-006667,2022-07-09,South,Month-to-month,Bank transfer,No internet,6,101.04,606.24,0,1,Competitor offered better deal
CUST-006668,2025-11-26,South,Two year,Credit card,Fiber optic,18,67.34,1212.12,2,0,
CUST-006669,2023-11-21,West,Month-to-month,Electronic check,Fiber optic,9,61.8,556.2,3,0,
CUST-006670,2023-04-19,South,One year,Credit card,Fiber optic,11,58.31,641.41,1,0,
CUST-006671,2024-12-09,South,Month-to-month,Bank transfer,Fiber optic,14,64.33,900.62,0,0,
CUST-006672,2023-04-26,South,Two year,Credit card,Fiber optic,26,80.15,2083.9,0,0,
CUST-006673,2025-12-24,Northeast,Month-to-month,Bank transfer,DSL,15,74.09,1111.35,1,0,
CUST-006674,2024-12-17,Midwest,One year,Bank transfer,Fiber optic,38,69.22,2630.36,0,0,
CUST-006675,2022-06-16,South,One year,Electronic check,Fiber optic,18,55.83,1004.94,2,1,Competitor offered better deal
CUST-006676,2025-10-07,West,Month-to-month,Bank transfer,Fiber optic,6,54.81,328.86,1,0,
CUST-006677,2022-11-17,Midwest,Two year,Bank transfer,Fiber optic,5,60.49,302.45,2,1,Moving / relocation
CUST-006678,2024-07-31,Midwest,Two year,Credit card,Fiber optic,20,81.23,1624.6,3,0,
CUST-006679,2022-03-13,South,One year,Credit card,Fiber optic,20,86.65,1733.0,1,0,
CUST-006680,2025-01-29,West,Two year,Bank transfer,Fiber optic,36,90.47,3256.92,1,0,
CUST-006681,2025-06-10,Midwest,Two year,Credit card,Fiber optic,14,70.07,980.98,2,0,
CUST-006682,2022-11-30,Northeast,Month-to-month,Credit card,No internet,8,79.26,634.08,2,0,
CUST-006683,2022-12-14,West,Month-to-month,Credit card,Fiber optic,11,66.43,730.73,1,0,
CUST-006684,2022-10-01,Midwest,Two year,Mailed check,DSL,28,40.14,1123.92,0,0,
CUST-006685,2022-07-12,West,One year,Electronic check,No internet,17,65.42,1112.14,0,0,
CUST-006686,2025-12-28,Northeast,One year,Credit card,Fiber optic,12,62.17,746.04,2,1,Price too high
CUST-006687,2024-03-30,West,One year,Bank transfer,Fiber optic,14,50.27,703.78,1,0,
CUST-006688,2025-11-11,West,One year,Bank transfer,Fiber optic,8,58.47,467.76,2,1,Competitor offered better deal
CUST-006689,2022-05-04,Midwest,Month-to-month,Mailed check,No internet,27,73.2,1976.4,0,1,Competitor offered better deal
CUST-006690,2023-05-18,Northeast,One year,Electronic check,DSL,37,48.78,1804.86,1,0,
CUST-006691,2025-01-15,Midwest,Month-to-month,Electronic check,Fiber optic,11,55.84,614.24,4,0,
CUST-006692,2025-03-20,Midwest,One year,Electronic check,Fiber optic,25,115.05,2876.25,0,0,
CUST-006693,2024-07-02,West,One year,Bank transfer,Fiber optic,15,41.98,629.7,0,1,Competitor offered better deal
CUST-006694,2023-02-17,Northeast,Two year,Bank transfer,DSL,31,66.11,2049.41,1,0,
CUST-006695,2022-10-06,Northeast,Month-to-month,Bank transfer,DSL,10,48.27,482.7,4,1,Price too high
CUST-006696,2022-03-20,South,One year,Electronic check,Fiber optic,7,55.12,385.84,2,1,Price too high
CUST-006697,2025-07-18,West,Month-to-month,Electronic check,Fiber optic,9,65.81,592.29,0,1,Price too high
CUST-006698,2024-10-10,Northeast,Month-to-month,Bank transfer,DSL,2,51.11,102.22,2,1,Price too high
CUST-006699,2024-07-18,Midwest,Two year,Electronic check,No internet,1,84.24,84.24,3,0,
CUST-006700,2024-02-26,South,Month-to-month,Credit card,Fiber optic,3,108.03,324.09,2,1,Poor customer service
CUST-006701,2024-03-28,Midwest,Two year,Mailed check,DSL,34,91.77,3120.18,4,0,
CUST-006702,2022-03-18,South,Month-to-month,Mailed check,No internet,3,97.31,291.93,0,0,
CUST-006703,2022-12-20,South,Month-to-month,Bank transfer,Fiber optic,20,45.08,901.6,1,0,
CUST-006704,2023-09-11,South,One year,Bank transfer,Fiber optic,9,64.86,583.74,1,0,
CUST-006705,2023-08-15,West,Two year,Electronic check,Fiber optic,36,81.42,2931.12,0,0,
CUST-006706,2024-05-05,Northeast,Month-to-month,Bank transfer,Fiber optic,3,92.65,277.95,1,1,Frequent service outages
CUST-006707,2023-06-30,Northeast,One year,Electronic check,Fiber optic,2,122.86,245.72,1,0,
CUST-006708,2023-07-31,Northeast,Two year,Mailed check,DSL,10,98.7,987.0,0,0,
CUST-006709,2022-10-16,West,One year,Mailed check,No internet,15,93.4,1401.0,1,0,
CUST-006710,2022-03-05,Midwest,One year,Bank transfer,DSL,26,150.0,3900.0,2,1,Poor customer service
CUST-006711,2025-04-06,Midwest,Month-to-month,Bank transfer,No internet,22,72.3,1590.6,0,0,
CUST-006712,2025-09-30,Midwest,Two year,Credit card,No internet,26,63.91,1661.66,2,0,
CUST-006713,2025-01-21,South,Month-to-month,Bank transfer,DSL,6,74.2,445.2,0,1,Price too high
CUST-006714,2025-09-17,Midwest,One year,Electronic check,No internet,33,52.31,1726.23,0,0,
CUST-006715,2024-06-16,South,One year,Bank transfer,No internet,40,71.64,2865.6,0,1,Competitor offered better deal
CUST-006716,2025-07-19,Northeast,Month-to-month,Bank transfer,Fiber optic,6,40.34,242.04,0,1,Competitor offered better deal
CUST-006717,2023-09-07,West,Month-to-month,Bank transfer,No internet,20,59.18,1183.6,2,1,Competitor offered better deal
CUST-006718,2024-10-16,West,One year,Mailed check,No internet,43,67.57,2905.51,0,0,
CUST-006719,2023-03-27,Midwest,One year,Mailed check,Fiber optic,2,95.0,190.0,0,1,Poor customer service
CUST-006720,2025-08-15,Northeast,One year,Bank transfer,DSL,8,100.04,800.32,1,0,
CUST-006721,2024-12-21,Midwest,Two year,Bank transfer,Fiber optic,39,51.5,2008.5,0,0,
CUST-006722,2025-06-03,Northeast,One year,Credit card,Fiber optic,9,136.23,1226.07,2,0,
CUST-006723,2022-01-31,West,Month-to-month,Bank transfer,DSL,13,73.51,955.63,3,1,Price too high
CUST-006724,2024-03-06,West,Two year,Bank transfer,Fiber optic,25,75.7,1892.5,2,0,
CUST-006725,2024-05-21,Midwest,Two year,Electronic check,DSL,20,41.78,835.6,0,0,
CUST-006726,2024-01-19,West,One year,Electronic check,Fiber optic,24,57.49,1379.76,4,0,
CUST-006727,2023-10-20,West,One year,Electronic check,Fiber optic,21,98.1,2060.1,1,0,
CUST-006728,2024-06-21,West,One year,Electronic check,DSL,18,74.02,1332.36,0,0,
CUST-006729,2022-11-22,Northeast,Month-to-month,Electronic check,No internet,10,72.57,725.7,4,0,
CUST-006730,2023-02-19,West,Month-to-month,Bank transfer,Fiber optic,23,75.39,1733.97,0,0,
CUST-006731,2025-12-27,South,Month-to-month,Mailed check,Fiber optic,43,44.18,1899.74,2,0,
CUST-006732,2022-06-23,West,Month-to-month,Electronic check,Fiber optic,24,67.97,1631.28,1,0,
CUST-006733,2025-07-27,Midwest,Two year,Mailed check,Fiber optic,42,110.02,4620.84,2,1,Competitor offered better deal
CUST-006734,2025-09-19,West,Month-to-month,Credit card,Fiber optic,6,99.26,595.56,3,0,
CUST-006735,2024-01-01,Midwest,Month-to-month,Mailed check,Fiber optic,15,67.35,1010.25,1,0,
CUST-006736,2023-12-20,Northeast,Two year,Credit card,DSL,37,115.63,4278.31,2,0,
CUST-006737,2025-06-14,Northeast,Two year,Credit card,Fiber optic,27,46.86,1265.22,2,0,
CUST-006738,2022-05-06,Midwest,One year,Credit card,DSL,10,51.37,513.7,1,0,
CUST-006739,2025-02-15,South,Month-to-month,Bank transfer,Fiber optic,15,127.28,1909.2,1,0,
CUST-006740,2025-10-13,West,Month-to-month,Credit card,No internet,6,84.35,506.1,1,0,
CUST-006741,2023-05-02,Northeast,Month-to-month,Mailed check,Fiber optic,1,63.92,63.92,2,0,
CUST-006742,2025-03-27,Midwest,Two year,Bank transfer,Fiber optic,21,68.88,1446.48,1,0,
CUST-006743,2023-12-18,South,Month-to-month,Electronic check,Fiber optic,20,54.16,1083.2,0,1,Competitor offered better deal
CUST-006744,2024-08-02,West,Two year,Electronic check,DSL,3,76.59,229.77,1,1,Poor customer service
CUST-006745,2025-12-14,South,One year,Credit card,No internet,14,74.68,1045.52,4,0,
CUST-006746,2025-12-19,West,One year,Bank transfer,DSL,10,70.55,705.5,3,0,
CUST-006747,2023-08-08,West,Month-to-month,Electronic check,Fiber optic,1,48.37,48.37,3,0,
CUST-006748,2025-04-14,Northeast,Two year,Electronic check,DSL,12,76.3,915.6,3,0,
CUST-006749,2023-02-26,Midwest,One year,Bank transfer,Fiber optic,13,59.18,769.34,2,0,
CUST-006750,2022-04-27,West,One year,Credit card,DSL,31,51.14,1585.34,2,0,
CUST-006751,2024-11-03,South,One year,Credit card,Fiber optic,27,105.15,2839.05,3,0,
CUST-006752,2024-11-18,West,One year,Electronic check,DSL,28,140.37,3930.36,1,0,
CUST-006753,2023-09-26,West,Month-to-month,Electronic check,No internet,11,130.53,1435.83,0,1,Price too high
CUST-006754,2022-06-24,Northeast,Month-to-month,Electronic check,Fiber optic,1,86.32,86.32,0,1,Frequent service outages
CUST-006755,2022-02-21,South,Month-to-month,Bank transfer,Fiber optic,10,64.39,643.9,2,1,Moving / relocation
CUST-006756,2025-02-05,West,One year,Bank transfer,DSL,41,68.54,2810.14,3,1,Frequent service outages
CUST-006757,2022-06-29,South,One year,Bank transfer,DSL,21,79.82,1676.22,3,0,
CUST-006758,2023-01-30,Northeast,One year,Bank transfer,DSL,20,61.28,1225.6,3,1,Frequent service outages
CUST-006759,2023-02-11,South,One year,Electronic check,DSL,19,106.91,2031.29,0,1,Moving / relocation
CUST-006760,2023-05-25,South,Month-to-month,Electronic check,Fiber optic,21,36.55,767.55,1,0,
CUST-006761,2022-08-15,South,Month-to-month,Mailed check,DSL,3,63.78,191.34,2,0,
CUST-006762,2025-04-30,West,One year,Bank transfer,Fiber optic,21,90.59,1902.39,1,1,Price too high
CUST-006763,2023-12-12,Northeast,One year,Bank transfer,DSL,7,53.49,374.43,2,1,Price too high
CUST-006764,2022-07-12,Midwest,One year,Credit card,Fiber optic,28,64.92,1817.76,0,0,
CUST-006765,2024-11-15,Northeast,Two year,Electronic check,Fiber optic,13,84.77,1102.01,0,0,
CUST-006766,2025-10-10,South,One year,Credit card,DSL,6,113.96,683.76,3,1,Competitor offered better deal
CUST-006767,2022-09-14,Northeast,Two year,Electronic check,Fiber optic,41,46.34,1899.94,3,1,Moving / relocation
CUST-006768,2022-07-05,Midwest,One year,Mailed check,Fiber optic,16,45.25,724.0,0,1,Competitor offered better deal
CUST-006769,2025-11-28,West,One year,Electronic check,No internet,29,51.79,1501.91,0,0,
CUST-006770,2022-02-06,Northeast,Two year,Electronic check,DSL,9,42.86,385.74,0,0,
CUST-006771,2024-04-28,Midwest,Two year,Electronic check,DSL,17,43.85,745.45,3,0,
CUST-006772,2022-02-07,West,Two year,Electronic check,No internet,19,51.35,975.65,0,0,
CUST-006773,2022-05-07,West,Two year,Bank transfer,DSL,7,104.03,728.21,0,0,
CUST-006774,2025-03-29,South,Two year,Credit card,Fiber optic,40,63.44,2537.6,2,0,
CUST-006775,2022-09-08,South,One year,Bank transfer,Fiber optic,15,70.81,1062.15,2,0,
CUST-006776,2023-12-02,South,One year,Credit card,Fiber optic,28,51.64,1445.92,0,0,
CUST-006777,2024-06-16,South,One year,Bank transfer,Fiber optic,28,85.86,2404.08,0,0,
CUST-006778,2024-01-13,South,One year,Credit card,Fiber optic,21,127.77,2683.17,3,0,
CUST-006779,2024-01-14,Midwest,One year,Electronic check,Fiber optic,11,52.77,580.47,1,0,
CUST-006780,2025-05-04,Northeast,One year,Credit card,Fiber optic,20,121.74,2434.8,1,0,
CUST-006781,2024-03-11,West,Month-to-month,Mailed check,Fiber optic,4,78.78,315.12,0,1,Moving / relocation
CUST-006782,2024-01-20,South,Two year,Bank transfer,Fiber optic,10,70.48,704.8,0,0,
CUST-006783,2025-03-16,West,Month-to-month,Bank transfer,Fiber optic,6,79.68,478.08,4,1,Moving / relocation
CUST-006784,2025-10-30,South,Month-to-month,Electronic check,DSL,21,79.44,1668.24,1,0,
CUST-006785,2022-06-14,South,One year,Electronic check,No internet,18,127.01,2286.18,3,0,
CUST-006786,2022-01-06,West,Month-to-month,Mailed check,DSL,22,82.8,1821.6,2,1,Frequent service outages
CUST-006787,2022-06-10,Northeast,Month-to-month,Credit card,No internet,4,83.36,333.44,0,0,
CUST-006788,2022-08-26,Midwest,Month-to-month,Credit card,Fiber optic,3,61.26,183.78,0,0,
CUST-006789,2022-03-16,Midwest,Two year,Electronic check,DSL,18,91.7,1650.6,1,0,
CUST-006790,2025-02-25,West,Month-to-month,Electronic check,Fiber optic,3,51.61,154.83,2,0,
CUST-006791,2023-11-30,Northeast,Month-to-month,Bank transfer,Fiber optic,1,72.59,72.59,2,1,Competitor offered better deal
CUST-006792,2025-08-30,West,One year,Mailed check,DSL,26,150.0,3900.0,0,0,
CUST-006793,2023-04-12,Northeast,Two year,Electronic check,DSL,32,31.46,1006.72,3,0,
CUST-006794,2024-10-28,West,Month-to-month,Mailed check,Fiber optic,6,75.54,453.24,4,1,Frequent service outages
CUST-006795,2023-11-17,Northeast,One year,Bank transfer,Fiber optic,35,76.47,2676.45,2,1,Frequent service outages
CUST-006796,2023-03-12,Northeast,One year,Electronic check,DSL,8,65.17,521.36,3,0,
CUST-006797,2025-02-24,West,Two year,Electronic check,DSL,6,65.66,393.96,1,0,
CUST-006798,2025-05-13,West,One year,Electronic check,Fiber optic,48,72.19,3465.12,0,0,
CUST-006799,2022-09-07,South,One year,Bank transfer,Fiber optic,35,64.67,2263.45,1,0,
CUST-006800,2022-11-18,South,Two year,Electronic check,Fiber optic,39,75.27,2935.53,2,0,
CUST-006801,2024-12-18,Northeast,Month-to-month,Bank transfer,Fiber optic,21,59.98,1259.58,1,0,
CUST-006802,2023-10-03,West,One year,Credit card,Fiber optic,5,133.91,669.55,3,0,
CUST-006803,2024-02-25,West,One year,Electronic check,Fiber optic,30,64.67,1940.1,1,0,
CUST-006804,2025-02-19,West,Month-to-month,Electronic check,DSL,9,84.12,757.08,0,1,Poor customer service
CUST-006805,2024-12-23,West,Month-to-month,Electronic check,DSL,32,56.59,1810.88,0,0,
CUST-006806,2023-08-14,South,Month-to-month,Credit card,Fiber optic,29,94.5,2740.5,0,0,
CUST-006807,2024-07-10,Midwest,Two year,Bank transfer,Fiber optic,25,88.65,2216.25,0,0,
CUST-006808,2025-04-20,West,Two year,Credit card,No internet,41,80.17,3286.97,1,1,Price too high
CUST-006809,2022-07-19,Midwest,One year,Credit card,No internet,4,50.46,201.84,0,0,
CUST-006810,2024-05-31,West,Two year,Credit card,No internet,45,55.1,2479.5,0,0,
CUST-006811,2023-10-09,Midwest,One year,Credit card,DSL,47,120.25,5651.75,1,1,Price too high
CUST-006812,2025-06-12,South,Two year,Electronic check,No internet,40,54.91,2196.4,0,0,
CUST-006813,2023-02-20,South,Two year,Bank transfer,Fiber optic,15,86.06,1290.9,1,0,
CUST-006814,2022-12-10,Midwest,Month-to-month,Credit card,Fiber optic,10,51.82,518.2,3,0,
CUST-006815,2025-01-10,Midwest,One year,Bank transfer,Fiber optic,15,96.8,1452.0,1,1,Price too high
CUST-006816,2024-07-17,West,Two year,Credit card,DSL,19,56.28,1069.32,2,0,
CUST-006817,2022-10-09,Midwest,One year,Credit card,Fiber optic,42,51.51,2163.42,2,0,
CUST-006818,2024-08-25,South,Month-to-month,Bank transfer,DSL,37,55.82,2065.34,3,0,
CUST-006819,2023-01-26,South,One year,Bank transfer,Fiber optic,33,58.72,1937.76,0,1,Competitor offered better deal
CUST-006820,2023-08-29,Northeast,Two year,Bank transfer,DSL,8,79.8,638.4,0,0,
CUST-006821,2025-12-22,Midwest,Two year,Mailed check,No internet,46,71.68,3297.28,5,1,Poor customer service
CUST-006822,2023-09-25,Midwest,Two year,Electronic check,DSL,33,49.38,1629.54,1,0,
CUST-006823,2025-09-11,Midwest,Two year,Bank transfer,Fiber optic,7,69.48,486.36,3,0,
CUST-006824,2025-09-02,Northeast,Month-to-month,Credit card,Fiber optic,10,48.62,486.2,1,1,Price too high
CUST-006825,2024-08-16,Northeast,Two year,Credit card,Fiber optic,18,86.14,1550.52,2,0,
CUST-006826,2022-11-20,West,One year,Electronic check,DSL,31,91.34,2831.54,1,0,
CUST-006827,2024-07-30,Midwest,Two year,Credit card,Fiber optic,31,69.57,2156.67,0,0,
CUST-006828,2022-05-20,West,Month-to-month,Electronic check,DSL,4,76.47,305.88,0,1,Frequent service outages
CUST-006829,2024-10-11,Northeast,Month-to-month,Bank transfer,No internet,15,122.82,1842.3,1,0,
CUST-006830,2024-01-24,West,Month-to-month,Credit card,Fiber optic,5,66.66,333.3,0,1,Competitor offered better deal
CUST-006831,2025-12-22,Midwest,Month-to-month,Credit card,Fiber optic,15,51.82,777.3,1,0,
CUST-006832,2025-07-10,South,Month-to-month,Bank transfer,Fiber optic,17,84.38,1434.46,1,0,
CUST-006833,2022-07-26,South,One year,Bank transfer,DSL,32,48.79,1561.28,2,1,Competitor offered better deal
CUST-006834,2025-11-27,Midwest,Two year,Mailed check,Fiber optic,45,65.54,2949.3,3,0,
CUST-006835,2024-07-01,Midwest,Two year,Bank transfer,DSL,5,57.88,289.4,3,1,Moving / relocation
CUST-006836,2025-08-04,West,Month-to-month,Electronic check,Fiber optic,42,56.0,2352.0,3,1,Poor customer service
CUST-006837,2025-06-23,Midwest,Month-to-month,Electronic check,Fiber optic,9,64.71,582.39,2,1,Competitor offered better deal
CUST-006838,2025-01-31,Northeast,Month-to-month,Credit card,DSL,5,93.5,467.5,1,0,
CUST-006839,2024-11-03,South,Month-to-month,Electronic check,Fiber optic,3,99.86,299.58,1,1,Moving / relocation
CUST-006840,2022-06-08,Midwest,Month-to-month,Bank transfer,DSL,5,94.29,471.45,2,1,Moving / relocation
CUST-006841,2022-09-14,South,Two year,Mailed check,Fiber optic,12,78.07,936.84,2,1,Frequent service outages
CUST-006842,2024-06-26,South,Month-to-month,Electronic check,DSL,14,64.56,903.84,0,0,
CUST-006843,2025-12-24,Midwest,Month-to-month,Electronic check,No internet,1,32.97,32.97,0,1,Competitor offered better deal
CUST-006844,2024-08-09,Northeast,Two year,Electronic check,Fiber optic,25,78.86,1971.5,1,0,
CUST-006845,2024-09-07,Midwest,One year,Electronic check,DSL,20,33.81,676.2,1,1,Price too high
CUST-006846,2023-12-25,Midwest,One year,Bank transfer,DSL,32,37.88,1212.16,0,0,
CUST-006847,2023-11-27,South,Two year,Bank transfer,Fiber optic,8,66.57,532.56,3,1,Price too high
CUST-006848,2025-05-15,South,One year,Mailed check,DSL,29,76.3,2212.7,0,0,
CUST-006849,2024-05-26,West,Month-to-month,Credit card,Fiber optic,8,60.68,485.44,0,1,Frequent service outages
CUST-006850,2025-12-06,Northeast,Month-to-month,Credit card,DSL,12,114.59,1375.08,3,0,
CUST-006851,2025-12-01,South,Two year,Bank transfer,DSL,15,81.28,1219.2,0,0,
CUST-006852,2025-11-21,Midwest,Two year,Bank transfer,Fiber optic,27,64.73,1747.71,5,0,
CUST-006853,2023-02-05,South,One year,Bank transfer,DSL,26,109.25,2840.5,3,0,
CUST-006854,2022-01-30,Northeast,One year,Electronic check,DSL,7,115.68,809.76,1,0,
CUST-006855,2025-05-13,Midwest,One year,Electronic check,Fiber optic,27,82.6,2230.2,2,0,
CUST-006856,2022-02-22,South,Month-to-month,Electronic check,Fiber optic,12,54.7,656.4,5,1,Price too high
CUST-006857,2024-08-20,West,Two year,Bank transfer,Fiber optic,28,58.79,1646.12,0,0,
CUST-006858,2022-03-19,South,One year,Mailed check,No internet,47,44.13,2074.11,1,0,
CUST-006859,2025-10-26,Midwest,Two year,Credit card,Fiber optic,28,69.16,1936.48,0,0,
CUST-006860,2023-04-02,Midwest,Two year,Electronic check,Fiber optic,29,50.1,1452.9,1,0,
CUST-006861,2025-11-05,South,Month-to-month,Mailed check,Fiber optic,9,63.1,567.9,3,0,
CUST-006862,2024-12-25,South,Month-to-month,Electronic check,Fiber optic,1,76.2,76.2,5,0,
CUST-006863,2022-03-23,West,One year,Credit card,Fiber optic,11,37.16,408.76,0,0,
CUST-006864,2024-04-19,West,Month-to-month,Bank transfer,Fiber optic,2,46.79,93.58,3,0,
CUST-006865,2022-02-13,Midwest,Month-to-month,Bank transfer,Fiber optic,22,59.61,1311.42,1,1,Moving / relocation
CUST-006866,2023-12-12,West,Two year,Bank transfer,Fiber optic,43,68.94,2964.42,1,0,
CUST-006867,2024-11-10,South,One year,Electronic check,DSL,22,59.86,1316.92,2,0,
CUST-006868,2024-12-09,Midwest,One year,Credit card,DSL,18,64.29,1157.22,0,0,
CUST-006869,2024-03-01,Northeast,One year,Credit card,DSL,42,55.93,2349.06,1,0,
CUST-006870,2023-01-11,South,Month-to-month,Bank transfer,Fiber optic,6,44.09,264.54,0,0,
CUST-006871,2024-01-31,South,One year,Electronic check,No internet,11,59.08,649.88,2,0,
CUST-006872,2025-12-19,West,One year,Bank transfer,Fiber optic,38,65.48,2488.24,1,1,Competitor offered better deal
CUST-006873,2024-02-24,Midwest,Month-to-month,Bank transfer,DSL,14,63.48,888.72,5,0,
CUST-006874,2022-12-28,South,Month-to-month,Credit card,DSL,21,72.66,1525.86,1,0,
CUST-006875,2025-03-01,South,One year,Electronic check,Fiber optic,20,80.16,1603.2,2,1,Poor customer service
CUST-006876,2023-06-28,West,Month-to-month,Credit card,Fiber optic,24,87.2,2092.8,2,1,Price too high
CUST-006877,2025-07-13,West,Two year,Credit card,DSL,20,57.24,1144.8,2,1,Competitor offered better deal
CUST-006878,2025-05-30,South,Month-to-month,Electronic check,DSL,1,42.34,42.34,3,0,
CUST-006879,2022-01-31,Midwest,Two year,Bank transfer,No internet,9,105.31,947.79,3,0,
CUST-006880,2025-02-25,South,Month-to-month,Electronic check,DSL,9,79.31,713.79,2,0,
CUST-006881,2025-02-10,South,One year,Electronic check,No internet,23,51.65,1187.95,2,1,Moving / relocation
CUST-006882,2022-08-12,West,One year,Bank transfer,DSL,20,76.62,1532.4,2,0,
CUST-006883,2022-07-10,South,Two year,Electronic check,Fiber optic,33,98.67,3256.11,1,0,
CUST-006884,2022-04-01,Northeast,Two year,Electronic check,No internet,14,121.92,1706.88,0,0,
CUST-006885,2023-05-13,South,Month-to-month,Bank transfer,DSL,1,75.96,75.96,0,1,Frequent service outages
CUST-006886,2024-08-13,Midwest,Month-to-month,Credit card,Fiber optic,3,98.41,295.23,3,0,
CUST-006887,2025-11-12,South,Month-to-month,Electronic check,DSL,23,47.6,1094.8,0,1,Poor customer service
CUST-006888,2024-10-13,South,One year,Electronic check,Fiber optic,20,69.3,1386.0,0,0,
CUST-006889,2024-06-03,West,Two year,Electronic check,No internet,8,62.98,503.84,0,0,
CUST-006890,2025-07-28,West,Month-to-month,Electronic check,DSL,42,78.23,3285.66,3,0,
CUST-006891,2022-03-30,Midwest,One year,Credit card,Fiber optic,11,117.4,1291.4,0,1,Price too high
CUST-006892,2022-02-13,Midwest,Month-to-month,Bank transfer,No internet,2,75.94,151.88,2,0,
CUST-006893,2022-04-26,West,Two year,Bank transfer,Fiber optic,2,51.93,103.86,3,1,Competitor offered better deal
CUST-006894,2025-06-23,Midwest,Month-to-month,Mailed check,Fiber optic,21,46.79,982.59,2,0,
CUST-006895,2023-04-01,Northeast,Two year,Credit card,Fiber optic,30,118.71,3561.3,1,0,
CUST-006896,2023-05-09,West,One year,Bank transfer,Fiber optic,33,82.63,2726.79,0,0,
CUST-006897,2023-10-29,South,Two year,Credit card,Fiber optic,15,80.91,1213.65,1,0,
CUST-006898,2023-06-13,Northeast,Month-to-month,Bank transfer,DSL,6,62.8,376.8,2,0,
CUST-006899,2025-11-11,South,Month-to-month,Credit card,Fiber optic,16,76.38,1222.08,0,0,
CUST-006900,2024-07-30,Midwest,Two year,Bank transfer,No internet,39,51.12,1993.68,4,0,
CUST-006901,2024-10-24,South,Month-to-month,Credit card,Fiber optic,3,79.35,238.05,1,0,
CUST-006902,2025-06-10,South,One year,Mailed check,Fiber optic,46,48.14,2214.44,1,0,
CUST-006903,2024-07-25,West,One year,Bank transfer,Fiber optic,29,62.49,1812.21,0,0,
CUST-006904,2023-08-27,Northeast,One year,Bank transfer,Fiber optic,5,57.07,285.35,1,0,
CUST-006905,2023-12-13,Midwest,Two year,Bank transfer,DSL,47,25.0,1175.0,3,0,
CUST-006906,2022-01-10,West,Month-to-month,Bank transfer,No internet,1,62.74,62.74,1,0,
CUST-006907,2023-05-01,Northeast,One year,Electronic check,Fiber optic,3,52.58,157.74,2,1,Price too high
CUST-006908,2024-08-04,West,Month-to-month,Credit card,Fiber optic,3,65.54,196.62,0,1,Poor customer service
CUST-006909,2023-01-11,Midwest,Month-to-month,Bank transfer,Fiber optic,12,70.14,841.68,1,0,
CUST-006910,2024-03-19,South,Month-to-month,Electronic check,DSL,10,123.44,1234.4,3,1,Price too high
CUST-006911,2023-12-02,Northeast,Month-to-month,Bank transfer,Fiber optic,25,77.29,1932.25,4,1,Price too high
CUST-006912,2025-11-20,Midwest,Month-to-month,Bank transfer,Fiber optic,4,78.02,312.08,2,1,Moving / relocation
CUST-006913,2025-11-23,South,Month-to-month,Electronic check,DSL,16,82.15,1314.4,2,1,Frequent service outages
CUST-006914,2024-02-11,West,Month-to-month,Mailed check,DSL,46,92.66,4262.36,3,0,
CUST-006915,2023-03-04,Midwest,Month-to-month,Bank transfer,Fiber optic,15,81.07,1216.05,4,1,Moving / relocation
CUST-006916,2024-07-09,West,Two year,Credit card,DSL,43,76.72,3298.96,2,0,
CUST-006917,2025-09-18,Midwest,Month-to-month,Mailed check,DSL,3,88.02,264.06,0,1,Price too high
CUST-006918,2025-06-30,Northeast,Month-to-month,Electronic check,Fiber optic,2,32.25,64.5,0,1,Competitor offered better deal
CUST-006919,2023-08-08,West,Month-to-month,Bank transfer,DSL,6,136.8,820.8,2,0,
CUST-006920,2023-01-30,South,Month-to-month,Electronic check,Fiber optic,27,116.6,3148.2,1,0,
CUST-006921,2024-05-28,Northeast,One year,Credit card,Fiber optic,2,75.15,150.3,1,0,
CUST-006922,2022-01-21,Northeast,Month-to-month,Credit card,Fiber optic,33,44.6,1471.8,2,1,Poor customer service
CUST-006923,2023-08-20,West,Month-to-month,Credit card,DSL,23,103.27,2375.21,3,1,Price too high
CUST-006924,2024-12-30,Northeast,One year,Mailed check,Fiber optic,32,56.15,1796.8,2,0,
CUST-006925,2024-02-27,South,Month-to-month,Electronic check,DSL,26,83.17,2162.42,2,0,
CUST-006926,2024-09-24,West,Month-to-month,Bank transfer,Fiber optic,1,46.5,46.5,1,0,
CUST-006927,2024-03-12,South,One year,Electronic check,DSL,18,142.94,2572.92,0,0,
CUST-006928,2025-07-10,West,Month-to-month,Electronic check,No internet,21,44.19,927.99,1,0,
CUST-006929,2024-07-18,Northeast,Month-to-month,Mailed check,Fiber optic,11,71.67,788.37,0,0,
CUST-006930,2022-12-07,South,Two year,Bank transfer,DSL,32,35.55,1137.6,0,0,
CUST-006931,2025-07-09,Northeast,One year,Mailed check,DSL,7,69.19,484.33,3,1,Competitor offered better deal
CUST-006932,2023-09-21,Midwest,Two year,Electronic check,No internet,25,61.19,1529.75,1,0,
CUST-006933,2022-05-01,West,Month-to-month,Electronic check,DSL,2,100.88,201.76,0,1,Moving / relocation
CUST-006934,2022-03-12,West,Two year,Bank transfer,DSL,19,61.18,1162.42,0,0,
CUST-006935,2024-06-15,Northeast,Month-to-month,Mailed check,DSL,3,100.92,302.76,1,1,Poor customer service
CUST-006936,2024-11-07,Midwest,One year,Bank transfer,No internet,22,50.52,1111.44,1,0,
CUST-006937,2022-11-25,South,One year,Bank transfer,No internet,34,64.06,2178.04,2,0,
CUST-006938,2022-10-06,Midwest,One year,Bank transfer,Fiber optic,23,64.47,1482.81,0,0,
CUST-006939,2023-06-11,Northeast,Month-to-month,Credit card,DSL,37,82.15,3039.55,0,0,
CUST-006940,2024-03-20,West,One year,Credit card,Fiber optic,18,78.88,1419.84,1,0,
CUST-006941,2022-01-15,West,One year,Electronic check,Fiber optic,15,88.33,1324.95,1,0,
CUST-006942,2024-01-08,Northeast,Month-to-month,Mailed check,DSL,22,76.35,1679.7,2,0,
CUST-006943,2022-05-15,West,Month-to-month,Credit card,Fiber optic,11,86.63,952.93,3,0,
CUST-006944,2023-08-21,West,Two year,Credit card,DSL,33,52.6,1735.8,1,0,
CUST-006945,2023-08-22,Midwest,One year,Electronic check,Fiber optic,39,79.39,3096.21,0,0,
CUST-006946,2022-03-13,South,One year,Credit card,DSL,20,117.29,2345.8,0,0,
CUST-006947,2022-02-21,South,Two year,Credit card,Fiber optic,34,40.95,1392.3,2,0,
CUST-006948,2024-06-04,Midwest,Month-to-month,Credit card,Fiber optic,2,81.98,163.96,2,0,
CUST-006949,2023-06-06,Northeast,One year,Electronic check,DSL,8,87.06,696.48,1,0,
CUST-006950,2024-01-18,South,One year,Bank transfer,DSL,14,111.9,1566.6,2,0,
CUST-006951,2022-09-25,Northeast,Month-to-month,Mailed check,DSL,19,88.44,1680.36,1,1,Price too high
CUST-006952,2022-12-20,West,Month-to-month,Mailed check,DSL,12,72.39,868.68,1,0,
CUST-006953,2023-04-13,South,Two year,Electronic check,DSL,25,80.45,2011.25,1,0,
CUST-006954,2024-08-25,South,Month-to-month,Electronic check,Fiber optic,39,55.41,2160.99,1,0,
CUST-006955,2023-09-14,South,Month-to-month,Credit card,Fiber optic,22,61.92,1362.24,1,0,
CUST-006956,2025-11-20,South,Month-to-month,Bank transfer,Fiber optic,22,45.72,1005.84,2,0,
CUST-006957,2025-07-15,West,One year,Bank transfer,Fiber optic,3,112.83,338.49,0,0,
CUST-006958,2025-09-21,South,One year,Electronic check,DSL,14,80.97,1133.58,1,0,
CUST-006959,2022-07-11,Midwest,Month-to-month,Credit card,Fiber optic,22,52.29,1150.38,0,1,Price too high
CUST-006960,2025-07-22,South,One year,Credit card,Fiber optic,39,76.47,2982.33,2,0,
CUST-006961,2022-01-27,Midwest,Month-to-month,Bank transfer,Fiber optic,6,101.59,609.54,2,1,Price too high
CUST-006962,2025-01-03,West,Month-to-month,Mailed check,DSL,1,96.32,96.32,2,0,
CUST-006963,2024-02-06,South,Two year,Electronic check,No internet,25,52.1,1302.5,2,0,
CUST-006964,2025-03-15,Midwest,Month-to-month,Bank transfer,DSL,9,25.72,231.48,1,0,
CUST-006965,2023-11-06,Northeast,Month-to-month,Credit card,Fiber optic,6,79.56,477.36,0,1,Poor customer service
CUST-006966,2024-11-07,Midwest,Two year,Credit card,Fiber optic,40,52.78,2111.2,0,0,
CUST-006967,2023-04-27,South,Two year,Electronic check,Fiber optic,38,85.55,3250.9,1,0,
CUST-006968,2023-08-22,Northeast,One year,Mailed check,Fiber optic,27,95.02,2565.54,2,0,
CUST-006969,2025-09-05,West,Month-to-month,Mailed check,DSL,19,100.12,1902.28,1,1,Competitor offered better deal
CUST-006970,2022-10-03,South,Two year,Mailed check,No internet,38,122.53,4656.14,0,0,
CUST-006971,2024-06-10,West,One year,Bank transfer,Fiber optic,15,104.13,1561.95,1,1,Moving / relocation
CUST-006972,2025-01-11,Northeast,Two year,Bank transfer,Fiber optic,41,122.71,5031.11,1,0,
CUST-006973,2022-10-20,Midwest,Month-to-month,Credit card,Fiber optic,16,108.99,1743.84,1,0,
CUST-006974,2024-06-19,Midwest,Month-to-month,Electronic check,DSL,46,112.08,5155.68,2,1,Price too high
CUST-006975,2024-02-20,South,Month-to-month,Mailed check,No internet,23,69.19,1591.37,1,0,
CUST-006976,2025-03-25,South,Month-to-month,Bank transfer,Fiber optic,4,46.41,185.64,0,1,Competitor offered better deal
CUST-006977,2024-08-13,Midwest,Month-to-month,Credit card,Fiber optic,15,150.0,2250.0,1,1,Price too high
CUST-006978,2025-10-25,South,Month-to-month,Credit card,Fiber optic,16,71.53,1144.48,1,1,Price too high
CUST-006979,2024-03-04,South,Month-to-month,Credit card,DSL,6,103.87,623.22,3,0,
CUST-006980,2023-07-29,Midwest,One year,Bank transfer,Fiber optic,35,58.79,2057.65,1,1,Moving / relocation
CUST-006981,2024-04-25,West,Two year,Electronic check,Fiber optic,17,95.44,1622.48,1,0,
CUST-006982,2025-08-13,Northeast,One year,Bank transfer,DSL,10,32.06,320.6,2,0,
CUST-006983,2022-01-16,South,One year,Credit card,Fiber optic,26,61.48,1598.48,2,1,Price too high
CUST-006984,2022-04-11,West,Month-to-month,Electronic check,Fiber optic,1,67.93,67.93,2,1,Frequent service outages
CUST-006985,2022-08-15,South,One year,Electronic check,Fiber optic,44,81.29,3576.76,0,0,
CUST-006986,2023-01-09,South,Month-to-month,Electronic check,Fiber optic,20,98.8,1976.0,2,0,
CUST-006987,2024-05-20,Northeast,Month-to-month,Bank transfer,DSL,1,49.4,49.4,0,0,
CUST-006988,2023-11-14,Northeast,One year,Bank transfer,Fiber optic,43,86.59,3723.37,0,0,
CUST-006989,2024-04-18,South,One year,Electronic check,DSL,27,103.81,2802.87,4,0,
CUST-006990,2025-10-04,South,Month-to-month,Electronic check,DSL,10,148.52,1485.2,1,1,Frequent service outages
CUST-006991,2022-01-24,Midwest,One year,Bank transfer,Fiber optic,31,87.89,2724.59,1,1,Moving / relocation
CUST-006992,2025-11-22,Midwest,Month-to-month,Mailed check,Fiber optic,26,60.52,1573.52,4,1,Price too high
CUST-006993,2023-03-15,Northeast,Month-to-month,Electronic check,DSL,1,46.67,46.67,0,0,
CUST-006994,2024-01-17,South,One year,Bank transfer,DSL,8,125.88,1007.04,0,0,
CUST-006995,2022-08-29,Midwest,Month-to-month,Electronic check,DSL,7,88.76,621.32,1,0,
CUST-006996,2024-05-01,Northeast,One year,Electronic check,DSL,44,69.61,3062.84,1,0,
CUST-006997,2022-12-14,West,Month-to-month,Electronic check,DSL,3,41.75,125.25,1,1,Frequent service outages
CUST-006998,2023-10-19,South,Two year,Electronic check,DSL,27,52.04,1405.08,0,0,
CUST-006999,2022-11-11,Midwest,One year,Electronic check,DSL,18,85.8,1544.4,0,1,Price too high
CUST-007000,2025-07-28,South,One year,Electronic check,DSL,1,78.51,78.51,0,0,
CUST-007001,2024-06-16,West,One year,Electronic check,No internet,45,37.61,1692.45,1,0,
CUST-007002,2025-06-01,Midwest,Two year,Bank transfer,No internet,1,85.84,85.84,2,1,Price too high
CUST-007003,2025-09-08,West,One year,Credit card,Fiber optic,42,42.44,1782.48,1,1,Competitor offered better deal
CUST-007004,2023-01-05,South,Two year,Electronic check,DSL,38,108.12,4108.56,1,0,
CUST-007005,2023-12-02,Midwest,One year,Bank transfer,Fiber optic,28,74.94,2098.32,3,0,
CUST-007006,2022-04-09,South,Month-to-month,Electronic check,No internet,1,60.44,60.44,2,0,
CUST-007007,2025-12-01,South,Two year,Credit card,Fiber optic,43,96.24,4138.32,4,0,
CUST-007008,2022-04-17,West,Two year,Electronic check,Fiber optic,29,78.5,2276.5,4,0,
CUST-007009,2022-08-14,West,One year,Electronic check,Fiber optic,20,107.12,2142.4,1,0,
CUST-007010,2025-08-08,South,One year,Mailed check,No internet,33,71.93,2373.69,0,0,
CUST-007011,2023-08-01,South,Month-to-month,Electronic check,No internet,3,73.29,219.87,2,0,
CUST-007012,2024-11-29,Midwest,Month-to-month,Electronic check,Fiber optic,14,63.99,895.86,0,1,Price too high
CUST-007013,2024-07-14,South,One year,Mailed check,Fiber optic,14,76.26,1067.64,1,1,Frequent service outages
CUST-007014,2022-09-09,West,One year,Bank transfer,DSL,28,120.7,3379.6,2,1,Frequent service outages
CUST-007015,2024-08-09,West,One year,Electronic check,Fiber optic,29,59.69,1731.01,4,0,
CUST-007016,2024-10-23,Midwest,Month-to-month,Electronic check,No internet,12,86.26,1035.12,2,1,Moving / relocation
CUST-007017,2022-06-23,South,Two year,Credit card,Fiber optic,12,52.89,634.68,2,0,
CUST-007018,2023-08-22,West,Month-to-month,Electronic check,DSL,46,36.19,1664.74,2,0,
CUST-007019,2022-06-06,South,One year,Electronic check,Fiber optic,25,74.92,1873.0,1,0,
CUST-007020,2024-05-03,Midwest,Month-to-month,Bank transfer,No internet,21,78.93,1657.53,1,0,
CUST-007021,2022-05-14,Northeast,One year,Electronic check,DSL,16,67.68,1082.88,0,1,Price too high
CUST-007022,2024-05-24,West,Month-to-month,Credit card,No internet,14,43.44,608.16,1,0,
CUST-007023,2024-12-10,South,One year,Electronic check,Fiber optic,14,77.28,1081.92,0,1,Price too high
CUST-007024,2024-09-23,West,One year,Electronic check,DSL,26,76.34,1984.84,4,1,Competitor offered better deal
CUST-007025,2022-04-14,Northeast,Month-to-month,Credit card,Fiber optic,9,52.75,474.75,3,0,
CUST-007026,2023-02-18,South,One year,Credit card,DSL,25,45.46,1136.5,0,0,
CUST-007027,2025-07-29,West,Month-to-month,Bank transfer,Fiber optic,15,64.67,970.05,0,0,
CUST-007028,2025-09-13,South,Two year,Electronic check,Fiber optic,47,86.4,4060.8,0,0,
CUST-007029,2022-06-17,Midwest,One year,Bank transfer,DSL,28,80.1,2242.8,2,1,Frequent service outages
CUST-007030,2025-07-06,Midwest,One year,Credit card,Fiber optic,19,52.89,1004.91,0,1,Frequent service outages
CUST-007031,2022-05-29,Northeast,Month-to-month,Bank transfer,DSL,1,73.25,73.25,1,0,
CUST-007032,2022-01-18,Northeast,Month-to-month,Credit card,DSL,27,93.12,2514.24,1,0,
CUST-007033,2022-07-07,Midwest,One year,Bank transfer,DSL,30,48.17,1445.1,2,1,Price too high
CUST-007034,2024-09-29,South,One year,Credit card,DSL,44,71.54,3147.76,2,0,
CUST-007035,2025-12-27,West,Month-to-month,Electronic check,Fiber optic,12,107.63,1291.56,3,0,
CUST-007036,2024-02-29,West,One year,Credit card,Fiber optic,8,46.62,372.96,2,0,
CUST-007037,2022-10-25,Northeast,One year,Credit card,DSL,6,101.47,608.82,1,1,Frequent service outages
CUST-007038,2024-01-12,Midwest,Month-to-month,Credit card,Fiber optic,27,117.7,3177.9,1,1,Competitor offered better deal
CUST-007039,2023-10-18,Northeast,Month-to-month,Credit card,No internet,2,65.29,130.58,3,0,
CUST-007040,2022-06-14,Midwest,Month-to-month,Credit card,Fiber optic,6,62.82,376.92,1,1,Price too high
CUST-007041,2023-06-13,South,Month-to-month,Bank transfer,Fiber optic,23,97.57,2244.11,4,0,
CUST-007042,2024-02-26,Midwest,One year,Bank transfer,Fiber optic,30,66.05,1981.5,1,0,
CUST-007043,2025-01-01,West,One year,Credit card,DSL,12,33.02,396.24,3,0,
CUST-007044,2024-12-12,Northeast,One year,Bank transfer,No internet,18,67.92,1222.56,0,0,
CUST-007045,2022-09-08,South,Two year,Bank transfer,DSL,36,81.49,2933.64,0,0,
CUST-007046,2022-01-22,West,Month-to-month,Bank transfer,DSL,8,88.84,710.72,0,0,
CUST-007047,2025-10-19,Northeast,One year,Credit card,No internet,24,52.89,1269.36,0,0,
CUST-007048,2023-09-12,West,One year,Electronic check,Fiber optic,20,64.31,1286.2,1,0,
CUST-007049,2023-06-07,West,One year,Bank transfer,Fiber optic,18,95.83,1724.94,0,0,
CUST-007050,2024-06-26,Midwest,One year,Bank transfer,DSL,7,68.77,481.39,2,0,
CUST-007051,2022-12-23,South,Month-to-month,Credit card,DSL,3,42.98,128.94,2,0,
CUST-007052,2022-08-06,Northeast,One year,Electronic check,Fiber optic,32,104.17,3333.44,0,0,
CUST-007053,2024-04-10,South,Month-to-month,Bank transfer,DSL,2,65.46,130.92,2,1,Price too high
CUST-007054,2025-12-15,South,One year,Electronic check,Fiber optic,8,99.4,795.2,1,0,
CUST-007055,2023-08-13,Northeast,One year,Bank transfer,DSL,12,44.86,538.32,2,0,
CUST-007056,2024-10-02,South,Month-to-month,Credit card,No internet,12,67.44,809.28,3,0,
CUST-007057,2023-10-07,West,One year,Bank transfer,Fiber optic,28,82.53,2310.84,1,0,
CUST-007058,2024-09-26,West,Month-to-month,Bank transfer,DSL,36,68.18,2454.48,2,1,Moving / relocation
CUST-007059,2024-11-17,West,One year,Mailed check,No internet,36,48.01,1728.36,2,0,
CUST-007060,2023-10-22,Northeast,Month-to-month,Bank transfer,Fiber optic,13,32.66,424.58,3,0,
CUST-007061,2023-11-11,Midwest,Two year,Credit card,Fiber optic,29,114.14,3310.06,2,0,
CUST-007062,2022-05-04,South,Two year,Bank transfer,No internet,4,75.9,303.6,1,0,
CUST-007063,2025-03-14,Northeast,Two year,Electronic check,Fiber optic,21,101.84,2138.64,1,0,
CUST-007064,2025-08-11,West,Month-to-month,Bank transfer,Fiber optic,2,94.37,188.74,0,0,
CUST-007065,2022-01-17,South,Month-to-month,Bank transfer,Fiber optic,2,84.86,169.72,3,1,Frequent service outages
CUST-007066,2022-03-24,Midwest,Two year,Bank transfer,Fiber optic,10,63.25,632.5,2,0,
CUST-007067,2024-08-11,West,Month-to-month,Bank transfer,DSL,1,82.0,82.0,1,0,
CUST-007068,2025-02-11,South,Month-to-month,Credit card,DSL,12,110.88,1330.56,4,0,
CUST-007069,2024-02-25,West,One year,Credit card,DSL,1,71.99,71.99,1,1,Price too high
CUST-007070,2022-09-04,South,One year,Electronic check,Fiber optic,36,128.84,4638.24,2,1,Price too high
CUST-007071,2024-10-19,West,One year,Bank transfer,No internet,22,43.39,954.58,1,0,
CUST-007072,2024-11-15,West,Two year,Bank transfer,Fiber optic,12,41.92,503.04,2,0,
CUST-007073,2024-02-14,West,Two year,Credit card,Fiber optic,40,96.18,3847.2,2,1,Moving / relocation
CUST-007074,2023-12-16,West,Month-to-month,Electronic check,No internet,6,53.95,323.7,0,0,
CUST-007075,2024-02-01,South,Month-to-month,Electronic check,Fiber optic,12,134.81,1617.72,1,0,
CUST-007076,2023-10-25,West,Two year,Bank transfer,Fiber optic,43,107.55,4624.65,3,0,
CUST-007077,2025-04-14,Midwest,Two year,Bank transfer,DSL,36,116.52,4194.72,2,0,
CUST-007078,2025-12-30,Northeast,Month-to-month,Electronic check,Fiber optic,6,93.04,558.24,0,1,Price too high
CUST-007079,2024-11-11,South,Month-to-month,Credit card,DSL,7,52.2,365.4,0,0,
CUST-007080,2025-12-28,Northeast,One year,Mailed check,No internet,13,41.22,535.86,2,1,Price too high
CUST-007081,2025-07-06,Midwest,Month-to-month,Electronic check,Fiber optic,4,113.13,452.52,2,1,Competitor offered better deal
CUST-007082,2022-03-21,South,Two year,Electronic check,No internet,9,43.39,390.51,2,0,
CUST-007083,2023-09-03,Midwest,Two year,Electronic check,Fiber optic,28,116.42,3259.76,1,1,Competitor offered better deal
CUST-007084,2025-08-02,Northeast,Month-to-month,Electronic check,No internet,1,86.86,86.86,0,0,
CUST-007085,2023-09-25,Midwest,One year,Mailed check,Fiber optic,14,68.42,957.88,2,0,
CUST-007086,2022-01-09,South,One year,Electronic check,DSL,16,80.76,1292.16,0,0,
CUST-007087,2022-04-23,South,One year,Bank transfer,DSL,33,81.36,2684.88,0,0,
CUST-007088,2024-05-27,Midwest,Month-to-month,Mailed check,Fiber optic,17,65.71,1117.07,3,0,
CUST-007089,2025-06-28,South,One year,Bank transfer,Fiber optic,10,110.63,1106.3,3,0,
CUST-007090,2025-04-13,Midwest,One year,Credit card,DSL,17,109.43,1860.31,0,0,
CUST-007091,2025-07-25,South,One year,Credit card,DSL,26,73.69,1915.94,1,0,
CUST-007092,2023-04-15,Midwest,Two year,Mailed check,Fiber optic,25,57.86,1446.5,2,0,
CUST-007093,2025-09-27,Northeast,Two year,Mailed check,DSL,31,106.47,3300.57,1,0,
CUST-007094,2024-10-22,Midwest,Two year,Bank transfer,Fiber optic,35,36.7,1284.5,2,0,
CUST-007095,2022-10-22,West,Two year,Mailed check,DSL,44,80.81,3555.64,3,0,
CUST-007096,2024-06-03,South,One year,Credit card,DSL,27,88.82,2398.14,0,0,
CUST-007097,2022-01-20,South,Two year,Bank transfer,DSL,12,53.78,645.36,0,0,
CUST-007098,2023-11-03,Northeast,Two year,Electronic check,DSL,9,95.74,861.66,3,0,
CUST-007099,2022-12-20,Northeast,One year,Mailed check,Fiber optic,18,69.52,1251.36,0,0,
CUST-007100,2025-05-28,South,Month-to-month,Credit card,Fiber optic,32,58.87,1883.84,3,0,
CUST-007101,2022-08-05,South,Month-to-month,Bank transfer,Fiber optic,17,95.41,1621.97,2,0,
CUST-007102,2024-09-25,Midwest,One year,Bank transfer,DSL,30,49.53,1485.9,0,0,
CUST-007103,2024-02-02,West,One year,Bank transfer,Fiber optic,18,92.59,1666.62,1,0,
CUST-007104,2025-03-08,West,One year,Bank transfer,Fiber optic,32,37.18,1189.76,1,0,
CUST-007105,2023-01-18,Northeast,One year,Electronic check,Fiber optic,13,76.82,998.66,0,1,Price too high
CUST-007106,2022-04-22,Midwest,Two year,Bank transfer,Fiber optic,25,71.1,1777.5,4,0,
CUST-007107,2024-08-30,West,Month-to-month,Electronic check,DSL,11,58.99,648.89,0,1,Moving / relocation
CUST-007108,2022-10-30,West,Month-to-month,Bank transfer,No internet,35,79.41,2779.35,1,1,Frequent service outages
CUST-007109,2024-11-30,Midwest,One year,Electronic check,Fiber optic,11,68.34,751.74,3,0,
CUST-007110,2024-05-26,West,Month-to-month,Credit card,Fiber optic,22,98.25,2161.5,3,1,Price too high
CUST-007111,2023-09-26,South,Two year,Bank transfer,Fiber optic,3,83.87,251.61,1,0,
CUST-007112,2025-04-19,South,Two year,Electronic check,DSL,7,81.03,567.21,0,0,
CUST-007113,2022-11-02,South,One year,Credit card,DSL,17,76.97,1308.49,0,0,
CUST-007114,2025-01-31,Midwest,One year,Bank transfer,Fiber optic,33,60.27,1988.91,2,0,
CUST-007115,2024-08-19,Midwest,Two year,Bank transfer,Fiber optic,39,63.65,2482.35,1,1,Moving / relocation
CUST-007116,2023-11-16,South,Two year,Mailed check,No internet,36,75.9,2732.4,2,1,Poor customer service
CUST-007117,2024-02-15,Midwest,One year,Bank transfer,DSL,23,66.32,1525.36,0,0,
CUST-007118,2025-04-13,Northeast,Two year,Bank transfer,DSL,15,100.05,1500.75,2,0,
CUST-007119,2023-07-31,Midwest,One year,Mailed check,Fiber optic,31,72.23,2239.13,1,1,Poor customer service
CUST-007120,2025-07-19,Northeast,Month-to-month,Bank transfer,DSL,38,79.07,3004.66,1,0,
CUST-007121,2025-12-10,South,One year,Electronic check,DSL,38,44.75,1700.5,1,0,
CUST-007122,2024-05-16,West,One year,Credit card,Fiber optic,15,94.81,1422.15,3,0,
CUST-007123,2023-11-18,South,Two year,Credit card,Fiber optic,21,58.21,1222.41,4,0,
CUST-007124,2022-08-07,South,Month-to-month,Mailed check,Fiber optic,12,50.22,602.64,2,1,Price too high
CUST-007125,2023-08-06,South,Month-to-month,Mailed check,DSL,6,118.72,712.32,1,1,Competitor offered better deal
CUST-007126,2024-06-04,South,One year,Electronic check,Fiber optic,42,87.64,3680.88,3,1,Competitor offered better deal
CUST-007127,2023-04-08,West,Two year,Credit card,Fiber optic,9,95.84,862.56,3,0,
CUST-007128,2023-04-04,West,One year,Electronic check,DSL,12,81.08,972.96,1,0,
CUST-007129,2022-03-26,South,Month-to-month,Credit card,DSL,22,68.05,1497.1,4,1,Poor customer service
CUST-007130,2023-06-07,South,Two year,Credit card,Fiber optic,20,64.11,1282.2,1,1,Competitor offered better deal
CUST-007131,2023-04-27,Midwest,One year,Mailed check,Fiber optic,23,89.96,2069.08,3,0,
CUST-007132,2025-07-29,Northeast,Two year,Credit card,Fiber optic,18,100.73,1813.14,1,0,
CUST-007133,2022-04-16,Northeast,Two year,Bank transfer,Fiber optic,33,68.59,2263.47,6,0,
CUST-007134,2025-12-10,Midwest,Month-to-month,Mailed check,Fiber optic,44,136.08,5987.52,1,1,Competitor offered better deal
CUST-007135,2024-06-08,Northeast,Two year,Credit card,No internet,2,65.82,131.64,1,1,Price too high
CUST-007136,2024-11-02,South,One year,Bank transfer,No internet,22,44.88,987.36,0,0,
CUST-007137,2024-09-20,Northeast,Two year,Electronic check,DSL,40,40.41,1616.4,2,1,Competitor offered better deal
CUST-007138,2023-04-04,West,Month-to-month,Bank transfer,Fiber optic,34,40.85,1388.9,2,1,Moving / relocation
CUST-007139,2024-12-11,Midwest,One year,Bank transfer,Fiber optic,10,61.41,614.1,0,0,
CUST-007140,2023-02-13,West,Month-to-month,Bank transfer,DSL,23,65.09,1497.07,0,1,Frequent service outages
CUST-007141,2023-02-17,Northeast,Month-to-month,Mailed check,Fiber optic,13,87.22,1133.86,0,0,
CUST-007142,2022-03-03,Northeast,Two year,Bank transfer,No internet,31,69.47,2153.57,1,0,
CUST-007143,2025-10-16,West,One year,Electronic check,DSL,35,91.82,3213.7,2,0,
CUST-007144,2022-03-29,South,Month-to-month,Bank transfer,No internet,11,71.12,782.32,1,0,
CUST-007145,2023-09-01,Northeast,Two year,Electronic check,No internet,17,70.41,1196.97,1,0,
CUST-007146,2022-04-20,West,Month-to-month,Bank transfer,Fiber optic,23,58.28,1340.44,1,1,Competitor offered better deal
CUST-007147,2025-11-16,South,One year,Credit card,Fiber optic,25,110.52,2763.0,0,0,
CUST-007148,2024-09-15,South,Two year,Electronic check,DSL,20,42.95,859.0,1,0,
CUST-007149,2024-04-24,South,One year,Electronic check,DSL,21,77.2,1621.2,1,0,
CUST-007150,2022-10-06,South,Month-to-month,Credit card,No internet,24,66.15,1587.6,1,0,
CUST-007151,2025-08-18,Northeast,One year,Mailed check,Fiber optic,10,90.03,900.3,1,0,
CUST-007152,2022-04-30,West,Two year,Mailed check,DSL,26,69.64,1810.64,1,0,
CUST-007153,2023-09-16,West,Month-to-month,Bank transfer,Fiber optic,11,70.3,773.3,3,0,
CUST-007154,2025-12-18,South,Month-to-month,Bank transfer,Fiber optic,2,64.37,128.74,3,1,Moving / relocation
CUST-007155,2023-06-26,South,One year,Electronic check,DSL,31,109.49,3394.19,0,1,Moving / relocation
CUST-007156,2024-11-09,West,Month-to-month,Credit card,Fiber optic,13,70.16,912.08,0,1,Frequent service outages
CUST-007157,2022-03-09,Northeast,Month-to-month,Electronic check,Fiber optic,14,131.67,1843.38,2,0,
CUST-007158,2024-05-30,West,Two year,Credit card,DSL,30,76.49,2294.7,1,0,
CUST-007159,2024-08-24,West,Month-to-month,Credit card,Fiber optic,1,70.6,70.6,0,0,
CUST-007160,2024-03-10,South,Month-to-month,Electronic check,DSL,6,66.92,401.52,1,1,Price too high
CUST-007161,2024-04-09,South,Two year,Credit card,Fiber optic,4,83.98,335.92,2,1,Price too high
CUST-007162,2025-10-30,South,One year,Bank transfer,DSL,29,58.07,1684.03,4,1,Frequent service outages
CUST-007163,2024-12-06,West,Two year,Credit card,Fiber optic,6,73.45,440.7,2,0,
CUST-007164,2024-06-17,West,Two year,Bank transfer,DSL,18,70.29,1265.22,4,0,
CUST-007165,2022-06-04,South,One year,Mailed check,Fiber optic,15,77.8,1167.0,2,0,
CUST-007166,2022-02-22,West,One year,Bank transfer,DSL,26,78.41,2038.66,1,0,
CUST-007167,2022-01-08,Midwest,Month-to-month,Bank transfer,DSL,15,79.73,1195.95,2,1,Competitor offered better deal
CUST-007168,2024-05-11,South,Month-to-month,Bank transfer,Fiber optic,1,72.27,72.27,1,1,Competitor offered better deal
CUST-007169,2024-03-26,West,One year,Bank transfer,DSL,26,115.82,3011.32,3,0,
CUST-007170,2023-09-22,South,One year,Credit card,Fiber optic,41,80.26,3290.66,2,0,
CUST-007171,2024-10-09,West,One year,Electronic check,Fiber optic,29,150.0,4350.0,0,0,
CUST-007172,2025-12-30,South,Two year,Credit card,Fiber optic,18,71.23,1282.14,0,0,
CUST-007173,2023-02-03,South,Month-to-month,Mailed check,DSL,24,95.28,2286.72,0,1,Competitor offered better deal
CUST-007174,2023-12-11,Northeast,Month-to-month,Electronic check,DSL,7,55.57,388.99,0,0,
CUST-007175,2022-03-03,South,Month-to-month,Electronic check,No internet,9,109.76,987.84,1,1,Price too high
CUST-007176,2025-02-17,South,Month-to-month,Credit card,Fiber optic,22,55.96,1231.12,2,1,Price too high
CUST-007177,2022-01-31,West,Two year,Credit card,Fiber optic,29,81.12,2352.48,2,0,
CUST-007178,2025-04-10,South,One year,Mailed check,Fiber optic,24,64.42,1546.08,0,0,
CUST-007179,2025-01-10,South,One year,Credit card,DSL,28,81.02,2268.56,3,0,
CUST-007180,2022-03-17,South,One year,Electronic check,Fiber optic,22,65.03,1430.66,2,1,Price too high
CUST-007181,2025-12-26,West,Month-to-month,Electronic check,Fiber optic,2,54.46,108.92,2,0,
CUST-007182,2025-11-08,South,Two year,Electronic check,No internet,26,64.27,1671.02,1,1,Frequent service outages
CUST-007183,2023-06-21,South,Month-to-month,Mailed check,Fiber optic,5,114.81,574.05,0,0,
CUST-007184,2024-01-30,Midwest,Month-to-month,Bank transfer,Fiber optic,3,81.41,244.23,0,1,Competitor offered better deal
CUST-007185,2025-02-17,West,Month-to-month,Electronic check,Fiber optic,17,46.41,788.97,0,1,Price too high
CUST-007186,2025-04-26,South,One year,Electronic check,Fiber optic,42,99.54,4180.68,1,0,
CUST-007187,2022-01-27,Northeast,One year,Mailed check,Fiber optic,18,52.71,948.78,0,0,
CUST-007188,2024-07-25,Northeast,Month-to-month,Electronic check,Fiber optic,7,88.93,622.51,2,0,
CUST-007189,2022-08-17,South,One year,Bank transfer,Fiber optic,11,83.68,920.48,1,0,
CUST-007190,2023-10-21,South,Month-to-month,Bank transfer,Fiber optic,4,85.39,341.56,1,0,
CUST-007191,2025-10-06,Midwest,Month-to-month,Electronic check,Fiber optic,16,126.85,2029.6,1,1,Poor customer service
CUST-007192,2023-02-05,Northeast,Two year,Electronic check,Fiber optic,38,53.78,2043.64,1,0,
CUST-007193,2024-01-04,South,Month-to-month,Bank transfer,No internet,41,85.24,3494.84,1,0,
CUST-007194,2022-10-02,Northeast,Two year,Credit card,Fiber optic,32,104.91,3357.12,0,0,
CUST-007195,2025-11-12,South,One year,Bank transfer,Fiber optic,40,57.06,2282.4,1,0,
CUST-007196,2024-11-06,West,One year,Bank transfer,DSL,32,55.22,1767.04,1,1,Price too high
CUST-007197,2022-10-15,South,Month-to-month,Credit card,DSL,23,63.95,1470.85,2,0,
CUST-007198,2022-04-24,Northeast,One year,Credit card,DSL,21,77.78,1633.38,3,1,Poor customer service
CUST-007199,2025-01-22,South,One year,Mailed check,Fiber optic,3,44.64,133.92,0,1,Competitor offered better deal
CUST-007200,2022-12-22,Northeast,One year,Credit card,DSL,20,83.63,1672.6,1,0,
CUST-007201,2025-03-02,West,One year,Bank transfer,DSL,42,44.67,1876.14,1,0,
CUST-007202,2024-02-07,South,Month-to-month,Bank transfer,Fiber optic,21,106.05,2227.05,2,1,Poor customer service
CUST-007203,2025-07-19,Midwest,One year,Bank transfer,Fiber optic,20,82.63,1652.6,0,0,
CUST-007204,2022-11-18,South,One year,Mailed check,Fiber optic,3,129.31,387.93,1,0,
CUST-007205,2023-03-04,Northeast,Month-to-month,Credit card,Fiber optic,1,86.84,86.84,1,0,
CUST-007206,2024-03-14,Midwest,Two year,Electronic check,Fiber optic,15,63.59,953.85,2,1,Moving / relocation
CUST-007207,2025-08-18,Midwest,One year,Mailed check,Fiber optic,18,54.29,977.22,0,0,
CUST-007208,2023-06-12,South,One year,Electronic check,No internet,16,75.67,1210.72,2,0,
CUST-007209,2024-06-12,South,One year,Bank transfer,DSL,23,69.43,1596.89,0,0,
CUST-007210,2023-01-29,Northeast,Month-to-month,Electronic check,Fiber optic,32,102.47,3279.04,1,1,Price too high
CUST-007211,2024-09-04,West,Month-to-month,Mailed check,Fiber optic,31,52.08,1614.48,1,0,
CUST-007212,2024-11-11,Midwest,Month-to-month,Credit card,DSL,1,133.85,133.85,2,1,Price too high
CUST-007213,2022-05-16,West,Two year,Electronic check,Fiber optic,37,105.42,3900.54,0,0,
CUST-007214,2022-12-21,Midwest,One year,Electronic check,DSL,11,65.69,722.59,3,1,Competitor offered better deal
CUST-007215,2024-01-09,South,Month-to-month,Bank transfer,No internet,2,124.62,249.24,2,0,
CUST-007216,2022-10-16,South,Month-to-month,Mailed check,Fiber optic,18,54.57,982.26,1,0,
CUST-007217,2022-11-10,South,One year,Electronic check,Fiber optic,32,74.87,2395.84,4,1,Frequent service outages
CUST-007218,2022-09-05,Midwest,One year,Electronic check,No internet,13,46.6,605.8,0,0,
CUST-007219,2024-09-19,South,Month-to-month,Electronic check,Fiber optic,19,126.58,2405.02,3,0,
CUST-007220,2022-10-24,South,Month-to-month,Electronic check,Fiber optic,8,41.38,331.04,2,1,Moving / relocation
CUST-007221,2025-12-09,South,One year,Credit card,DSL,13,44.21,574.73,2,0,
CUST-007222,2022-01-19,South,Month-to-month,Mailed check,Fiber optic,8,57.22,457.76,1,1,Poor customer service
CUST-007223,2023-03-24,West,Month-to-month,Bank transfer,Fiber optic,9,107.03,963.27,0,1,Moving / relocation
CUST-007224,2024-11-11,West,One year,Electronic check,DSL,24,95.16,2283.84,4,0,
CUST-007225,2023-10-31,Midwest,Month-to-month,Credit card,Fiber optic,34,72.9,2478.6,1,0,
CUST-007226,2024-04-06,Northeast,One year,Credit card,Fiber optic,31,97.13,3011.03,0,0,
CUST-007227,2022-03-22,Northeast,Month-to-month,Mailed check,Fiber optic,2,67.56,135.12,1,0,
CUST-007228,2022-03-11,Midwest,Month-to-month,Bank transfer,Fiber optic,4,80.25,321.0,0,1,Competitor offered better deal
CUST-007229,2022-09-21,South,Two year,Mailed check,DSL,30,118.93,3567.9,0,0,
CUST-007230,2023-12-07,South,Month-to-month,Electronic check,No internet,6,64.79,388.74,1,1,Frequent service outages
CUST-007231,2024-01-24,South,Month-to-month,Mailed check,No internet,42,54.86,2304.12,2,0,
CUST-007232,2025-05-04,Northeast,Month-to-month,Bank transfer,Fiber optic,31,81.49,2526.19,1,1,Poor customer service
CUST-007233,2022-06-21,South,One year,Mailed check,No internet,32,88.84,2842.88,0,0,
CUST-007234,2023-12-02,West,Two year,Mailed check,Fiber optic,27,72.63,1961.01,3,0,
CUST-007235,2023-06-12,West,One year,Bank transfer,Fiber optic,19,96.65,1836.35,1,0,
CUST-007236,2025-12-31,South,One year,Credit card,Fiber optic,12,65.73,788.76,1,0,
CUST-007237,2025-10-08,Northeast,Month-to-month,Credit card,DSL,41,73.03,2994.23,2,0,
CUST-007238,2022-05-30,South,Two year,Bank transfer,Fiber optic,9,79.03,711.27,1,0,
CUST-007239,2024-08-24,Northeast,Two year,Bank transfer,DSL,21,76.86,1614.06,2,0,
CUST-007240,2024-06-15,South,One year,Bank transfer,DSL,35,117.48,4111.8,0,1,Poor customer service
CUST-007241,2022-01-05,Midwest,Month-to-month,Mailed check,Fiber optic,5,78.91,394.55,2,1,Frequent service outages
CUST-007242,2024-02-09,Northeast,One year,Bank transfer,DSL,45,63.61,2862.45,0,0,
CUST-007243,2024-10-15,Midwest,One year,Electronic check,Fiber optic,9,83.01,747.09,0,0,
CUST-007244,2024-05-05,Northeast,Month-to-month,Credit card,Fiber optic,20,96.82,1936.4,0,1,Competitor offered better deal
CUST-007245,2024-08-08,West,Month-to-month,Electronic check,Fiber optic,7,89.82,628.74,1,0,
CUST-007246,2024-01-28,Northeast,One year,Electronic check,DSL,10,88.24,882.4,2,0,
CUST-007247,2025-09-22,Midwest,One year,Electronic check,Fiber optic,11,43.41,477.51,1,1,Competitor offered better deal
CUST-007248,2024-04-01,South,One year,Credit card,DSL,33,31.58,1042.14,1,1,Frequent service outages
CUST-007249,2024-11-21,West,One year,Electronic check,Fiber optic,29,105.43,3057.47,2,0,
CUST-007250,2025-08-22,West,Month-to-month,Bank transfer,DSL,17,80.68,1371.56,0,0,
CUST-007251,2024-02-27,Midwest,One year,Mailed check,Fiber optic,25,69.62,1740.5,1,0,
CUST-007252,2023-06-17,Northeast,One year,Bank transfer,Fiber optic,3,87.55,262.65,0,1,Frequent service outages
CUST-007253,2024-09-23,South,One year,Bank transfer,Fiber optic,42,129.9,5455.8,3,0,
CUST-007254,2024-08-22,South,Two year,Credit card,Fiber optic,15,110.2,1653.0,2,1,Poor customer service
CUST-007255,2025-02-05,Midwest,One year,Mailed check,Fiber optic,15,95.38,1430.7,1,0,
CUST-007256,2022-11-21,South,Two year,Mailed check,DSL,44,52.79,2322.76,2,0,
CUST-007257,2022-01-29,West,One year,Electronic check,Fiber optic,13,55.03,715.39,2,0,
CUST-007258,2023-06-04,Midwest,Month-to-month,Bank transfer,Fiber optic,20,32.67,653.4,2,1,Price too high
CUST-007259,2025-02-03,South,Two year,Credit card,Fiber optic,11,85.86,944.46,2,0,
CUST-007260,2024-02-25,South,One year,Electronic check,No internet,14,99.96,1399.44,1,0,
CUST-007261,2022-04-22,South,Two year,Credit card,Fiber optic,12,102.6,1231.2,0,0,
CUST-007262,2024-11-01,South,One year,Electronic check,Fiber optic,8,87.02,696.16,1,1,Price too high
CUST-007263,2024-05-07,West,One year,Credit card,Fiber optic,16,66.73,1067.68,0,0,
CUST-007264,2025-08-27,Midwest,Month-to-month,Bank transfer,DSL,25,58.52,1463.0,3,0,
CUST-007265,2023-07-29,West,Month-to-month,Credit card,Fiber optic,19,53.83,1022.77,0,0,
CUST-007266,2024-10-25,South,Month-to-month,Bank transfer,Fiber optic,1,66.53,66.53,1,1,Frequent service outages
CUST-007267,2025-06-24,West,Two year,Bank transfer,No internet,45,51.27,2307.15,0,0,
CUST-007268,2024-10-04,West,Two year,Electronic check,No internet,30,122.97,3689.1,0,0,
CUST-007269,2025-08-28,South,One year,Mailed check,Fiber optic,23,46.21,1062.83,2,0,
CUST-007270,2023-09-17,Northeast,Month-to-month,Credit card,DSL,6,65.82,394.92,4,0,
CUST-007271,2022-02-04,South,Month-to-month,Electronic check,No internet,4,37.73,150.92,2,0,
CUST-007272,2022-12-13,Midwest,Month-to-month,Credit card,No internet,5,77.08,385.4,1,0,
CUST-007273,2022-08-09,Midwest,Two year,Mailed check,Fiber optic,32,70.05,2241.6,1,0,
CUST-007274,2024-11-03,Midwest,One year,Mailed check,DSL,13,62.54,813.02,0,1,Competitor offered better deal
CUST-007275,2024-08-13,West,Month-to-month,Bank transfer,Fiber optic,6,52.01,312.06,0,1,Poor customer service
CUST-007276,2023-07-01,West,Two year,Electronic check,DSL,16,70.16,1122.56,2,0,
CUST-007277,2023-11-22,West,Month-to-month,Bank transfer,DSL,1,58.9,58.9,4,0,
CUST-007278,2025-07-01,Northeast,Two year,Credit card,DSL,26,67.1,1744.6,1,0,
CUST-007279,2023-05-16,Midwest,One year,Electronic check,No internet,9,131.15,1180.35,1,0,
CUST-007280,2025-06-12,Northeast,Month-to-month,Electronic check,Fiber optic,1,74.08,74.08,1,0,
CUST-007281,2022-09-16,West,One year,Electronic check,Fiber optic,7,83.14,581.98,1,0,
CUST-007282,2022-04-25,Northeast,Month-to-month,Bank transfer,DSL,14,60.42,845.88,3,0,
CUST-007283,2023-01-06,South,Two year,Bank transfer,Fiber optic,25,54.54,1363.5,3,0,
CUST-007284,2022-02-26,South,Month-to-month,Credit card,DSL,3,69.59,208.77,2,1,Price too high
CUST-007285,2022-04-02,Midwest,Month-to-month,Mailed check,DSL,9,150.0,1350.0,1,0,
CUST-007286,2023-11-05,South,Month-to-month,Electronic check,DSL,3,63.94,191.82,3,1,Price too high
CUST-007287,2023-08-22,Midwest,Month-to-month,Electronic check,DSL,10,78.7,787.0,0,1,Competitor offered better deal
CUST-007288,2022-11-24,Midwest,Month-to-month,Mailed check,Fiber optic,13,53.78,699.14,1,0,
CUST-007289,2022-08-26,Northeast,Two year,Bank transfer,Fiber optic,10,29.03,290.3,0,0,
CUST-007290,2022-12-16,South,Month-to-month,Credit card,No internet,4,54.45,217.8,0,1,Price too high
CUST-007291,2024-12-19,West,Two year,Electronic check,Fiber optic,47,150.0,7050.0,0,1,Competitor offered better deal
CUST-007292,2023-08-23,Midwest,One year,Credit card,DSL,19,84.82,1611.58,0,0,
CUST-007293,2024-05-02,South,Month-to-month,Bank transfer,Fiber optic,21,118.52,2488.92,1,1,Poor customer service
CUST-007294,2025-02-15,Midwest,Two year,Credit card,DSL,26,62.72,1630.72,0,0,
CUST-007295,2025-02-06,Midwest,Month-to-month,Credit card,Fiber optic,7,32.98,230.86,2,0,
CUST-007296,2022-08-30,South,Month-to-month,Credit card,DSL,12,49.17,590.04,2,0,
CUST-007297,2024-05-28,Midwest,Month-to-month,Mailed check,Fiber optic,20,79.6,1592.0,1,1,Competitor offered better deal
CUST-007298,2025-10-22,South,One year,Mailed check,Fiber optic,18,75.64,1361.52,0,0,
CUST-007299,2023-11-16,West,Month-to-month,Electronic check,Fiber optic,1,69.87,69.87,3,0,
CUST-007300,2024-06-04,Midwest,One year,Electronic check,Fiber optic,31,59.16,1833.96,1,0,
CUST-007301,2025-07-08,South,One year,Bank transfer,No internet,15,94.7,1420.5,0,0,
CUST-007302,2025-01-23,Midwest,One year,Credit card,Fiber optic,16,59.71,955.36,0,0,
CUST-007303,2023-06-13,South,One year,Bank transfer,Fiber optic,29,77.36,2243.44,1,1,Moving / relocation
CUST-007304,2022-08-20,South,Month-to-month,Mailed check,Fiber optic,16,74.63,1194.08,1,0,
CUST-007305,2024-09-18,West,One year,Electronic check,Fiber optic,42,62.31,2617.02,0,0,
CUST-007306,2022-08-08,South,Month-to-month,Bank transfer,Fiber optic,23,52.88,1216.24,0,0,
CUST-007307,2023-06-27,Midwest,One year,Electronic check,DSL,20,61.15,1223.0,2,1,Moving / relocation
CUST-007308,2023-04-08,West,Month-to-month,Electronic check,No internet,6,127.68,766.08,3,1,Moving / relocation
CUST-007309,2022-07-17,West,Month-to-month,Electronic check,Fiber optic,11,100.08,1100.88,0,0,
CUST-007310,2025-07-31,South,Month-to-month,Credit card,DSL,17,97.18,1652.06,0,0,
CUST-007311,2025-05-21,South,One year,Mailed check,No internet,15,54.51,817.65,2,0,
CUST-007312,2025-05-07,South,Month-to-month,Credit card,No internet,6,44.25,265.5,2,0,
CUST-007313,2023-05-01,South,Month-to-month,Bank transfer,DSL,8,99.57,796.56,0,0,
CUST-007314,2023-01-24,South,One year,Bank transfer,No internet,9,93.65,842.85,0,0,
CUST-007315,2023-12-26,South,Two year,Credit card,Fiber optic,32,73.25,2344.0,2,0,
CUST-007316,2023-09-01,Midwest,Month-to-month,Credit card,DSL,24,62.27,1494.48,0,0,
CUST-007317,2023-06-27,Northeast,Month-to-month,Electronic check,DSL,2,43.88,87.76,1,0,
CUST-007318,2024-01-01,Midwest,One year,Electronic check,Fiber optic,28,92.53,2590.84,0,1,Competitor offered better deal
CUST-007319,2024-09-24,Midwest,Two year,Electronic check,Fiber optic,39,102.47,3996.33,0,0,
CUST-007320,2023-04-20,West,Month-to-month,Mailed check,Fiber optic,5,56.41,282.05,0,0,
CUST-007321,2025-01-12,West,Month-to-month,Electronic check,Fiber optic,16,54.92,878.72,1,1,Frequent service outages
CUST-007322,2025-10-20,South,One year,Bank transfer,Fiber optic,14,104.29,1460.06,3,0,
CUST-007323,2024-06-19,Northeast,One year,Mailed check,DSL,19,57.09,1084.71,1,0,
CUST-007324,2024-09-19,Northeast,Two year,Credit card,DSL,14,123.88,1734.32,3,0,
CUST-007325,2024-04-21,Northeast,One year,Credit card,DSL,35,67.7,2369.5,1,0,
CUST-007326,2023-09-23,South,One year,Bank transfer,DSL,48,61.95,2973.6,1,0,
CUST-007327,2022-02-16,South,One year,Bank transfer,Fiber optic,17,71.12,1209.04,0,0,
CUST-007328,2022-01-12,West,Two year,Electronic check,Fiber optic,45,61.95,2787.75,4,0,
CUST-007329,2023-10-15,Midwest,Two year,Electronic check,Fiber optic,29,100.52,2915.08,0,0,
CUST-007330,2022-03-26,Northeast,Month-to-month,Mailed check,No internet,4,93.08,372.32,0,1,Competitor offered better deal
CUST-007331,2023-01-21,Midwest,One year,Credit card,No internet,19,99.3,1886.7,1,0,
CUST-007332,2024-03-11,South,Month-to-month,Electronic check,DSL,31,74.37,2305.47,3,0,
CUST-007333,2022-02-23,Northeast,Two year,Mailed check,Fiber optic,21,60.58,1272.18,4,0,
CUST-007334,2025-01-08,West,One year,Credit card,No internet,16,69.9,1118.4,2,0,
CUST-007335,2024-02-19,South,Month-to-month,Mailed check,Fiber optic,24,61.18,1468.32,1,0,
CUST-007336,2024-06-19,West,One year,Credit card,Fiber optic,10,112.09,1120.9,1,1,Competitor offered better deal
CUST-007337,2022-09-08,West,One year,Credit card,DSL,15,96.61,1449.15,0,0,
CUST-007338,2025-03-31,South,One year,Electronic check,DSL,28,68.08,1906.24,0,0,
CUST-007339,2024-05-05,West,One year,Bank transfer,No internet,8,52.12,416.96,0,0,
CUST-007340,2025-02-04,South,Two year,Electronic check,DSL,42,114.79,4821.18,0,0,
CUST-007341,2022-05-09,Midwest,Month-to-month,Mailed check,No internet,5,73.24,366.2,0,0,
CUST-007342,2025-03-19,Midwest,Two year,Credit card,DSL,4,67.25,269.0,0,1,Frequent service outages
CUST-007343,2024-02-16,West,Two year,Electronic check,No internet,2,115.11,230.22,1,0,
CUST-007344,2024-06-08,Midwest,Month-to-month,Credit card,DSL,17,59.55,1012.35,0,1,Frequent service outages
CUST-007345,2022-02-07,South,One year,Credit card,DSL,30,63.3,1899.0,0,0,
CUST-007346,2025-06-14,Midwest,Two year,Bank transfer,DSL,22,65.12,1432.64,1,0,
CUST-007347,2022-02-12,Northeast,Month-to-month,Mailed check,No internet,3,46.0,138.0,0,1,Moving / relocation
CUST-007348,2023-05-08,South,Two year,Electronic check,Fiber optic,9,77.56,698.04,0,0,
CUST-007349,2023-02-19,South,Month-to-month,Mailed check,DSL,18,54.93,988.74,0,0,
CUST-007350,2022-08-13,West,One year,Electronic check,Fiber optic,7,58.4,408.8,1,0,
CUST-007351,2025-07-04,Midwest,One year,Electronic check,DSL,23,55.96,1287.08,2,0,
CUST-007352,2025-03-15,Midwest,One year,Electronic check,DSL,35,58.1,2033.5,1,0,
CUST-007353,2024-05-05,West,Month-to-month,Bank transfer,Fiber optic,2,53.6,107.2,0,0,
CUST-007354,2023-03-12,South,Month-to-month,Electronic check,DSL,24,75.88,1821.12,4,1,Price too high
CUST-007355,2025-04-09,Midwest,Month-to-month,Mailed check,DSL,11,66.7,733.7,1,0,
CUST-007356,2022-12-03,West,One year,Bank transfer,Fiber optic,33,71.19,2349.27,1,0,
CUST-007357,2023-05-04,Northeast,Month-to-month,Electronic check,DSL,22,148.89,3275.58,0,1,Price too high
CUST-007358,2024-03-24,South,Month-to-month,Mailed check,Fiber optic,21,66.7,1400.7,1,0,
CUST-007359,2024-05-03,West,One year,Electronic check,DSL,33,85.08,2807.64,0,0,
CUST-007360,2024-03-31,Northeast,Month-to-month,Electronic check,No internet,4,88.23,352.92,2,1,Price too high
CUST-007361,2022-09-09,South,Month-to-month,Electronic check,Fiber optic,5,68.71,343.55,0,0,
CUST-007362,2022-04-20,Midwest,Month-to-month,Electronic check,Fiber optic,7,76.52,535.64,1,1,Frequent service outages
CUST-007363,2023-10-17,Midwest,One year,Bank transfer,Fiber optic,1,70.57,70.57,0,0,
CUST-007364,2024-07-01,Midwest,Month-to-month,Electronic check,DSL,13,74.8,972.4,2,0,
CUST-007365,2022-02-26,West,Two year,Mailed check,Fiber optic,30,58.11,1743.3,0,0,
CUST-007366,2022-11-29,Northeast,Month-to-month,Bank transfer,DSL,31,59.85,1855.35,3,1,Competitor offered better deal
CUST-007367,2023-12-14,Northeast,Month-to-month,Bank transfer,Fiber optic,15,70.49,1057.35,2,0,
CUST-007368,2022-07-14,Northeast,One year,Mailed check,DSL,36,37.3,1342.8,0,0,
CUST-007369,2025-08-21,Northeast,Month-to-month,Credit card,DSL,7,113.15,792.05,0,0,
CUST-007370,2025-11-10,South,One year,Credit card,DSL,12,139.98,1679.76,2,1,Competitor offered better deal
CUST-007371,2024-03-11,Midwest,Two year,Bank transfer,DSL,36,74.03,2665.08,0,0,
CUST-007372,2023-03-03,West,Month-to-month,Mailed check,DSL,7,86.74,607.18,2,0,
CUST-007373,2025-07-30,West,Month-to-month,Electronic check,Fiber optic,20,99.08,1981.6,1,0,
CUST-007374,2023-08-25,South,Two year,Mailed check,Fiber optic,26,45.88,1192.88,2,0,
CUST-007375,2024-03-24,Midwest,Month-to-month,Bank transfer,Fiber optic,27,94.35,2547.45,1,1,Frequent service outages
CUST-007376,2022-07-29,West,One year,Credit card,Fiber optic,13,61.16,795.08,1,0,
CUST-007377,2023-03-23,Northeast,One year,Credit card,Fiber optic,8,145.92,1167.36,0,0,
CUST-007378,2025-10-15,West,Month-to-month,Electronic check,DSL,2,66.01,132.02,1,1,Price too high
CUST-007379,2024-05-25,Midwest,Month-to-month,Credit card,DSL,5,93.75,468.75,0,1,Competitor offered better deal
CUST-007380,2022-01-23,South,One year,Credit card,No internet,28,66.22,1854.16,1,1,Price too high
CUST-007381,2023-10-05,South,One year,Bank transfer,Fiber optic,38,141.59,5380.42,4,0,
CUST-007382,2022-01-14,South,Two year,Credit card,DSL,3,59.5,178.5,0,0,
CUST-007383,2023-11-29,Midwest,Month-to-month,Mailed check,DSL,18,101.78,1832.04,1,0,
CUST-007384,2023-08-16,Midwest,Two year,Mailed check,Fiber optic,16,85.67,1370.72,2,0,
CUST-007385,2024-04-02,South,Month-to-month,Credit card,DSL,10,79.79,797.9,2,1,Competitor offered better deal
CUST-007386,2022-06-26,West,Month-to-month,Electronic check,Fiber optic,1,75.44,75.44,1,1,Price too high
CUST-007387,2022-11-29,Midwest,One year,Bank transfer,Fiber optic,33,56.63,1868.79,1,0,
CUST-007388,2022-10-12,South,Two year,Credit card,Fiber optic,2,30.64,61.28,0,0,
CUST-007389,2025-04-29,Northeast,Month-to-month,Credit card,Fiber optic,6,98.87,593.22,2,0,
CUST-007390,2023-02-25,Northeast,Two year,Electronic check,Fiber optic,39,59.95,2338.05,0,0,
CUST-007391,2024-09-29,Northeast,One year,Bank transfer,No internet,28,101.93,2854.04,2,0,
CUST-007392,2023-11-17,West,Two year,Electronic check,Fiber optic,24,78.46,1883.04,2,0,
CUST-007393,2023-05-20,South,Two year,Credit card,Fiber optic,11,102.93,1132.23,1,0,
CUST-007394,2025-07-24,South,One year,Bank transfer,DSL,8,90.61,724.88,0,0,
CUST-007395,2024-03-25,South,One year,Bank transfer,No internet,23,31.86,732.78,1,0,
CUST-007396,2023-09-09,Northeast,Month-to-month,Credit card,Fiber optic,4,85.35,341.4,3,0,
CUST-007397,2022-02-18,South,Two year,Bank transfer,DSL,26,62.8,1632.8,2,0,
CUST-007398,2025-02-26,West,Month-to-month,Bank transfer,Fiber optic,2,101.78,203.56,0,1,Price too high
CUST-007399,2024-04-21,South,Month-to-month,Bank transfer,Fiber optic,3,84.71,254.13,1,1,Competitor offered better deal
CUST-007400,2025-11-04,South,One year,Bank transfer,No internet,6,85.03,510.18,1,0,
CUST-007401,2025-03-22,South,One year,Bank transfer,DSL,21,64.26,1349.46,0,0,
CUST-007402,2025-05-18,Midwest,One year,Credit card,DSL,14,52.35,732.9,2,0,
CUST-007403,2025-02-03,Midwest,One year,Electronic check,Fiber optic,7,61.04,427.28,0,1,Moving / relocation
CUST-007404,2025-05-31,Northeast,Month-to-month,Mailed check,DSL,18,39.41,709.38,0,0,
CUST-007405,2025-02-04,South,Month-to-month,Mailed check,Fiber optic,24,58.04,1392.96,0,0,
CUST-007406,2025-03-13,Midwest,Month-to-month,Electronic check,Fiber optic,11,43.88,482.68,1,0,
CUST-007407,2024-10-09,Midwest,Two year,Credit card,DSL,34,44.25,1504.5,2,0,
CUST-007408,2022-06-17,Northeast,One year,Bank transfer,DSL,17,72.77,1237.09,3,0,
CUST-007409,2023-01-02,West,Two year,Electronic check,DSL,17,83.17,1413.89,2,0,
CUST-007410,2022-09-07,Northeast,Month-to-month,Bank transfer,Fiber optic,5,69.4,347.0,2,0,
CUST-007411,2025-12-28,South,Two year,Mailed check,DSL,6,59.76,358.56,3,0,
CUST-007412,2023-02-05,Midwest,Month-to-month,Bank transfer,No internet,12,51.77,621.24,0,0,
CUST-007413,2023-02-17,Midwest,One year,Electronic check,No internet,28,63.34,1773.52,2,0,
CUST-007414,2024-09-12,West,Two year,Electronic check,Fiber optic,7,53.89,377.23,0,0,
CUST-007415,2022-05-31,Midwest,One year,Electronic check,Fiber optic,18,68.71,1236.78,0,0,
CUST-007416,2023-09-05,Midwest,Two year,Mailed check,DSL,2,43.08,86.16,1,0,
CUST-007417,2024-05-30,West,Two year,Bank transfer,DSL,29,87.74,2544.46,0,0,
CUST-007418,2024-01-05,Midwest,Month-to-month,Bank transfer,No internet,2,58.47,116.94,4,0,
CUST-007419,2022-01-07,South,Month-to-month,Electronic check,Fiber optic,9,79.08,711.72,3,0,
CUST-007420,2025-04-02,West,Two year,Bank transfer,DSL,17,93.12,1583.04,1,0,
CUST-007421,2023-12-04,Midwest,One year,Bank transfer,Fiber optic,30,77.86,2335.8,2,0,
CUST-007422,2022-02-18,South,Two year,Credit card,No internet,35,90.53,3168.55,4,1,Poor customer service
CUST-007423,2022-03-20,Midwest,Month-to-month,Electronic check,Fiber optic,14,36.19,506.66,3,0,
CUST-007424,2025-06-18,Northeast,Month-to-month,Bank transfer,No internet,7,59.88,419.16,2,0,
CUST-007425,2025-12-03,South,Two year,Bank transfer,No internet,19,99.78,1895.82,3,1,Frequent service outages
CUST-007426,2024-04-04,Midwest,Two year,Bank transfer,Fiber optic,38,82.51,3135.38,1,0,
CUST-007427,2024-09-06,Northeast,Month-to-month,Mailed check,DSL,5,126.66,633.3,3,1,Moving / relocation
CUST-007428,2024-05-14,West,Month-to-month,Electronic check,Fiber optic,35,120.95,4233.25,1,0,
CUST-007429,2024-03-06,South,Month-to-month,Electronic check,Fiber optic,19,77.16,1466.04,0,0,
CUST-007430,2023-02-14,Northeast,Month-to-month,Credit card,Fiber optic,1,64.67,64.67,1,1,Price too high
CUST-007431,2022-11-20,Midwest,Two year,Bank transfer,No internet,34,51.59,1754.06,2,0,
CUST-007432,2022-08-29,South,Month-to-month,Bank transfer,Fiber optic,2,60.2,120.4,6,1,Moving / relocation
CUST-007433,2022-04-24,Midwest,Month-to-month,Bank transfer,Fiber optic,18,61.52,1107.36,1,0,
CUST-007434,2024-04-15,Northeast,One year,Electronic check,DSL,10,57.98,579.8,0,0,
CUST-007435,2024-08-10,West,Two year,Mailed check,Fiber optic,29,52.25,1515.25,0,0,
CUST-007436,2025-05-15,South,Month-to-month,Bank transfer,Fiber optic,3,79.72,239.16,2,1,Competitor offered better deal
CUST-007437,2025-09-09,South,Two year,Electronic check,Fiber optic,5,120.65,603.25,1,0,
CUST-007438,2025-01-09,West,One year,Credit card,Fiber optic,26,94.5,2457.0,0,0,
CUST-007439,2024-12-30,Midwest,One year,Electronic check,DSL,43,63.23,2718.89,1,0,
CUST-007440,2025-03-14,South,One year,Bank transfer,DSL,2,96.98,193.96,1,1,Price too high
CUST-007441,2024-01-17,Northeast,Month-to-month,Mailed check,DSL,12,78.33,939.96,0,0,
CUST-007442,2023-05-08,Midwest,Two year,Credit card,Fiber optic,39,69.2,2698.8,2,0,
CUST-007443,2023-10-06,Northeast,One year,Credit card,DSL,14,67.83,949.62,1,0,
CUST-007444,2024-07-07,Midwest,Two year,Mailed check,Fiber optic,24,65.76,1578.24,2,0,
CUST-007445,2024-06-06,West,Month-to-month,Bank transfer,Fiber optic,41,86.34,3539.94,1,1,Poor customer service
CUST-007446,2024-04-05,Midwest,One year,Credit card,No internet,35,73.31,2565.85,1,0,
CUST-007447,2025-06-12,Northeast,Two year,Bank transfer,DSL,11,55.53,610.83,0,0,
CUST-007448,2022-05-10,West,Two year,Electronic check,DSL,32,54.68,1749.76,0,0,
CUST-007449,2024-08-08,South,Two year,Credit card,Fiber optic,33,77.32,2551.56,2,0,
CUST-007450,2024-02-27,Northeast,One year,Mailed check,Fiber optic,25,80.41,2010.25,2,1,Moving / relocation
CUST-007451,2022-04-11,Midwest,One year,Electronic check,DSL,22,63.42,1395.24,3,0,
CUST-007452,2022-01-03,Northeast,One year,Credit card,No internet,45,48.8,2196.0,1,0,
CUST-007453,2022-01-16,Midwest,One year,Credit card,DSL,42,104.62,4394.04,1,1,Competitor offered better deal
CUST-007454,2024-12-10,Midwest,One year,Electronic check,Fiber optic,48,97.74,4691.52,0,0,
CUST-007455,2025-11-03,West,Two year,Mailed check,DSL,33,37.12,1224.96,1,0,
CUST-007456,2025-07-22,South,One year,Electronic check,Fiber optic,18,107.63,1937.34,3,0,
CUST-007457,2022-02-03,South,Month-to-month,Credit card,Fiber optic,6,65.57,393.42,3,1,Frequent service outages
CUST-007458,2025-07-20,West,Two year,Credit card,DSL,7,74.5,521.5,0,0,
CUST-007459,2024-06-25,Northeast,Two year,Credit card,DSL,8,100.91,807.28,0,0,
CUST-007460,2023-04-19,South,Month-to-month,Electronic check,DSL,18,118.96,2141.28,3,0,
CUST-007461,2022-10-26,South,One year,Electronic check,Fiber optic,6,96.63,579.78,1,0,
CUST-007462,2024-06-11,South,Two year,Bank transfer,Fiber optic,11,75.73,833.03,1,0,
CUST-007463,2022-09-05,Northeast,Month-to-month,Electronic check,DSL,2,45.14,90.28,3,1,Price too high
CUST-007464,2024-12-26,Midwest,Two year,Electronic check,DSL,26,36.66,953.16,4,0,
CUST-007465,2022-10-31,Northeast,Two year,Electronic check,DSL,29,92.85,2692.65,1,0,
CUST-007466,2024-07-24,Midwest,One year,Bank transfer,DSL,19,107.71,2046.49,1,0,
CUST-007467,2025-10-19,South,Month-to-month,Bank transfer,DSL,36,54.02,1944.72,0,0,
CUST-007468,2022-01-21,West,One year,Credit card,DSL,24,64.31,1543.44,1,0,
CUST-007469,2022-08-12,South,Two year,Electronic check,Fiber optic,47,58.66,2757.02,3,0,
CUST-007470,2024-02-06,West,One year,Credit card,Fiber optic,13,58.16,756.08,1,0,
CUST-007471,2024-04-21,West,Month-to-month,Bank transfer,DSL,4,98.89,395.56,1,1,Price too high
CUST-007472,2024-01-23,Midwest,Month-to-month,Mailed check,DSL,14,75.18,1052.52,2,1,Frequent service outages
CUST-007473,2022-09-05,South,Two year,Bank transfer,Fiber optic,16,65.15,1042.4,1,0,
CUST-007474,2025-03-28,South,One year,Credit card,No internet,19,150.0,2850.0,1,0,
CUST-007475,2023-04-26,Northeast,Two year,Electronic check,Fiber optic,35,44.3,1550.5,3,0,
CUST-007476,2025-03-20,South,Month-to-month,Credit card,No internet,17,83.54,1420.18,0,0,
CUST-007477,2025-07-27,West,One year,Bank transfer,DSL,2,50.12,100.24,0,0,
CUST-007478,2024-08-20,South,Month-to-month,Bank transfer,DSL,38,66.66,2533.08,3,0,
CUST-007479,2025-04-04,Midwest,Two year,Credit card,Fiber optic,38,73.52,2793.76,1,0,
CUST-007480,2022-08-15,South,Two year,Bank transfer,DSL,31,91.86,2847.66,0,0,
CUST-007481,2023-01-27,Northeast,Month-to-month,Bank transfer,Fiber optic,20,64.48,1289.6,1,1,Poor customer service
CUST-007482,2024-03-28,Northeast,Month-to-month,Mailed check,No internet,1,62.34,62.34,2,1,Competitor offered better deal
CUST-007483,2023-09-07,Northeast,Two year,Bank transfer,Fiber optic,34,64.12,2180.08,3,0,
CUST-007484,2025-07-18,Midwest,One year,Credit card,Fiber optic,14,49.62,694.68,1,0,
CUST-007485,2025-10-26,South,Month-to-month,Credit card,DSL,2,85.83,171.66,3,0,
CUST-007486,2022-08-27,West,Month-to-month,Credit card,Fiber optic,9,76.71,690.39,0,0,
CUST-007487,2025-10-25,West,Two year,Credit card,DSL,36,80.58,2900.88,2,0,
CUST-007488,2025-06-06,Midwest,Two year,Bank transfer,DSL,35,68.56,2399.6,1,0,
CUST-007489,2023-02-08,West,Month-to-month,Credit card,Fiber optic,2,65.91,131.82,0,1,Moving / relocation
CUST-007490,2022-05-02,Northeast,One year,Electronic check,Fiber optic,7,102.12,714.84,0,0,
CUST-007491,2023-07-13,Midwest,Month-to-month,Mailed check,Fiber optic,9,97.22,874.98,3,0,
CUST-007492,2025-11-08,South,Two year,Bank transfer,DSL,20,110.25,2205.0,0,0,
CUST-007493,2022-01-30,Midwest,Two year,Bank transfer,Fiber optic,15,78.98,1184.7,1,0,
CUST-007494,2025-11-10,South,Month-to-month,Bank transfer,Fiber optic,19,108.08,2053.52,0,0,
CUST-007495,2022-12-06,Northeast,One year,Credit card,Fiber optic,38,61.37,2332.06,0,0,
CUST-007496,2025-12-08,South,One year,Credit card,Fiber optic,42,65.74,2761.08,2,0,
CUST-007497,2024-03-18,Midwest,Month-to-month,Credit card,Fiber optic,1,102.76,102.76,1,0,
CUST-007498,2023-05-13,Midwest,Two year,Credit card,Fiber optic,23,91.83,2112.09,0,0,
CUST-007499,2024-08-12,West,Two year,Credit card,Fiber optic,39,63.88,2491.32,2,0,
CUST-007500,2025-06-01,West,Month-to-month,Bank transfer,Fiber optic,15,50.16,752.4,1,0,
CUST-007501,2023-04-27,Midwest,Month-to-month,Electronic check,Fiber optic,25,65.68,1642.0,3,0,
CUST-007502,2023-05-17,Midwest,Month-to-month,Credit card,DSL,7,56.31,394.17,0,0,
CUST-007503,2024-09-18,West,One year,Electronic check,Fiber optic,22,121.73,2678.06,2,1,Moving / relocation
CUST-007504,2022-05-28,South,Month-to-month,Bank transfer,Fiber optic,20,89.41,1788.2,0,0,
CUST-007505,2024-10-09,Northeast,One year,Electronic check,DSL,39,54.87,2139.93,3,0,
CUST-007506,2023-09-22,Midwest,Two year,Bank transfer,No internet,33,50.18,1655.94,0,0,
CUST-007507,2023-02-12,South,One year,Mailed check,No internet,10,54.65,546.5,1,0,
CUST-007508,2025-03-17,South,Two year,Bank transfer,DSL,40,58.63,2345.2,0,0,
CUST-007509,2024-06-23,Northeast,Month-to-month,Credit card,Fiber optic,16,66.46,1063.36,0,0,
CUST-007510,2022-02-05,South,Month-to-month,Electronic check,DSL,7,100.15,701.05,3,1,Poor customer service
CUST-007511,2025-10-29,South,Two year,Electronic check,DSL,27,51.46,1389.42,2,0,
CUST-007512,2023-10-07,West,Two year,Credit card,No internet,12,145.86,1750.32,1,1,Frequent service outages
CUST-007513,2022-01-05,South,One year,Electronic check,DSL,10,51.84,518.4,4,1,Poor customer service
CUST-007514,2024-05-30,Northeast,One year,Bank transfer,DSL,13,44.66,580.58,0,0,
CUST-007515,2023-05-22,Midwest,Month-to-month,Credit card,Fiber optic,21,120.33,2526.93,0,0,
CUST-007516,2025-04-06,South,One year,Bank transfer,Fiber optic,8,107.0,856.0,3,0,
CUST-007517,2024-09-23,Midwest,Month-to-month,Electronic check,DSL,1,66.13,66.13,1,0,
CUST-007518,2022-12-31,South,Month-to-month,Bank transfer,No internet,19,79.2,1504.8,2,1,Competitor offered better deal
CUST-007519,2025-07-12,Northeast,One year,Credit card,Fiber optic,11,79.85,878.35,4,0,
CUST-007520,2022-06-10,Midwest,Month-to-month,Mailed check,Fiber optic,10,73.24,732.4,1,0,
CUST-007521,2023-05-26,Midwest,Month-to-month,Bank transfer,Fiber optic,11,46.3,509.3,3,0,
CUST-007522,2022-10-24,South,Month-to-month,Electronic check,Fiber optic,29,31.68,918.72,2,0,
CUST-007523,2022-12-03,Northeast,Month-to-month,Credit card,No internet,1,53.5,53.5,0,0,
CUST-007524,2024-06-13,Midwest,One year,Electronic check,Fiber optic,5,125.36,626.8,1,1,Moving / relocation
CUST-007525,2025-03-17,West,Two year,Mailed check,Fiber optic,30,126.94,3808.2,2,0,
CUST-007526,2024-06-21,South,Month-to-month,Electronic check,Fiber optic,7,64.47,451.29,2,1,Price too high
CUST-007527,2022-02-19,South,Month-to-month,Credit card,DSL,8,51.6,412.8,1,0,
CUST-007528,2023-06-10,South,Two year,Bank transfer,DSL,18,76.63,1379.34,1,0,
CUST-007529,2024-04-10,Northeast,Month-to-month,Electronic check,Fiber optic,41,80.68,3307.88,0,0,
CUST-007530,2024-01-26,West,Month-to-month,Electronic check,No internet,5,84.96,424.8,1,0,
CUST-007531,2023-12-12,Midwest,Month-to-month,Credit card,DSL,31,31.23,968.13,2,0,
CUST-007532,2023-06-29,Midwest,One year,Electronic check,Fiber optic,21,150.0,3150.0,1,1,Price too high
CUST-007533,2022-07-09,Midwest,Month-to-month,Bank transfer,Fiber optic,6,100.72,604.32,0,0,
CUST-007534,2022-05-13,Northeast,Two year,Bank transfer,Fiber optic,37,65.8,2434.6,2,0,
CUST-007535,2022-01-10,West,One year,Credit card,Fiber optic,17,55.71,947.07,0,1,Poor customer service
CUST-007536,2022-05-12,Northeast,Month-to-month,Bank transfer,Fiber optic,25,96.15,2403.75,5,1,Competitor offered better deal
CUST-007537,2025-01-10,South,Month-to-month,Credit card,Fiber optic,5,82.15,410.75,2,1,Price too high
CUST-007538,2024-01-13,South,One year,Electronic check,Fiber optic,28,72.2,2021.6,1,1,Poor customer service
CUST-007539,2025-04-23,Northeast,Two year,Mailed check,Fiber optic,22,81.18,1785.96,2,0,
CUST-007540,2025-09-20,South,Month-to-month,Electronic check,DSL,4,67.62,270.48,0,0,
CUST-007541,2022-02-08,Midwest,Month-to-month,Mailed check,DSL,46,79.73,3667.58,3,0,
CUST-007542,2023-10-02,South,Month-to-month,Bank transfer,Fiber optic,5,88.45,442.25,3,1,Price too high
CUST-007543,2023-04-02,West,Month-to-month,Bank transfer,Fiber optic,13,78.25,1017.25,1,1,Moving / relocation
CUST-007544,2024-02-02,Northeast,Two year,Credit card,No internet,47,76.95,3616.65,1,0,
CUST-007545,2024-10-18,Midwest,Two year,Credit card,Fiber optic,27,109.48,2955.96,0,0,
CUST-007546,2025-03-27,South,Month-to-month,Mailed check,Fiber optic,33,42.05,1387.65,2,0,
CUST-007547,2023-12-12,West,One year,Bank transfer,Fiber optic,24,54.31,1303.44,2,0,
CUST-007548,2024-03-07,West,Two year,Bank transfer,Fiber optic,37,70.7,2615.9,3,0,
CUST-007549,2022-02-21,West,Month-to-month,Credit card,Fiber optic,4,55.5,222.0,3,1,Competitor offered better deal
CUST-007550,2022-03-21,West,Two year,Electronic check,No internet,33,61.76,2038.08,0,1,Frequent service outages
CUST-007551,2023-06-14,Northeast,Month-to-month,Bank transfer,DSL,4,105.86,423.44,2,1,Price too high
CUST-007552,2023-07-04,West,One year,Mailed check,DSL,9,66.84,601.56,0,0,
CUST-007553,2023-10-14,Northeast,One year,Mailed check,No internet,25,39.04,976.0,1,0,
CUST-007554,2022-02-02,South,One year,Bank transfer,Fiber optic,22,61.22,1346.84,0,0,
CUST-007555,2022-12-21,South,One year,Electronic check,No internet,8,71.42,571.36,1,1,Price too high
CUST-007556,2025-09-05,South,Month-to-month,Electronic check,No internet,6,71.0,426.0,1,1,Price too high
CUST-007557,2022-03-05,Northeast,One year,Credit card,DSL,15,83.76,1256.4,1,0,
CUST-007558,2025-12-02,West,One year,Electronic check,No internet,42,81.6,3427.2,4,1,Price too high
CUST-007559,2024-11-04,Northeast,Month-to-month,Mailed check,DSL,1,67.06,67.06,1,1,Price too high
CUST-007560,2022-11-23,West,Month-to-month,Bank transfer,Fiber optic,12,47.86,574.32,1,1,Price too high
CUST-007561,2025-03-24,South,One year,Bank transfer,Fiber optic,15,60.88,913.2,1,0,
CUST-007562,2024-03-06,Midwest,One year,Bank transfer,DSL,7,57.44,402.08,0,0,
CUST-007563,2024-01-18,Northeast,Month-to-month,Credit card,DSL,20,63.99,1279.8,4,0,
CUST-007564,2022-04-22,West,Month-to-month,Mailed check,Fiber optic,8,87.46,699.68,2,0,
CUST-007565,2024-05-27,South,One year,Electronic check,Fiber optic,21,79.78,1675.38,2,1,Moving / relocation
CUST-007566,2022-11-19,South,Month-to-month,Electronic check,Fiber optic,46,91.26,4197.96,1,0,
CUST-007567,2023-04-26,South,Month-to-month,Bank transfer,Fiber optic,7,62.0,434.0,1,0,
CUST-007568,2022-05-08,West,Month-to-month,Mailed check,Fiber optic,13,113.6,1476.8,2,0,
CUST-007569,2025-01-23,South,One year,Credit card,Fiber optic,23,86.95,1999.85,2,0,
CUST-007570,2022-01-06,West,Two year,Bank transfer,Fiber optic,35,72.67,2543.45,2,0,
CUST-007571,2024-06-10,Midwest,Two year,Bank transfer,No internet,7,85.04,595.28,5,1,Moving / relocation
CUST-007572,2024-08-12,West,Two year,Credit card,Fiber optic,12,56.47,677.64,1,0,
CUST-007573,2023-11-23,South,Two year,Credit card,No internet,12,35.7,428.4,2,0,
CUST-007574,2023-09-30,West,Month-to-month,Bank transfer,Fiber optic,30,57.73,1731.9,1,0,
CUST-007575,2023-05-28,West,Month-to-month,Bank transfer,Fiber optic,4,89.05,356.2,2,0,
CUST-007576,2024-10-12,West,Month-to-month,Electronic check,DSL,10,71.93,719.3,1,0,
CUST-007577,2024-11-24,South,Month-to-month,Bank transfer,No internet,21,67.1,1409.1,2,0,
CUST-007578,2025-11-17,South,Two year,Electronic check,DSL,16,53.45,855.2,2,0,
CUST-007579,2022-02-17,South,Two year,Bank transfer,No internet,42,37.49,1574.58,1,0,
CUST-007580,2025-08-01,South,Two year,Credit card,Fiber optic,40,110.6,4424.0,0,0,
CUST-007581,2023-11-20,South,One year,Bank transfer,Fiber optic,1,65.59,65.59,3,0,
CUST-007582,2022-02-22,Northeast,One year,Electronic check,No internet,16,61.1,977.6,1,1,Competitor offered better deal
CUST-007583,2025-09-17,Midwest,Month-to-month,Electronic check,DSL,12,56.55,678.6,2,0,
CUST-007584,2023-08-21,South,Month-to-month,Credit card,Fiber optic,24,104.74,2513.76,2,1,Poor customer service
CUST-007585,2024-07-13,West,Two year,Electronic check,Fiber optic,1,92.95,92.95,2,1,Poor customer service
CUST-007586,2025-09-28,Northeast,Month-to-month,Bank transfer,DSL,2,51.44,102.88,1,1,Moving / relocation
CUST-007587,2024-08-31,Northeast,One year,Credit card,Fiber optic,27,101.76,2747.52,0,0,
CUST-007588,2025-11-07,West,Month-to-month,Electronic check,Fiber optic,12,66.93,803.16,0,0,
CUST-007589,2023-03-07,South,One year,Bank transfer,Fiber optic,8,57.66,461.28,1,0,
CUST-007590,2024-11-23,Midwest,Two year,Electronic check,Fiber optic,27,63.82,1723.14,0,0,
CUST-007591,2022-06-01,Northeast,One year,Bank transfer,Fiber optic,9,54.56,491.04,1,1,Price too high
CUST-007592,2023-01-05,South,Two year,Electronic check,Fiber optic,29,45.94,1332.26,0,0,
CUST-007593,2022-11-17,South,Month-to-month,Electronic check,DSL,23,89.87,2067.01,1,0,
CUST-007594,2023-09-22,Northeast,Two year,Electronic check,Fiber optic,23,65.32,1502.36,2,0,
CUST-007595,2022-05-06,South,Two year,Credit card,DSL,29,85.41,2476.89,2,0,
CUST-007596,2023-02-17,West,Two year,Bank transfer,DSL,29,76.85,2228.65,2,0,
CUST-007597,2022-03-10,South,Two year,Credit card,Fiber optic,16,83.56,1336.96,0,0,
CUST-007598,2023-01-06,Midwest,Two year,Bank transfer,DSL,7,36.43,255.01,0,0,
CUST-007599,2022-03-20,West,Month-to-month,Credit card,Fiber optic,2,53.12,106.24,0,1,Price too high
CUST-007600,2023-01-13,Northeast,Two year,Bank transfer,Fiber optic,20,84.12,1682.4,0,0,
CUST-007601,2025-06-04,Northeast,One year,Mailed check,Fiber optic,8,46.62,372.96,0,1,Competitor offered better deal
CUST-007602,2024-10-03,South,Month-to-month,Bank transfer,DSL,2,78.99,157.98,2,0,
CUST-007603,2022-03-13,West,One year,Electronic check,Fiber optic,20,44.92,898.4,1,0,
CUST-007604,2024-10-25,Midwest,One year,Credit card,DSL,14,70.48,986.72,1,0,
CUST-007605,2025-09-27,South,Month-to-month,Credit card,Fiber optic,6,117.35,704.1,2,1,Frequent service outages
CUST-007606,2024-04-12,South,Month-to-month,Electronic check,Fiber optic,7,89.83,628.81,1,0,
CUST-007607,2023-03-11,South,Month-to-month,Credit card,Fiber optic,37,38.77,1434.49,2,1,Price too high
CUST-007608,2025-10-06,Northeast,Month-to-month,Electronic check,Fiber optic,11,91.97,1011.67,3,1,Price too high
CUST-007609,2025-10-03,Northeast,One year,Bank transfer,Fiber optic,19,125.6,2386.4,0,0,
CUST-007610,2025-01-16,South,Month-to-month,Credit card,Fiber optic,2,150.0,300.0,1,1,Price too high
CUST-007611,2023-08-30,West,Month-to-month,Electronic check,Fiber optic,4,81.62,326.48,2,1,Price too high
CUST-007612,2023-09-07,West,One year,Electronic check,DSL,12,45.3,543.6,0,0,
CUST-007613,2023-01-21,West,One year,Credit card,Fiber optic,33,80.57,2658.81,1,0,
CUST-007614,2025-04-17,West,Month-to-month,Mailed check,No internet,2,116.83,233.66,2,0,
CUST-007615,2025-06-07,Midwest,Month-to-month,Bank transfer,DSL,2,66.03,132.06,1,0,
CUST-007616,2022-12-21,Northeast,Two year,Credit card,DSL,38,97.89,3719.82,0,0,
CUST-007617,2023-09-08,Northeast,Two year,Electronic check,Fiber optic,13,53.59,696.67,2,0,
CUST-007618,2023-08-31,South,One year,Electronic check,Fiber optic,44,78.98,3475.12,1,0,
CUST-007619,2025-02-16,South,Month-to-month,Credit card,Fiber optic,19,31.61,600.59,1,0,
CUST-007620,2022-03-19,West,Two year,Bank transfer,Fiber optic,43,51.72,2223.96,1,0,
CUST-007621,2023-08-16,Northeast,One year,Bank transfer,DSL,48,69.97,3358.56,2,0,
CUST-007622,2025-08-29,Midwest,One year,Mailed check,No internet,40,62.41,2496.4,3,0,
CUST-007623,2024-03-14,Northeast,Month-to-month,Credit card,Fiber optic,19,46.24,878.56,1,0,
CUST-007624,2023-02-08,Midwest,One year,Electronic check,Fiber optic,10,59.75,597.5,2,1,Frequent service outages
CUST-007625,2025-10-17,Midwest,Month-to-month,Electronic check,DSL,17,77.9,1324.3,0,0,
CUST-007626,2022-05-31,Midwest,Two year,Mailed check,Fiber optic,29,68.2,1977.8,2,0,
CUST-007627,2023-10-21,Northeast,Month-to-month,Bank transfer,DSL,1,71.49,71.49,0,1,Competitor offered better deal
CUST-007628,2025-02-02,South,Month-to-month,Electronic check,DSL,5,88.61,443.05,0,1,Competitor offered better deal
CUST-007629,2023-07-20,Midwest,Two year,Mailed check,DSL,29,62.81,1821.49,1,0,
CUST-007630,2025-10-12,Northeast,One year,Bank transfer,Fiber optic,32,108.3,3465.6,1,0,
CUST-007631,2025-04-05,Midwest,Month-to-month,Bank transfer,Fiber optic,17,51.08,868.36,2,0,
CUST-007632,2025-05-10,West,Month-to-month,Electronic check,DSL,16,129.93,2078.88,0,0,
CUST-007633,2023-12-05,West,Two year,Bank transfer,Fiber optic,26,100.1,2602.6,4,0,
CUST-007634,2023-04-18,Midwest,One year,Mailed check,DSL,31,62.56,1939.36,1,1,Price too high
CUST-007635,2024-11-25,Northeast,Month-to-month,Mailed check,Fiber optic,6,63.91,383.46,0,0,
CUST-007636,2025-12-28,South,Month-to-month,Electronic check,Fiber optic,21,74.9,1572.9,1,1,Moving / relocation
CUST-007637,2024-04-28,West,Month-to-month,Credit card,Fiber optic,11,84.91,934.01,3,0,
CUST-007638,2023-02-08,South,One year,Bank transfer,DSL,38,99.51,3781.38,0,0,
CUST-007639,2025-10-17,South,One year,Electronic check,Fiber optic,36,45.65,1643.4,1,0,
CUST-007640,2022-12-03,South,One year,Mailed check,Fiber optic,44,80.64,3548.16,4,0,
CUST-007641,2022-07-12,South,Month-to-month,Electronic check,Fiber optic,3,35.61,106.83,0,0,
CUST-007642,2022-10-21,West,One year,Bank transfer,DSL,19,66.24,1258.56,1,0,
CUST-007643,2022-10-19,South,Month-to-month,Bank transfer,DSL,5,111.64,558.2,3,1,Moving / relocation
CUST-007644,2022-01-22,Northeast,One year,Electronic check,Fiber optic,20,44.54,890.8,1,0,
CUST-007645,2023-02-25,West,One year,Credit card,Fiber optic,8,42.02,336.16,1,0,
CUST-007646,2024-04-28,Midwest,One year,Mailed check,DSL,31,75.24,2332.44,2,0,
CUST-007647,2025-08-12,Northeast,Two year,Electronic check,DSL,37,109.29,4043.73,1,0,
CUST-007648,2024-12-10,South,Month-to-month,Electronic check,Fiber optic,3,77.8,233.4,2,1,Poor customer service
CUST-007649,2024-12-01,West,Two year,Electronic check,Fiber optic,40,38.11,1524.4,1,1,Price too high
CUST-007650,2024-06-07,South,One year,Credit card,DSL,43,40.91,1759.13,1,0,
CUST-007651,2025-04-22,Northeast,One year,Bank transfer,DSL,27,72.33,1952.91,0,0,
CUST-007652,2024-02-18,South,Two year,Credit card,Fiber optic,40,48.07,1922.8,0,0,
CUST-007653,2025-02-17,West,Month-to-month,Electronic check,Fiber optic,3,73.24,219.72,1,1,Price too high
CUST-007654,2024-07-26,South,Month-to-month,Mailed check,DSL,20,74.64,1492.8,1,0,
CUST-007655,2022-08-04,Midwest,Two year,Mailed check,Fiber optic,10,59.94,599.4,0,0,
CUST-007656,2025-06-26,West,Month-to-month,Bank transfer,DSL,24,125.3,3007.2,0,0,
CUST-007657,2024-08-24,Northeast,One year,Electronic check,DSL,25,84.69,2117.25,2,0,
CUST-007658,2023-03-27,Northeast,Month-to-month,Electronic check,Fiber optic,9,103.31,929.79,0,1,Competitor offered better deal
CUST-007659,2025-03-10,South,One year,Credit card,Fiber optic,35,94.12,3294.2,4,0,
CUST-007660,2023-11-27,Midwest,One year,Bank transfer,Fiber optic,45,66.82,3006.9,0,0,
CUST-007661,2022-01-11,West,One year,Electronic check,DSL,1,65.88,65.88,0,1,Frequent service outages
CUST-007662,2025-08-11,West,Month-to-month,Credit card,No internet,4,63.74,254.96,1,0,
CUST-007663,2023-12-01,South,One year,Mailed check,No internet,31,87.18,2702.58,0,0,
CUST-007664,2023-02-01,South,Two year,Credit card,DSL,27,56.93,1537.11,0,0,
CUST-007665,2023-11-30,West,Two year,Credit card,DSL,27,121.75,3287.25,1,0,
CUST-007666,2022-03-11,West,Month-to-month,Electronic check,No internet,5,55.22,276.1,0,0,
CUST-007667,2025-08-09,South,One year,Credit card,Fiber optic,28,75.09,2102.52,0,1,Price too high
CUST-007668,2023-05-02,South,Month-to-month,Electronic check,No internet,28,65.15,1824.2,1,0,
CUST-007669,2023-08-03,West,Month-to-month,Electronic check,Fiber optic,21,60.69,1274.49,1,1,Moving / relocation
CUST-007670,2024-08-27,Northeast,One year,Bank transfer,DSL,19,140.49,2669.31,1,0,
CUST-007671,2024-01-01,Midwest,One year,Bank transfer,Fiber optic,6,60.92,365.52,1,0,
CUST-007672,2022-04-03,Midwest,One year,Electronic check,Fiber optic,4,63.59,254.36,2,0,
CUST-007673,2023-09-23,Midwest,One year,Electronic check,Fiber optic,28,56.68,1587.04,1,0,
CUST-007674,2022-10-14,Northeast,Month-to-month,Electronic check,Fiber optic,32,71.03,2272.96,1,0,
CUST-007675,2023-03-20,South,Month-to-month,Mailed check,DSL,14,67.87,950.18,0,0,
CUST-007676,2023-09-22,Midwest,Month-to-month,Mailed check,No internet,3,49.0,147.0,0,0,
CUST-007677,2022-05-18,Midwest,One year,Electronic check,DSL,46,61.2,2815.2,2,0,
CUST-007678,2023-07-03,West,One year,Credit card,Fiber optic,9,85.21,766.89,3,0,
CUST-007679,2022-10-19,South,Two year,Credit card,DSL,28,97.38,2726.64,2,0,
CUST-007680,2025-09-09,Midwest,Month-to-month,Credit card,DSL,21,70.65,1483.65,0,0,
CUST-007681,2023-09-27,West,Month-to-month,Electronic check,Fiber optic,1,71.44,71.44,2,1,Price too high
CUST-007682,2024-02-13,South,Month-to-month,Electronic check,No internet,9,62.46,562.14,2,1,Moving / relocation
CUST-007683,2022-04-16,Midwest,One year,Bank transfer,Fiber optic,19,59.69,1134.11,1,0,
CUST-007684,2025-07-21,South,Month-to-month,Bank transfer,DSL,7,52.23,365.61,2,1,Competitor offered better deal
CUST-007685,2022-06-23,West,Month-to-month,Bank transfer,Fiber optic,18,42.6,766.8,0,0,
CUST-007686,2023-08-08,South,Month-to-month,Electronic check,No internet,8,55.99,447.92,1,0,
CUST-007687,2024-08-23,West,Month-to-month,Credit card,DSL,6,93.62,561.72,0,1,Competitor offered better deal
CUST-007688,2024-05-01,West,One year,Bank transfer,Fiber optic,29,61.2,1774.8,3,0,
CUST-007689,2024-04-06,West,One year,Mailed check,Fiber optic,4,62.76,251.04,0,0,
CUST-007690,2024-04-05,South,One year,Bank transfer,Fiber optic,38,62.37,2370.06,1,0,
CUST-007691,2023-06-23,South,Month-to-month,Electronic check,Fiber optic,1,104.41,104.41,3,0,
CUST-007692,2022-08-23,Midwest,One year,Electronic check,DSL,29,52.09,1510.61,0,0,
CUST-007693,2025-12-20,South,Month-to-month,Credit card,DSL,27,76.6,2068.2,1,0,
CUST-007694,2022-01-22,South,Two year,Bank transfer,Fiber optic,39,68.59,2675.01,1,0,
CUST-007695,2022-10-26,South,One year,Electronic check,Fiber optic,11,71.65,788.15,2,0,
CUST-007696,2023-01-28,West,One year,Electronic check,Fiber optic,29,75.81,2198.49,5,0,
CUST-007697,2023-02-20,West,One year,Electronic check,DSL,37,71.4,2641.8,1,0,
CUST-007698,2022-03-17,Midwest,Month-to-month,Credit card,Fiber optic,18,90.36,1626.48,3,0,
CUST-007699,2024-09-15,South,Month-to-month,Credit card,DSL,6,69.45,416.7,0,0,
CUST-007700,2024-12-25,West,Month-to-month,Bank transfer,DSL,21,122.51,2572.71,1,0,
CUST-007701,2022-10-14,West,Two year,Credit card,Fiber optic,14,71.11,995.54,1,1,Price too high
CUST-007702,2025-05-20,Northeast,One year,Mailed check,Fiber optic,19,40.65,772.35,0,0,
CUST-007703,2023-04-25,West,Month-to-month,Credit card,DSL,10,85.99,859.9,1,0,
CUST-007704,2023-05-13,West,One year,Bank transfer,No internet,8,79.48,635.84,1,1,Competitor offered better deal
CUST-007705,2023-11-07,Midwest,Month-to-month,Credit card,Fiber optic,13,70.84,920.92,1,1,Poor customer service
CUST-007706,2022-09-14,West,Month-to-month,Credit card,Fiber optic,7,64.52,451.64,1,1,Competitor offered better deal
CUST-007707,2025-03-21,South,Month-to-month,Bank transfer,DSL,36,35.63,1282.68,3,0,
CUST-007708,2022-08-07,South,One year,Electronic check,Fiber optic,29,37.6,1090.4,1,1,Moving / relocation
CUST-007709,2025-05-15,Northeast,Month-to-month,Electronic check,Fiber optic,19,118.77,2256.63,3,0,
CUST-007710,2024-01-15,Northeast,Two year,Electronic check,Fiber optic,27,58.13,1569.51,1,0,
CUST-007711,2022-11-23,Midwest,Month-to-month,Electronic check,Fiber optic,19,95.49,1814.31,1,1,Price too high
CUST-007712,2023-10-09,Northeast,Month-to-month,Mailed check,DSL,9,41.97,377.73,2,0,
CUST-007713,2025-03-06,South,Month-to-month,Bank transfer,No internet,15,50.15,752.25,4,0,
CUST-007714,2025-10-10,Midwest,Month-to-month,Electronic check,No internet,43,87.11,3745.73,3,1,Frequent service outages
CUST-007715,2023-05-15,Midwest,Month-to-month,Credit card,Fiber optic,1,67.84,67.84,1,0,
CUST-007716,2025-08-18,South,Month-to-month,Electronic check,Fiber optic,32,83.27,2664.64,1,0,
CUST-007717,2024-02-10,South,One year,Electronic check,Fiber optic,47,69.8,3280.6,2,0,
CUST-007718,2025-10-18,Midwest,Month-to-month,Electronic check,Fiber optic,13,65.6,852.8,0,0,
CUST-007719,2023-12-10,Midwest,Month-to-month,Credit card,DSL,16,56.4,902.4,0,0,
CUST-007720,2024-08-11,Midwest,Month-to-month,Mailed check,Fiber optic,6,47.84,287.04,2,0,
CUST-007721,2024-10-29,Midwest,Two year,Electronic check,Fiber optic,2,109.82,219.64,1,0,
CUST-007722,2025-05-25,West,Month-to-month,Electronic check,Fiber optic,11,115.76,1273.36,5,1,Competitor offered better deal
CUST-007723,2023-12-03,South,Two year,Mailed check,Fiber optic,38,50.28,1910.64,1,0,
CUST-007724,2025-03-25,Midwest,Month-to-month,Credit card,DSL,3,49.24,147.72,1,0,
CUST-007725,2022-10-05,West,One year,Bank transfer,No internet,47,62.72,2947.84,1,0,
CUST-007726,2023-03-12,West,Two year,Mailed check,DSL,41,78.17,3204.97,1,0,
CUST-007727,2022-02-11,West,Month-to-month,Mailed check,Fiber optic,1,66.14,66.14,4,0,
CUST-007728,2024-06-18,South,Two year,Electronic check,Fiber optic,25,82.26,2056.5,0,0,
CUST-007729,2023-12-28,West,Month-to-month,Bank transfer,DSL,2,69.01,138.02,1,1,Moving / relocation
CUST-007730,2024-01-10,South,Month-to-month,Mailed check,No internet,4,67.58,270.32,1,0,
CUST-007731,2023-10-29,Midwest,Two year,Bank transfer,DSL,25,150.0,3750.0,2,0,
CUST-007732,2024-04-11,South,Two year,Electronic check,Fiber optic,23,59.26,1362.98,2,0,
CUST-007733,2024-05-26,West,One year,Electronic check,DSL,20,118.48,2369.6,0,0,
CUST-007734,2023-10-04,Midwest,Two year,Bank transfer,Fiber optic,5,111.39,556.95,1,0,
CUST-007735,2025-07-06,Midwest,Month-to-month,Bank transfer,Fiber optic,1,82.38,82.38,1,1,Price too high
CUST-007736,2022-12-31,Northeast,One year,Bank transfer,No internet,19,37.85,719.15,1,0,
CUST-007737,2024-01-02,West,Two year,Credit card,No internet,12,70.81,849.72,0,0,
CUST-007738,2025-03-08,South,One year,Credit card,Fiber optic,20,59.46,1189.2,2,0,
CUST-007739,2024-10-11,South,One year,Credit card,DSL,24,70.56,1693.44,0,0,
CUST-007740,2022-08-14,Midwest,Two year,Mailed check,Fiber optic,32,49.89,1596.48,1,0,
CUST-007741,2024-07-24,South,Month-to-month,Credit card,Fiber optic,11,89.3,982.3,2,0,
CUST-007742,2023-01-30,Northeast,Two year,Bank transfer,No internet,27,96.08,2594.16,0,0,
CUST-007743,2023-12-29,Northeast,Two year,Bank transfer,DSL,8,101.94,815.52,0,1,Moving / relocation
CUST-007744,2025-04-06,Midwest,One year,Bank transfer,Fiber optic,15,62.04,930.6,1,0,
CUST-007745,2023-09-12,Northeast,Month-to-month,Electronic check,DSL,12,49.95,599.4,2,0,
CUST-007746,2025-08-04,Northeast,Month-to-month,Bank transfer,Fiber optic,1,78.46,78.46,1,0,
CUST-007747,2024-03-29,Midwest,Month-to-month,Credit card,DSL,2,122.97,245.94,2,1,Price too high
CUST-007748,2025-09-28,West,Month-to-month,Credit card,No internet,9,71.68,645.12,0,0,
CUST-007749,2024-07-20,Northeast,One year,Mailed check,DSL,19,81.02,1539.38,1,0,
CUST-007750,2025-10-25,West,One year,Credit card,DSL,2,65.03,130.06,1,0,
CUST-007751,2023-03-02,South,Two year,Electronic check,Fiber optic,39,59.67,2327.13,1,0,
CUST-007752,2022-07-31,Northeast,Month-to-month,Credit card,DSL,15,86.54,1298.1,2,0,
CUST-007753,2025-11-26,Midwest,Two year,Bank transfer,No internet,15,67.77,1016.55,1,0,
CUST-007754,2024-02-28,South,One year,Bank transfer,Fiber optic,1,79.77,79.77,1,0,
CUST-007755,2025-08-27,Northeast,Month-to-month,Bank transfer,Fiber optic,3,82.47,247.41,1,1,Competitor offered better deal
CUST-007756,2022-09-19,Northeast,One year,Credit card,Fiber optic,34,78.35,2663.9,3,0,
CUST-007757,2025-07-20,Northeast,One year,Electronic check,DSL,11,83.81,921.91,2,0,
CUST-007758,2023-12-12,West,Month-to-month,Mailed check,Fiber optic,2,53.36,106.72,0,1,Competitor offered better deal
CUST-007759,2022-05-27,Northeast,Month-to-month,Credit card,DSL,17,52.33,889.61,2,0,
CUST-007760,2024-12-14,South,One year,Electronic check,Fiber optic,24,69.16,1659.84,1,1,Competitor offered better deal
CUST-007761,2024-03-20,Midwest,One year,Bank transfer,No internet,8,69.69,557.52,0,0,
CUST-007762,2025-11-25,South,One year,Bank transfer,Fiber optic,35,59.31,2075.85,1,0,
CUST-007763,2024-08-14,Northeast,Two year,Credit card,DSL,14,75.73,1060.22,5,1,Competitor offered better deal
CUST-007764,2025-11-16,South,Two year,Credit card,No internet,45,93.75,4218.75,0,0,
CUST-007765,2025-07-24,West,One year,Electronic check,Fiber optic,34,102.51,3485.34,0,1,Moving / relocation
CUST-007766,2024-04-23,West,Month-to-month,Bank transfer,Fiber optic,31,110.16,3414.96,2,1,Frequent service outages
CUST-007767,2024-07-21,South,Month-to-month,Bank transfer,No internet,6,46.03,276.18,0,1,Frequent service outages
CUST-007768,2023-07-27,Midwest,Month-to-month,Bank transfer,Fiber optic,2,48.32,96.64,1,1,Frequent service outages
CUST-007769,2025-05-13,West,Two year,Electronic check,DSL,8,63.9,511.2,0,0,
CUST-007770,2023-06-10,South,One year,Electronic check,Fiber optic,24,71.93,1726.32,2,1,Poor customer service
CUST-007771,2025-07-10,Midwest,Month-to-month,Bank transfer,Fiber optic,17,64.96,1104.32,0,0,
CUST-007772,2024-03-09,West,Month-to-month,Electronic check,DSL,3,58.74,176.22,0,0,
CUST-007773,2025-11-18,South,One year,Bank transfer,DSL,34,63.6,2162.4,2,0,
CUST-007774,2022-06-21,West,Month-to-month,Electronic check,No internet,3,81.83,245.49,2,0,
CUST-007775,2023-03-17,South,One year,Credit card,DSL,7,45.81,320.67,0,1,Price too high
CUST-007776,2023-07-06,South,Month-to-month,Credit card,Fiber optic,29,148.39,4303.31,1,0,
CUST-007777,2024-09-06,Midwest,One year,Bank transfer,DSL,40,70.58,2823.2,0,0,
CUST-007778,2022-07-15,Midwest,Two year,Credit card,Fiber optic,38,98.13,3728.94,2,0,
CUST-007779,2023-01-22,Midwest,One year,Credit card,Fiber optic,26,58.23,1513.98,0,0,
CUST-007780,2022-04-01,West,Month-to-month,Credit card,Fiber optic,2,84.25,168.5,2,1,Price too high
CUST-007781,2023-04-06,Midwest,One year,Bank transfer,Fiber optic,15,72.39,1085.85,2,0,
CUST-007782,2025-11-04,Midwest,Two year,Mailed check,Fiber optic,11,92.22,1014.42,1,0,
CUST-007783,2025-08-06,West,Month-to-month,Credit card,Fiber optic,4,65.79,263.16,1,0,
CUST-007784,2023-04-09,West,Month-to-month,Bank transfer,Fiber optic,34,115.18,3916.12,0,1,Competitor offered better deal
CUST-007785,2024-10-25,South,One year,Bank transfer,DSL,34,43.49,1478.66,2,1,Competitor offered better deal
CUST-007786,2023-11-23,Northeast,One year,Bank transfer,Fiber optic,37,94.99,3514.63,2,0,
CUST-007787,2023-03-18,Northeast,Two year,Electronic check,No internet,11,72.82,801.02,0,1,Poor customer service
CUST-007788,2024-10-13,South,One year,Credit card,No internet,12,50.61,607.32,0,0,
CUST-007789,2023-06-06,West,Month-to-month,Credit card,No internet,10,130.93,1309.3,2,0,
CUST-007790,2024-01-15,South,Two year,Electronic check,Fiber optic,19,126.67,2406.73,1,0,
CUST-007791,2022-04-19,West,Two year,Electronic check,Fiber optic,26,36.1,938.6,1,1,Price too high
CUST-007792,2025-08-07,Midwest,Month-to-month,Credit card,Fiber optic,6,74.19,445.14,3,0,
CUST-007793,2025-07-15,West,One year,Electronic check,Fiber optic,28,87.87,2460.36,0,0,
CUST-007794,2025-08-21,South,One year,Bank transfer,Fiber optic,12,80.75,969.0,1,0,
CUST-007795,2023-08-09,South,One year,Bank transfer,Fiber optic,3,113.86,341.58,0,1,Price too high
CUST-007796,2023-02-11,South,Month-to-month,Bank transfer,DSL,15,106.53,1597.95,1,0,
CUST-007797,2024-03-16,Northeast,One year,Electronic check,DSL,46,76.31,3510.26,3,0,
CUST-007798,2023-09-18,West,Two year,Electronic check,Fiber optic,10,145.28,1452.8,2,1,Poor customer service
CUST-007799,2023-04-29,Midwest,One year,Bank transfer,Fiber optic,40,94.61,3784.4,1,0,
CUST-007800,2022-10-20,Northeast,Month-to-month,Mailed check,DSL,9,62.65,563.85,0,0,
CUST-007801,2023-06-08,West,Month-to-month,Credit card,DSL,5,58.75,293.75,0,0,
CUST-007802,2025-09-22,Midwest,One year,Credit card,DSL,10,104.36,1043.6,2,0,
CUST-007803,2024-11-19,West,One year,Credit card,DSL,21,54.39,1142.19,3,1,Competitor offered better deal
CUST-007804,2022-03-29,West,Month-to-month,Mailed check,DSL,44,61.49,2705.56,1,0,
CUST-007805,2022-12-29,South,Month-to-month,Bank transfer,Fiber optic,9,64.93,584.37,1,0,
CUST-007806,2025-03-24,West,One year,Electronic check,Fiber optic,38,78.56,2985.28,0,1,Competitor offered better deal
CUST-007807,2023-03-24,West,One year,Bank transfer,Fiber optic,17,65.9,1120.3,1,1,Frequent service outages
CUST-007808,2025-04-29,South,Month-to-month,Mailed check,Fiber optic,17,46.0,782.0,1,0,
CUST-007809,2024-12-19,South,One year,Credit card,No internet,8,101.68,813.44,0,0,
CUST-007810,2025-07-07,South,One year,Bank transfer,DSL,27,61.6,1663.2,0,0,
CUST-007811,2025-10-13,Northeast,Month-to-month,Electronic check,DSL,35,133.8,4683.0,1,0,
CUST-007812,2024-08-07,South,Month-to-month,Mailed check,Fiber optic,12,77.27,927.24,3,0,
CUST-007813,2025-04-19,Northeast,Two year,Bank transfer,DSL,7,105.16,736.12,1,1,Moving / relocation
CUST-007814,2024-01-24,West,Two year,Credit card,Fiber optic,20,85.79,1715.8,2,1,Moving / relocation
CUST-007815,2025-07-07,South,Month-to-month,Mailed check,Fiber optic,4,106.79,427.16,1,1,Price too high
CUST-007816,2024-05-31,Northeast,Two year,Bank transfer,DSL,40,84.14,3365.6,6,0,
CUST-007817,2022-05-15,West,Two year,Electronic check,Fiber optic,38,75.58,2872.04,2,0,
CUST-007818,2022-10-07,West,Two year,Credit card,Fiber optic,22,99.47,2188.34,2,0,
CUST-007819,2023-10-23,South,Two year,Bank transfer,Fiber optic,34,150.0,5100.0,1,0,
CUST-007820,2022-09-14,Northeast,One year,Credit card,Fiber optic,12,64.31,771.72,1,0,
CUST-007821,2022-09-30,West,One year,Mailed check,Fiber optic,12,90.41,1084.92,3,0,
CUST-007822,2025-03-03,West,Month-to-month,Credit card,DSL,18,69.99,1259.82,3,0,
CUST-007823,2022-03-14,Northeast,Month-to-month,Bank transfer,Fiber optic,3,82.43,247.29,2,0,
CUST-007824,2024-03-07,South,One year,Electronic check,Fiber optic,25,71.06,1776.5,3,0,
CUST-007825,2025-01-06,West,One year,Bank transfer,Fiber optic,13,35.15,456.95,1,0,
CUST-007826,2025-09-23,West,Month-to-month,Electronic check,Fiber optic,30,65.76,1972.8,1,1,Competitor offered better deal
CUST-007827,2023-08-19,West,Two year,Credit card,DSL,21,96.53,2027.13,1,0,
CUST-007828,2023-01-26,South,Two year,Credit card,DSL,20,54.88,1097.6,3,0,
CUST-007829,2024-10-24,Midwest,One year,Bank transfer,DSL,38,94.13,3576.94,2,1,Moving / relocation
CUST-007830,2023-02-17,South,One year,Mailed check,DSL,21,74.35,1561.35,3,0,
CUST-007831,2022-06-09,South,Two year,Credit card,DSL,13,65.94,857.22,6,0,
CUST-007832,2024-01-16,South,One year,Credit card,Fiber optic,13,93.68,1217.84,1,0,
CUST-007833,2023-02-26,South,Two year,Bank transfer,DSL,30,87.18,2615.4,3,1,Moving / relocation
CUST-007834,2022-04-26,West,One year,Bank transfer,Fiber optic,26,80.2,2085.2,0,0,
CUST-007835,2024-07-19,South,One year,Electronic check,Fiber optic,46,97.04,4463.84,4,0,
CUST-007836,2024-12-20,Midwest,One year,Mailed check,DSL,11,74.81,822.91,2,1,Price too high
CUST-007837,2025-10-02,Midwest,One year,Credit card,DSL,10,41.42,414.2,2,0,
CUST-007838,2022-09-01,South,One year,Bank transfer,Fiber optic,42,62.12,2609.04,0,0,
CUST-007839,2025-02-27,West,Two year,Electronic check,No internet,44,39.35,1731.4,3,0,
CUST-007840,2024-04-01,West,Two year,Bank transfer,DSL,31,86.52,2682.12,4,1,Competitor offered better deal
CUST-007841,2022-10-30,West,Month-to-month,Mailed check,Fiber optic,23,93.39,2147.97,2,1,Price too high
CUST-007842,2022-05-25,Northeast,Month-to-month,Electronic check,DSL,16,94.76,1516.16,1,0,
CUST-007843,2022-08-09,South,One year,Credit card,DSL,32,81.98,2623.36,1,0,
CUST-007844,2023-08-21,South,One year,Electronic check,No internet,36,95.56,3440.16,1,0,
CUST-007845,2024-11-19,Midwest,One year,Mailed check,DSL,13,42.33,550.29,1,0,
CUST-007846,2024-03-27,Midwest,Month-to-month,Credit card,Fiber optic,1,67.73,67.73,3,0,
CUST-007847,2022-10-09,South,One year,Electronic check,DSL,4,44.58,178.32,1,1,Price too high
CUST-007848,2024-02-14,West,Two year,Mailed check,Fiber optic,17,62.51,1062.67,0,0,
CUST-007849,2023-07-14,Northeast,Month-to-month,Bank transfer,DSL,5,117.59,587.95,0,0,
CUST-007850,2025-11-25,South,One year,Mailed check,No internet,15,99.47,1492.05,1,0,
CUST-007851,2025-07-26,South,Two year,Mailed check,No internet,23,86.65,1992.95,0,0,
CUST-007852,2024-09-06,Midwest,Month-to-month,Bank transfer,Fiber optic,23,66.15,1521.45,2,1,Competitor offered better deal
CUST-007853,2024-12-22,Midwest,Month-to-month,Credit card,Fiber optic,13,51.01,663.13,5,0,
CUST-007854,2024-02-18,West,Month-to-month,Credit card,Fiber optic,36,74.43,2679.48,1,1,Poor customer service
CUST-007855,2024-06-28,Northeast,One year,Electronic check,Fiber optic,35,100.02,3500.7,0,1,Moving / relocation
CUST-007856,2024-08-12,South,One year,Bank transfer,No internet,47,79.93,3756.71,3,0,
CUST-007857,2025-09-01,Midwest,One year,Bank transfer,Fiber optic,8,42.21,337.68,1,0,
CUST-007858,2024-12-16,Midwest,One year,Mailed check,DSL,10,72.49,724.9,1,0,
CUST-007859,2025-04-14,South,Month-to-month,Electronic check,Fiber optic,7,38.01,266.07,3,1,Competitor offered better deal
CUST-007860,2025-10-26,South,Month-to-month,Bank transfer,DSL,17,90.68,1541.56,0,0,
CUST-007861,2022-12-25,Northeast,Month-to-month,Mailed check,No internet,42,56.16,2358.72,1,0,
CUST-007862,2022-08-04,West,One year,Credit card,DSL,30,47.4,1422.0,1,0,
CUST-007863,2025-07-14,South,One year,Electronic check,DSL,41,91.08,3734.28,1,1,Poor customer service
CUST-007864,2024-11-09,Midwest,Month-to-month,Electronic check,Fiber optic,14,83.85,1173.9,1,0,
CUST-007865,2022-07-13,South,Month-to-month,Credit card,Fiber optic,1,75.52,75.52,3,0,
CUST-007866,2022-01-19,South,One year,Credit card,DSL,7,141.37,989.59,1,0,
CUST-007867,2023-07-16,West,One year,Mailed check,Fiber optic,26,85.9,2233.4,1,0,
CUST-007868,2022-01-10,Northeast,Month-to-month,Credit card,DSL,3,57.03,171.09,0,1,Price too high
CUST-007869,2024-12-05,South,Two year,Credit card,Fiber optic,31,82.78,2566.18,2,0,
CUST-007870,2024-11-08,Northeast,One year,Electronic check,Fiber optic,36,63.97,2302.92,3,0,
CUST-007871,2023-10-26,Northeast,Month-to-month,Bank transfer,DSL,6,105.15,630.9,1,0,
CUST-007872,2024-03-20,West,One year,Bank transfer,DSL,19,76.7,1457.3,1,0,
CUST-007873,2024-10-08,West,Month-to-month,Mailed check,No internet,33,79.17,2612.61,1,0,
CUST-007874,2025-03-14,Midwest,Two year,Credit card,Fiber optic,11,44.19,486.09,0,0,
CUST-007875,2025-05-13,South,One year,Credit card,Fiber optic,21,71.5,1501.5,2,0,
CUST-007876,2023-07-06,South,Month-to-month,Bank transfer,Fiber optic,1,68.85,68.85,2,1,Price too high
CUST-007877,2023-08-24,South,One year,Electronic check,No internet,29,50.51,1464.79,1,0,
CUST-007878,2022-08-12,West,One year,Credit card,DSL,21,65.31,1371.51,2,1,Poor customer service
CUST-007879,2023-03-24,Midwest,One year,Bank transfer,No internet,15,80.6,1209.0,0,0,
CUST-007880,2024-07-29,South,Month-to-month,Electronic check,No internet,7,70.01,490.07,3,0,
CUST-007881,2025-02-03,Northeast,Two year,Bank transfer,Fiber optic,26,44.62,1160.12,1,0,
CUST-007882,2024-01-31,West,Month-to-month,Bank transfer,Fiber optic,6,64.24,385.44,3,1,Poor customer service
CUST-007883,2022-11-28,South,Two year,Electronic check,Fiber optic,7,60.35,422.45,2,0,
CUST-007884,2023-03-12,South,One year,Electronic check,Fiber optic,6,74.58,447.48,4,1,Price too high
CUST-007885,2023-12-06,Northeast,Month-to-month,Credit card,No internet,15,72.05,1080.75,2,0,
CUST-007886,2023-11-12,Northeast,Month-to-month,Credit card,Fiber optic,4,61.45,245.8,1,0,
CUST-007887,2025-09-23,Northeast,Month-to-month,Mailed check,DSL,13,60.69,788.97,3,0,
CUST-007888,2024-03-12,Midwest,Two year,Electronic check,Fiber optic,37,71.63,2650.31,1,0,
CUST-007889,2025-03-12,South,Month-to-month,Mailed check,DSL,42,95.41,4007.22,1,0,
CUST-007890,2022-10-29,South,Month-to-month,Bank transfer,Fiber optic,13,76.64,996.32,0,0,
CUST-007891,2022-12-23,Northeast,One year,Mailed check,DSL,16,110.54,1768.64,1,0,
CUST-007892,2024-12-08,South,Month-to-month,Bank transfer,DSL,34,100.75,3425.5,2,0,
CUST-007893,2023-08-16,South,Month-to-month,Electronic check,Fiber optic,24,113.18,2716.32,1,1,Poor customer service
CUST-007894,2024-06-06,Northeast,One year,Credit card,No internet,3,108.63,325.89,0,1,Moving / relocation
CUST-007895,2023-07-21,Northeast,One year,Credit card,DSL,44,115.6,5086.4,2,0,
CUST-007896,2022-04-07,South,One year,Credit card,Fiber optic,7,48.47,339.29,2,0,
CUST-007897,2023-06-15,West,Month-to-month,Mailed check,Fiber optic,19,86.24,1638.56,2,0,
CUST-007898,2024-01-02,Northeast,One year,Bank transfer,Fiber optic,22,103.53,2277.66,2,1,Poor customer service
CUST-007899,2024-04-29,South,One year,Mailed check,Fiber optic,22,109.69,2413.18,2,0,
CUST-007900,2023-01-30,Northeast,Month-to-month,Mailed check,Fiber optic,8,54.78,438.24,2,1,Price too high
CUST-007901,2023-10-23,Northeast,Two year,Bank transfer,Fiber optic,9,86.52,778.68,2,0,
CUST-007902,2025-07-22,Northeast,Month-to-month,Credit card,No internet,15,71.81,1077.15,0,0,
CUST-007903,2024-01-06,Midwest,Month-to-month,Credit card,No internet,1,126.6,126.6,0,1,Moving / relocation
CUST-007904,2023-10-21,South,Two year,Electronic check,Fiber optic,25,44.97,1124.25,3,0,
CUST-007905,2023-04-02,South,Month-to-month,Bank transfer,DSL,23,54.81,1260.63,0,0,
CUST-007906,2022-07-29,South,Two year,Electronic check,Fiber optic,16,39.28,628.48,3,0,
CUST-007907,2025-11-06,Midwest,Month-to-month,Bank transfer,DSL,9,73.43,660.87,0,0,
CUST-007908,2024-08-30,Midwest,Month-to-month,Mailed check,Fiber optic,47,144.67,6799.49,0,1,Price too high
CUST-007909,2022-08-13,Northeast,Month-to-month,Credit card,Fiber optic,9,69.12,622.08,0,0,
CUST-007910,2023-01-22,Midwest,Month-to-month,Credit card,Fiber optic,5,72.41,362.05,1,0,
CUST-007911,2025-07-14,Northeast,Two year,Electronic check,DSL,4,83.6,334.4,1,0,
CUST-007912,2025-11-02,South,Two year,Credit card,Fiber optic,18,67.54,1215.72,3,0,
CUST-007913,2024-03-02,South,One year,Bank transfer,DSL,11,78.82,867.02,2,0,
CUST-007914,2022-02-21,Midwest,Month-to-month,Bank transfer,Fiber optic,33,79.48,2622.84,2,0,
CUST-007915,2025-04-19,Northeast,One year,Bank transfer,DSL,10,53.49,534.9,1,0,
CUST-007916,2022-07-11,South,One year,Mailed check,Fiber optic,32,68.03,2176.96,3,0,
CUST-007917,2024-07-13,West,One year,Electronic check,Fiber optic,28,88.89,2488.92,0,1,Poor customer service
CUST-007918,2025-12-21,Midwest,Month-to-month,Electronic check,Fiber optic,1,94.36,94.36,1,1,Price too high
CUST-007919,2022-02-12,South,Month-to-month,Bank transfer,Fiber optic,5,106.22,531.1,2,1,Competitor offered better deal
CUST-007920,2025-10-17,Northeast,One year,Electronic check,DSL,29,78.05,2263.45,4,0,
CUST-007921,2022-04-02,Midwest,One year,Bank transfer,DSL,20,78.56,1571.2,1,1,Frequent service outages
CUST-007922,2022-03-31,Northeast,Month-to-month,Credit card,DSL,12,89.13,1069.56,3,1,Price too high
CUST-007923,2024-03-29,South,Month-to-month,Bank transfer,Fiber optic,39,57.96,2260.44,2,0,
CUST-007924,2023-07-08,Northeast,Month-to-month,Electronic check,Fiber optic,10,57.2,572.0,2,0,
CUST-007925,2022-12-19,South,One year,Bank transfer,DSL,10,67.36,673.6,0,0,
CUST-007926,2025-10-06,West,Two year,Electronic check,Fiber optic,34,46.62,1585.08,2,1,Poor customer service
CUST-007927,2023-07-12,Northeast,Month-to-month,Credit card,Fiber optic,24,79.85,1916.4,1,1,Moving / relocation
CUST-007928,2023-01-31,South,Two year,Electronic check,Fiber optic,20,98.07,1961.4,1,0,
CUST-007929,2025-01-25,Northeast,Two year,Electronic check,No internet,32,55.86,1787.52,1,0,
CUST-007930,2025-06-09,South,Month-to-month,Credit card,Fiber optic,18,80.58,1450.44,1,0,
CUST-007931,2024-08-15,West,Month-to-month,Electronic check,Fiber optic,8,57.32,458.56,2,0,
CUST-007932,2024-02-01,Northeast,Two year,Electronic check,Fiber optic,7,50.64,354.48,1,0,
CUST-007933,2023-09-09,Midwest,One year,Electronic check,No internet,31,135.34,4195.54,1,0,
CUST-007934,2025-03-25,Midwest,One year,Mailed check,Fiber optic,25,50.87,1271.75,4,1,Competitor offered better deal
CUST-007935,2024-08-06,West,One year,Credit card,Fiber optic,21,46.55,977.55,0,0,
CUST-007936,2024-08-27,Northeast,Month-to-month,Electronic check,No internet,12,75.09,901.08,1,0,
CUST-007937,2025-12-14,Midwest,One year,Electronic check,No internet,14,76.4,1069.6,1,1,Moving / relocation
CUST-007938,2025-03-21,Northeast,Two year,Credit card,DSL,32,86.79,2777.28,0,0,
CUST-007939,2025-02-04,South,One year,Electronic check,Fiber optic,6,133.01,798.06,2,1,Poor customer service
CUST-007940,2023-05-19,South,One year,Electronic check,Fiber optic,11,54.67,601.37,3,0,
CUST-007941,2025-02-09,South,One year,Electronic check,No internet,23,58.26,1339.98,2,0,
CUST-007942,2025-12-09,Northeast,One year,Credit card,DSL,42,117.31,4927.02,0,0,
CUST-007943,2024-10-24,Midwest,Two year,Bank transfer,Fiber optic,42,94.68,3976.56,2,0,
CUST-007944,2023-08-01,West,Month-to-month,Bank transfer,Fiber optic,11,90.56,996.16,1,1,Price too high
CUST-007945,2022-01-20,South,One year,Bank transfer,Fiber optic,47,58.05,2728.35,1,0,
CUST-007946,2022-02-25,West,Two year,Bank transfer,DSL,38,100.51,3819.38,0,0,
CUST-007947,2023-03-26,South,Two year,Credit card,DSL,41,90.65,3716.65,3,0,
CUST-007948,2025-01-27,South,Month-to-month,Credit card,Fiber optic,3,74.49,223.47,2,1,Price too high
CUST-007949,2022-05-27,West,One year,Bank transfer,DSL,7,58.14,406.98,2,0,
CUST-007950,2022-11-14,South,Month-to-month,Credit card,DSL,6,72.54,435.24,2,1,Price too high
CUST-007951,2023-06-19,South,Two year,Electronic check,DSL,37,118.81,4395.97,0,0,
CUST-007952,2022-05-16,Northeast,Month-to-month,Bank transfer,Fiber optic,4,49.4,197.6,2,1,Poor customer service
CUST-007953,2024-05-14,Northeast,Month-to-month,Bank transfer,No internet,4,54.28,217.12,1,1,Price too high
CUST-007954,2024-09-27,South,Month-to-month,Electronic check,Fiber optic,2,57.35,114.7,2,1,Price too high
CUST-007955,2022-02-08,Midwest,Two year,Electronic check,DSL,10,61.47,614.7,2,0,
CUST-007956,2025-02-13,Midwest,Two year,Electronic check,Fiber optic,11,69.75,767.25,2,0,
CUST-007957,2022-07-07,Midwest,Two year,Electronic check,DSL,35,95.27,3334.45,1,0,
CUST-007958,2024-07-14,South,Two year,Credit card,DSL,35,81.26,2844.1,4,0,
CUST-007959,2022-03-23,South,Month-to-month,Electronic check,Fiber optic,15,71.48,1072.2,2,1,Competitor offered better deal
CUST-007960,2022-12-25,Northeast,Month-to-month,Bank transfer,DSL,31,76.6,2374.6,5,1,Frequent service outages
CUST-007961,2024-07-12,West,One year,Electronic check,DSL,27,85.6,2311.2,1,0,
CUST-007962,2022-11-03,South,Month-to-month,Bank transfer,Fiber optic,7,40.93,286.51,1,0,
CUST-007963,2024-12-14,Midwest,Two year,Electronic check,Fiber optic,42,98.78,4148.76,1,0,
CUST-007964,2023-04-03,Northeast,One year,Electronic check,Fiber optic,28,53.81,1506.68,1,0,
CUST-007965,2025-07-16,West,One year,Bank transfer,No internet,4,60.83,243.32,1,0,
CUST-007966,2024-10-02,Midwest,One year,Electronic check,Fiber optic,31,78.17,2423.27,4,0,
CUST-007967,2023-05-24,Midwest,Month-to-month,Mailed check,Fiber optic,16,68.43,1094.88,0,0,
CUST-007968,2022-03-28,Midwest,One year,Bank transfer,Fiber optic,17,81.93,1392.81,1,0,
CUST-007969,2025-01-07,Midwest,Month-to-month,Credit card,DSL,1,73.36,73.36,0,1,Moving / relocation
CUST-007970,2025-06-12,West,One year,Bank transfer,DSL,27,63.91,1725.57,1,0,
CUST-007971,2023-11-05,South,One year,Bank transfer,DSL,16,114.34,1829.44,3,0,
CUST-007972,2025-11-07,Midwest,Month-to-month,Bank transfer,DSL,6,87.93,527.58,3,0,
CUST-007973,2023-08-10,Midwest,Month-to-month,Bank transfer,DSL,25,77.22,1930.5,0,1,Price too high
CUST-007974,2025-07-16,West,One year,Bank transfer,No internet,14,87.5,1225.0,2,0,
CUST-007975,2022-07-10,South,Two year,Bank transfer,DSL,10,55.94,559.4,3,0,
CUST-007976,2023-09-11,South,One year,Bank transfer,DSL,34,140.6,4780.4,3,0,
CUST-007977,2024-12-08,Midwest,Month-to-month,Credit card,DSL,4,49.5,198.0,3,0,
CUST-007978,2024-02-10,West,Month-to-month,Mailed check,Fiber optic,2,72.69,145.38,2,1,Poor customer service
CUST-007979,2024-02-28,South,Month-to-month,Electronic check,DSL,6,63.97,383.82,3,1,Poor customer service
CUST-007980,2024-01-22,Midwest,Two year,Bank transfer,DSL,19,63.19,1200.61,1,0,
CUST-007981,2022-05-29,West,Month-to-month,Credit card,No internet,8,60.62,484.96,2,0,
CUST-007982,2024-05-22,Midwest,Two year,Credit card,No internet,43,54.77,2355.11,1,1,Poor customer service
CUST-007983,2022-01-26,Northeast,Two year,Electronic check,Fiber optic,40,102.54,4101.6,0,0,
CUST-007984,2025-06-02,Midwest,Month-to-month,Bank transfer,DSL,9,47.68,429.12,1,1,Price too high
CUST-007985,2023-07-08,West,Two year,Credit card,Fiber optic,40,96.04,3841.6,1,0,
CUST-007986,2025-06-18,South,Two year,Electronic check,DSL,6,86.27,517.62,2,0,
CUST-007987,2023-05-09,South,Two year,Bank transfer,DSL,38,62.06,2358.28,0,0,
CUST-007988,2023-03-31,South,One year,Mailed check,No internet,18,83.13,1496.34,2,0,
CUST-007989,2024-08-03,West,Month-to-month,Credit card,DSL,1,66.65,66.65,2,0,
CUST-007990,2022-06-12,Northeast,Month-to-month,Mailed check,DSL,18,49.29,887.22,1,1,Price too high
CUST-007991,2024-01-11,Midwest,Month-to-month,Bank transfer,Fiber optic,18,49.45,890.1,1,1,Price too high
CUST-007992,2024-03-23,West,Month-to-month,Electronic check,DSL,2,86.47,172.94,2,0,
CUST-007993,2023-02-06,Northeast,Month-to-month,Electronic check,Fiber optic,6,85.04,510.24,1,1,Competitor offered better deal
CUST-007994,2022-02-26,Midwest,One year,Electronic check,DSL,7,75.75,530.25,4,0,
CUST-007995,2025-05-27,West,One year,Electronic check,Fiber optic,15,61.85,927.75,2,0,
CUST-007996,2024-09-16,Northeast,Month-to-month,Credit card,Fiber optic,23,65.96,1517.08,1,0,
CUST-007997,2025-02-07,Northeast,Two year,Electronic check,DSL,6,63.17,379.02,1,0,
CUST-007998,2024-11-07,Midwest,Month-to-month,Electronic check,DSL,25,40.08,1002.0,0,0,
CUST-007999,2025-09-08,South,Month-to-month,Credit card,Fiber optic,10,71.49,714.9,0,0,
CUST-008000,2024-09-07,Midwest,Two year,Mailed check,DSL,13,82.86,1077.18,2,0,
CUST-008001,2022-06-12,West,Month-to-month,Bank transfer,Fiber optic,35,71.64,2507.4,1,1,Price too high
CUST-008002,2023-01-13,Northeast,One year,Electronic check,Fiber optic,42,123.49,5186.58,5,0,
CUST-008003,2024-08-20,Northeast,Two year,Credit card,Fiber optic,7,50.83,355.81,1,0,
CUST-008004,2024-12-20,West,Two year,Bank transfer,Fiber optic,12,56.74,680.88,0,0,
CUST-008005,2025-04-17,Midwest,One year,Electronic check,DSL,2,73.15,146.3,1,0,
CUST-008006,2023-03-04,South,Month-to-month,Bank transfer,DSL,24,75.79,1818.96,0,0,
CUST-008007,2023-05-06,West,Month-to-month,Mailed check,DSL,24,38.15,915.6,2,1,Competitor offered better deal
CUST-008008,2023-09-13,Northeast,Month-to-month,Mailed check,DSL,2,85.02,170.04,2,0,
CUST-008009,2025-12-26,South,Month-to-month,Mailed check,Fiber optic,22,75.9,1669.8,1,1,Moving / relocation
CUST-008010,2024-10-18,South,Two year,Bank transfer,DSL,1,35.58,35.58,2,0,
CUST-008011,2024-11-06,South,Month-to-month,Bank transfer,DSL,39,67.54,2634.06,2,0,
CUST-008012,2023-03-30,Midwest,One year,Electronic check,DSL,14,54.12,757.68,2,1,Frequent service outages
CUST-008013,2023-03-28,Northeast,Month-to-month,Credit card,Fiber optic,5,60.64,303.2,0,0,
CUST-008014,2025-07-20,South,Month-to-month,Electronic check,Fiber optic,6,45.69,274.14,3,1,Competitor offered better deal
CUST-008015,2024-01-08,Northeast,Month-to-month,Bank transfer,Fiber optic,42,80.09,3363.78,3,0,
CUST-008016,2023-04-22,Midwest,Month-to-month,Electronic check,Fiber optic,11,123.19,1355.09,2,0,
CUST-008017,2023-08-17,Midwest,One year,Mailed check,DSL,30,76.31,2289.3,2,0,
CUST-008018,2025-06-10,South,Two year,Bank transfer,Fiber optic,12,35.13,421.56,5,0,
CUST-008019,2022-04-16,West,One year,Bank transfer,DSL,18,76.81,1382.58,2,0,
CUST-008020,2025-10-05,South,Month-to-month,Credit card,DSL,2,65.87,131.74,1,1,Competitor offered better deal
CUST-008021,2024-04-25,South,Month-to-month,Bank transfer,Fiber optic,21,49.29,1035.09,1,0,
CUST-008022,2023-07-02,Northeast,One year,Credit card,DSL,19,78.5,1491.5,1,0,
CUST-008023,2023-02-17,Northeast,Two year,Credit card,Fiber optic,41,92.9,3808.9,0,0,
CUST-008024,2022-03-17,Midwest,One year,Credit card,No internet,13,56.6,735.8,1,0,
CUST-008025,2025-06-23,South,Month-to-month,Mailed check,Fiber optic,4,41.43,165.72,1,1,Poor customer service
CUST-008026,2023-01-06,South,Two year,Electronic check,DSL,43,36.83,1583.69,1,0,
CUST-008027,2022-06-04,Midwest,Two year,Bank transfer,Fiber optic,4,56.66,226.64,1,0,
CUST-008028,2025-01-30,South,Two year,Electronic check,Fiber optic,4,66.7,266.8,1,1,Poor customer service
CUST-008029,2024-08-03,South,One year,Credit card,Fiber optic,11,59.43,653.73,1,1,Competitor offered better deal
CUST-008030,2022-05-20,South,Month-to-month,Electronic check,Fiber optic,41,56.34,2309.94,0,1,Poor customer service
CUST-008031,2023-09-27,West,Month-to-month,Credit card,Fiber optic,8,84.08,672.64,1,0,
CUST-008032,2025-07-03,Northeast,Month-to-month,Electronic check,Fiber optic,40,81.3,3252.0,1,0,
CUST-008033,2022-10-26,South,Month-to-month,Credit card,DSL,11,74.73,822.03,3,0,
CUST-008034,2024-05-24,Northeast,Month-to-month,Bank transfer,DSL,19,91.04,1729.76,2,1,Frequent service outages
CUST-008035,2024-06-07,Northeast,Month-to-month,Electronic check,Fiber optic,5,56.83,284.15,2,0,
CUST-008036,2025-03-10,Northeast,One year,Bank transfer,Fiber optic,19,49.39,938.41,2,0,
CUST-008037,2022-11-18,Midwest,Two year,Bank transfer,No internet,30,59.31,1779.3,3,0,
CUST-008038,2025-01-14,Northeast,Two year,Credit card,Fiber optic,7,58.02,406.14,0,0,
CUST-008039,2022-01-06,West,Month-to-month,Bank transfer,DSL,24,36.36,872.64,3,0,
CUST-008040,2025-01-05,South,Month-to-month,Bank transfer,Fiber optic,40,58.88,2355.2,0,1,Price too high
CUST-008041,2022-01-27,South,Two year,Mailed check,Fiber optic,25,99.84,2496.0,1,0,
CUST-008042,2022-02-05,South,One year,Bank transfer,Fiber optic,15,90.58,1358.7,1,0,
CUST-008043,2022-05-12,West,One year,Electronic check,No internet,13,82.94,1078.22,1,0,
CUST-008044,2024-12-15,Northeast,Two year,Credit card,DSL,14,73.12,1023.68,0,0,
CUST-008045,2025-04-09,Northeast,Month-to-month,Bank transfer,Fiber optic,30,111.46,3343.8,1,0,
CUST-008046,2024-09-17,South,One year,Credit card,DSL,23,49.94,1148.62,2,0,
CUST-008047,2025-10-30,West,Two year,Credit card,Fiber optic,21,51.48,1081.08,1,0,
CUST-008048,2024-05-29,Northeast,Month-to-month,Electronic check,No internet,24,100.46,2411.04,2,1,Price too high
CUST-008049,2025-12-15,South,One year,Electronic check,Fiber optic,40,70.73,2829.2,2,0,
CUST-008050,2025-06-06,Midwest,Month-to-month,Electronic check,No internet,35,56.56,1979.6,1,1,Frequent service outages
CUST-008051,2024-09-14,West,Month-to-month,Electronic check,DSL,10,83.65,836.5,1,1,Competitor offered better deal
CUST-008052,2024-02-12,South,Month-to-month,Electronic check,Fiber optic,26,60.93,1584.18,0,0,
CUST-008053,2024-01-16,West,One year,Credit card,No internet,11,53.62,589.82,3,0,
CUST-008054,2024-04-13,Midwest,One year,Bank transfer,No internet,37,53.15,1966.55,2,1,Frequent service outages
CUST-008055,2023-01-24,Northeast,Two year,Bank transfer,DSL,2,77.7,155.4,1,0,
CUST-008056,2024-01-27,South,Two year,Bank transfer,Fiber optic,40,74.88,2995.2,1,1,Moving / relocation
CUST-008057,2022-04-13,West,Month-to-month,Electronic check,DSL,44,113.9,5011.6,2,0,
CUST-008058,2024-12-23,South,One year,Mailed check,Fiber optic,2,63.89,127.78,0,0,
CUST-008059,2025-12-25,Northeast,One year,Electronic check,No internet,31,63.54,1969.74,2,0,
CUST-008060,2025-09-21,Northeast,Month-to-month,Credit card,Fiber optic,4,111.13,444.52,2,1,Competitor offered better deal
CUST-008061,2024-10-26,South,Month-to-month,Bank transfer,DSL,18,96.1,1729.8,1,0,
CUST-008062,2024-05-25,Northeast,One year,Electronic check,DSL,17,73.43,1248.31,0,0,
CUST-008063,2023-11-07,Northeast,Two year,Bank transfer,No internet,13,42.54,553.02,0,0,
CUST-008064,2023-06-01,South,Month-to-month,Bank transfer,DSL,26,54.07,1405.82,1,0,
CUST-008065,2022-11-17,South,One year,Electronic check,DSL,23,50.03,1150.69,1,0,
CUST-008066,2024-01-18,South,One year,Electronic check,DSL,20,70.93,1418.6,1,0,
CUST-008067,2024-11-28,West,Month-to-month,Electronic check,DSL,5,59.58,297.9,1,0,
CUST-008068,2025-10-13,Midwest,One year,Credit card,Fiber optic,40,117.09,4683.6,5,1,Competitor offered better deal
CUST-008069,2024-04-02,South,One year,Credit card,No internet,16,42.4,678.4,0,0,
CUST-008070,2022-09-25,West,Month-to-month,Bank transfer,Fiber optic,9,48.35,435.15,1,1,Moving / relocation
CUST-008071,2024-03-25,Midwest,Month-to-month,Electronic check,DSL,5,75.81,379.05,2,0,
CUST-008072,2025-08-17,Northeast,One year,Mailed check,Fiber optic,14,82.84,1159.76,2,1,Moving / relocation
CUST-008073,2023-10-26,Midwest,Two year,Mailed check,Fiber optic,27,30.63,827.01,2,0,
CUST-008074,2025-04-30,South,Month-to-month,Electronic check,Fiber optic,23,40.23,925.29,1,0,
CUST-008075,2025-04-12,West,Two year,Bank transfer,No internet,16,64.43,1030.88,2,0,
CUST-008076,2023-06-23,South,Two year,Electronic check,Fiber optic,27,108.19,2921.13,2,1,Frequent service outages
CUST-008077,2024-12-21,South,Two year,Electronic check,DSL,39,128.26,5002.14,0,0,
CUST-008078,2025-07-06,South,One year,Bank transfer,Fiber optic,18,61.4,1105.2,0,0,
CUST-008079,2022-08-19,South,Month-to-month,Electronic check,Fiber optic,4,66.38,265.52,2,1,Competitor offered better deal
CUST-008080,2024-12-30,West,Month-to-month,Bank transfer,DSL,3,53.64,160.92,4,1,Price too high
CUST-008081,2023-11-20,Northeast,Two year,Credit card,Fiber optic,44,85.85,3777.4,2,0,
CUST-008082,2025-10-17,West,One year,Bank transfer,DSL,6,114.33,685.98,2,1,Price too high
CUST-008083,2025-08-26,South,One year,Credit card,DSL,11,104.79,1152.69,2,1,Frequent service outages
CUST-008084,2024-01-13,West,One year,Bank transfer,DSL,7,69.46,486.22,3,1,Price too high
CUST-008085,2024-08-01,Midwest,One year,Credit card,DSL,34,53.61,1822.74,1,0,
CUST-008086,2024-11-13,Northeast,One year,Bank transfer,Fiber optic,10,70.29,702.9,1,0,
CUST-008087,2023-02-24,Midwest,Month-to-month,Credit card,DSL,34,109.05,3707.7,1,0,
CUST-008088,2023-06-01,Midwest,One year,Mailed check,DSL,30,61.67,1850.1,0,1,Competitor offered better deal
CUST-008089,2024-10-24,West,Month-to-month,Mailed check,DSL,1,39.22,39.22,0,0,
CUST-008090,2023-07-14,South,One year,Mailed check,DSL,15,62.48,937.2,0,0,
CUST-008091,2022-06-16,South,Month-to-month,Bank transfer,DSL,1,64.12,64.12,0,0,
CUST-008092,2022-09-21,South,Month-to-month,Mailed check,DSL,4,39.14,156.56,1,0,
CUST-008093,2023-04-19,Northeast,Month-to-month,Credit card,No internet,23,75.51,1736.73,1,1,Competitor offered better deal
CUST-008094,2024-04-20,Midwest,Month-to-month,Bank transfer,DSL,13,82.43,1071.59,3,0,
CUST-008095,2024-08-05,Midwest,Month-to-month,Mailed check,Fiber optic,5,127.12,635.6,1,0,
CUST-008096,2022-01-06,West,Month-to-month,Bank transfer,DSL,20,45.77,915.4,0,0,
CUST-008097,2023-01-19,Midwest,Month-to-month,Credit card,DSL,22,88.57,1948.54,0,0,
CUST-008098,2025-09-04,Midwest,One year,Credit card,DSL,27,95.52,2579.04,1,0,
CUST-008099,2022-09-23,West,Month-to-month,Bank transfer,Fiber optic,6,82.79,496.74,4,1,Competitor offered better deal
CUST-008100,2023-04-30,West,Month-to-month,Electronic check,Fiber optic,19,50.8,965.2,1,0,
CUST-008101,2024-08-07,South,One year,Credit card,DSL,23,49.86,1146.78,2,0,
CUST-008102,2024-06-28,Northeast,One year,Credit card,Fiber optic,5,72.32,361.6,4,1,Competitor offered better deal
CUST-008103,2025-10-04,Midwest,Month-to-month,Credit card,Fiber optic,14,72.16,1010.24,1,0,
CUST-008104,2025-11-24,Northeast,One year,Bank transfer,DSL,28,58.61,1641.08,1,0,
CUST-008105,2023-05-20,West,Month-to-month,Electronic check,Fiber optic,2,105.99,211.98,4,1,Frequent service outages
CUST-008106,2023-09-04,West,Month-to-month,Credit card,DSL,40,61.67,2466.8,0,1,Poor customer service
CUST-008107,2023-01-01,South,Two year,Electronic check,Fiber optic,25,38.25,956.25,1,0,
CUST-008108,2022-04-15,West,Two year,Electronic check,Fiber optic,33,65.25,2153.25,2,1,Price too high
CUST-008109,2025-03-23,South,Month-to-month,Bank transfer,No internet,14,81.75,1144.5,2,0,
CUST-008110,2023-07-03,Northeast,One year,Bank transfer,DSL,41,78.21,3206.61,1,0,
CUST-008111,2024-09-11,South,Month-to-month,Credit card,No internet,18,78.02,1404.36,1,0,
CUST-008112,2025-12-03,West,Month-to-month,Bank transfer,Fiber optic,45,113.08,5088.6,1,0,
CUST-008113,2024-04-29,West,Two year,Electronic check,DSL,14,49.07,686.98,2,0,
CUST-008114,2025-10-31,Midwest,One year,Bank transfer,Fiber optic,22,61.22,1346.84,2,0,
CUST-008115,2023-10-31,West,One year,Credit card,Fiber optic,10,114.94,1149.4,1,1,Moving / relocation
CUST-008116,2024-09-23,South,Two year,Credit card,Fiber optic,48,37.35,1792.8,0,1,Price too high
CUST-008117,2024-08-17,South,One year,Electronic check,Fiber optic,9,68.91,620.19,3,1,Competitor offered better deal
CUST-008118,2024-09-20,South,Month-to-month,Mailed check,No internet,2,103.88,207.76,1,1,Price too high
CUST-008119,2025-12-19,Midwest,One year,Electronic check,DSL,22,103.39,2274.58,2,0,
CUST-008120,2023-12-07,South,Two year,Credit card,DSL,41,86.59,3550.19,0,0,
CUST-008121,2024-03-01,South,One year,Bank transfer,DSL,35,87.3,3055.5,0,1,Competitor offered better deal
CUST-008122,2024-01-08,West,Two year,Bank transfer,Fiber optic,42,50.24,2110.08,1,0,
CUST-008123,2025-02-21,West,One year,Electronic check,No internet,27,108.79,2937.33,0,0,
CUST-008124,2024-03-19,Midwest,One year,Credit card,DSL,45,47.75,2148.75,1,0,
CUST-008125,2022-09-29,Northeast,One year,Credit card,Fiber optic,24,48.67,1168.08,2,0,
CUST-008126,2023-08-03,Midwest,Month-to-month,Bank transfer,Fiber optic,12,79.37,952.44,0,0,
CUST-008127,2022-02-16,Midwest,Month-to-month,Electronic check,Fiber optic,9,59.87,538.83,1,0,
CUST-008128,2025-04-08,South,One year,Bank transfer,DSL,38,74.9,2846.2,0,0,
CUST-008129,2024-03-15,South,One year,Credit card,DSL,16,80.47,1287.52,1,0,
CUST-008130,2025-08-20,Northeast,Two year,Bank transfer,No internet,9,123.84,1114.56,1,0,
CUST-008131,2024-03-20,Northeast,One year,Credit card,No internet,10,80.54,805.4,0,0,
CUST-008132,2025-06-14,South,Two year,Electronic check,Fiber optic,29,57.52,1668.08,2,0,
CUST-008133,2025-05-27,West,Month-to-month,Mailed check,Fiber optic,13,87.05,1131.65,1,1,Price too high
CUST-008134,2023-02-18,West,One year,Electronic check,No internet,18,53.72,966.96,2,1,Competitor offered better deal
CUST-008135,2024-05-21,Northeast,Month-to-month,Mailed check,DSL,16,93.9,1502.4,2,0,
CUST-008136,2022-10-21,South,One year,Electronic check,Fiber optic,29,71.57,2075.53,0,0,
CUST-008137,2023-05-10,West,Two year,Bank transfer,DSL,35,79.69,2789.15,0,0,
CUST-008138,2025-11-26,West,Month-to-month,Mailed check,Fiber optic,33,39.65,1308.45,1,0,
CUST-008139,2023-12-12,West,Two year,Credit card,DSL,7,34.12,238.84,1,0,
CUST-008140,2022-08-18,West,Month-to-month,Mailed check,No internet,14,43.36,607.04,1,0,
CUST-008141,2025-11-11,South,Two year,Electronic check,DSL,32,122.57,3922.24,0,0,
CUST-008142,2023-06-30,West,One year,Electronic check,Fiber optic,11,48.55,534.05,1,0,
CUST-008143,2024-11-23,West,Month-to-month,Electronic check,Fiber optic,4,88.62,354.48,0,0,
CUST-008144,2022-03-15,South,One year,Bank transfer,No internet,16,57.09,913.44,2,0,
CUST-008145,2022-07-01,Northeast,Month-to-month,Bank transfer,DSL,33,64.92,2142.36,0,0,
CUST-008146,2022-11-03,Northeast,Two year,Bank transfer,DSL,31,69.11,2142.41,1,0,
CUST-008147,2025-10-06,South,One year,Credit card,Fiber optic,7,118.63,830.41,2,0,
CUST-008148,2023-09-17,South,One year,Electronic check,No internet,13,84.52,1098.76,1,1,Poor customer service
CUST-008149,2025-07-15,Midwest,One year,Bank transfer,Fiber optic,7,79.3,555.1,3,0,
CUST-008150,2022-03-31,Northeast,Month-to-month,Electronic check,No internet,3,106.16,318.48,2,0,
CUST-008151,2024-09-23,Midwest,Two year,Electronic check,Fiber optic,28,57.25,1603.0,2,0,
CUST-008152,2024-04-18,West,Month-to-month,Mailed check,Fiber optic,7,98.68,690.76,5,1,Moving / relocation
CUST-008153,2023-03-25,Northeast,Two year,Bank transfer,Fiber optic,17,93.54,1590.18,1,0,
CUST-008154,2023-09-21,West,One year,Credit card,Fiber optic,40,93.2,3728.0,3,1,Poor customer service
CUST-008155,2023-04-24,South,One year,Mailed check,No internet,21,66.71,1400.91,3,0,
CUST-008156,2023-09-22,Northeast,Two year,Mailed check,Fiber optic,34,60.95,2072.3,3,0,
CUST-008157,2024-01-23,South,Two year,Credit card,DSL,5,53.07,265.35,0,0,
CUST-008158,2025-01-19,West,One year,Credit card,DSL,2,54.15,108.3,3,0,
CUST-008159,2025-06-05,South,Two year,Bank transfer,Fiber optic,45,52.28,2352.6,4,1,Poor customer service
CUST-008160,2023-08-01,West,One year,Mailed check,DSL,17,78.84,1340.28,0,0,
CUST-008161,2025-05-23,West,Month-to-month,Mailed check,No internet,13,65.17,847.21,0,0,
CUST-008162,2022-04-10,West,One year,Bank transfer,DSL,23,80.48,1851.04,0,0,
CUST-008163,2023-08-28,South,One year,Electronic check,Fiber optic,25,81.95,2048.75,0,1,Poor customer service
CUST-008164,2024-09-25,Northeast,Month-to-month,Bank transfer,No internet,18,49.94,898.92,1,1,Price too high
CUST-008165,2025-06-19,West,One year,Electronic check,DSL,22,49.47,1088.34,4,1,Moving / relocation
CUST-008166,2024-10-15,South,Month-to-month,Bank transfer,No internet,6,65.16,390.96,2,0,
CUST-008167,2023-10-04,Midwest,One year,Bank transfer,DSL,8,54.71,437.68,4,0,
CUST-008168,2024-01-21,West,One year,Electronic check,Fiber optic,10,52.89,528.9,4,1,Price too high
CUST-008169,2023-08-12,South,Two year,Mailed check,Fiber optic,34,120.62,4101.08,4,0,
CUST-008170,2022-01-09,South,Month-to-month,Electronic check,No internet,2,42.92,85.84,2,0,
CUST-008171,2025-01-28,South,Month-to-month,Credit card,No internet,1,133.94,133.94,4,1,Price too high
CUST-008172,2025-10-18,West,Month-to-month,Credit card,Fiber optic,5,76.89,384.45,1,0,
CUST-008173,2023-10-13,Midwest,One year,Mailed check,Fiber optic,22,96.12,2114.64,3,0,
CUST-008174,2023-03-21,Northeast,Month-to-month,Electronic check,Fiber optic,13,92.56,1203.28,3,0,
CUST-008175,2025-04-18,South,Month-to-month,Credit card,Fiber optic,2,85.41,170.82,0,1,Price too high
CUST-008176,2023-03-24,Midwest,Two year,Credit card,Fiber optic,40,119.32,4772.8,1,1,Price too high
CUST-008177,2025-02-19,West,Month-to-month,Credit card,Fiber optic,2,49.58,99.16,1,1,Poor customer service
CUST-008178,2022-09-28,West,Month-to-month,Mailed check,Fiber optic,6,66.68,400.08,2,0,
CUST-008179,2022-01-27,West,One year,Electronic check,Fiber optic,36,53.36,1920.96,2,0,
CUST-008180,2024-07-19,South,One year,Credit card,No internet,13,40.74,529.62,2,1,Price too high
CUST-008181,2025-05-05,West,Two year,Bank transfer,Fiber optic,35,56.74,1985.9,2,1,Moving / relocation
CUST-008182,2024-05-19,Northeast,Two year,Mailed check,DSL,8,127.64,1021.12,1,0,
CUST-008183,2023-12-20,South,Month-to-month,Credit card,Fiber optic,2,66.32,132.64,2,0,
CUST-008184,2025-07-22,West,One year,Bank transfer,DSL,26,132.25,3438.5,0,0,
CUST-008185,2024-08-15,Northeast,Two year,Electronic check,No internet,19,136.66,2596.54,0,0,
CUST-008186,2024-07-02,West,Month-to-month,Credit card,Fiber optic,7,150.0,1050.0,2,1,Moving / relocation
CUST-008187,2022-01-11,South,Two year,Bank transfer,DSL,32,128.99,4127.68,3,1,Price too high
CUST-008188,2023-02-01,Northeast,One year,Electronic check,Fiber optic,11,149.1,1640.1,3,1,Price too high
CUST-008189,2022-06-05,Midwest,Month-to-month,Electronic check,Fiber optic,5,77.79,388.95,1,1,Price too high
CUST-008190,2025-02-20,Northeast,Month-to-month,Bank transfer,Fiber optic,11,75.42,829.62,0,0,
CUST-008191,2022-07-20,South,Two year,Bank transfer,Fiber optic,15,77.04,1155.6,1,0,
CUST-008192,2023-02-28,West,Two year,Electronic check,Fiber optic,24,70.11,1682.64,0,1,Competitor offered better deal
CUST-008193,2023-05-27,West,Month-to-month,Bank transfer,DSL,16,73.54,1176.64,1,0,
CUST-008194,2025-08-02,West,One year,Mailed check,Fiber optic,23,89.18,2051.14,2,1,Competitor offered better deal
CUST-008195,2024-01-25,West,Month-to-month,Mailed check,DSL,6,60.4,362.4,1,0,
CUST-008196,2022-06-05,South,Month-to-month,Credit card,Fiber optic,19,45.11,857.09,0,1,Poor customer service
CUST-008197,2022-12-01,Northeast,One year,Electronic check,Fiber optic,10,78.76,787.6,2,1,Poor customer service
CUST-008198,2023-09-12,South,Two year,Credit card,Fiber optic,27,56.17,1516.59,1,0,
CUST-008199,2023-10-06,Northeast,Month-to-month,Mailed check,DSL,13,58.06,754.78,1,1,Moving / relocation
CUST-008200,2025-12-02,West,One year,Electronic check,No internet,47,66.97,3147.59,2,0,
CUST-008201,2025-03-22,South,Month-to-month,Electronic check,DSL,19,62.23,1182.37,3,1,Poor customer service
CUST-008202,2025-01-09,West,Month-to-month,Credit card,DSL,16,100.0,1600.0,4,1,Price too high
CUST-008203,2025-12-17,West,Month-to-month,Electronic check,No internet,43,66.46,2857.78,1,1,Frequent service outages
CUST-008204,2023-05-19,Midwest,One year,Electronic check,Fiber optic,25,101.63,2540.75,0,0,
CUST-008205,2024-02-16,Midwest,Two year,Mailed check,No internet,9,74.88,673.92,1,0,
CUST-008206,2024-12-24,Midwest,Month-to-month,Bank transfer,Fiber optic,24,68.15,1635.6,0,1,Price too high
CUST-008207,2025-05-16,South,Two year,Mailed check,Fiber optic,13,73.75,958.75,0,0,
CUST-008208,2022-01-23,Midwest,Month-to-month,Electronic check,Fiber optic,23,46.37,1066.51,4,1,Frequent service outages
CUST-008209,2023-05-06,Midwest,One year,Bank transfer,DSL,23,78.12,1796.76,0,0,
CUST-008210,2022-01-27,South,Month-to-month,Credit card,Fiber optic,36,92.0,3312.0,1,0,
CUST-008211,2022-06-28,South,Month-to-month,Credit card,Fiber optic,46,96.26,4427.96,0,0,
CUST-008212,2023-08-15,Midwest,One year,Credit card,Fiber optic,7,45.48,318.36,2,1,Frequent service outages
CUST-008213,2023-11-24,South,Month-to-month,Mailed check,Fiber optic,17,43.12,733.04,0,0,
CUST-008214,2025-11-01,South,Month-to-month,Electronic check,DSL,10,59.04,590.4,3,0,
CUST-008215,2023-05-27,South,Month-to-month,Electronic check,No internet,4,109.19,436.76,3,0,
CUST-008216,2024-04-08,Midwest,One year,Credit card,No internet,22,75.24,1655.28,2,1,Price too high
CUST-008217,2025-01-18,West,Month-to-month,Bank transfer,DSL,16,54.71,875.36,3,1,Price too high
CUST-008218,2022-05-28,Midwest,Month-to-month,Bank transfer,DSL,39,44.04,1717.56,1,0,
CUST-008219,2024-09-28,South,One year,Bank transfer,DSL,36,56.32,2027.52,2,0,
CUST-008220,2024-04-23,West,One year,Bank transfer,DSL,19,55.12,1047.28,0,0,
CUST-008221,2025-02-23,Midwest,Two year,Bank transfer,DSL,23,94.58,2175.34,0,0,
CUST-008222,2025-08-11,Midwest,Month-to-month,Mailed check,DSL,24,96.93,2326.32,1,0,
CUST-008223,2023-10-21,South,Month-to-month,Bank transfer,Fiber optic,1,50.1,50.1,0,0,
CUST-008224,2024-04-18,South,One year,Electronic check,No internet,18,89.21,1605.78,2,0,
CUST-008225,2022-08-23,West,Two year,Electronic check,DSL,36,86.34,3108.24,1,0,
CUST-008226,2023-02-18,West,Month-to-month,Electronic check,Fiber optic,24,48.06,1153.44,3,0,
CUST-008227,2023-07-14,Midwest,Two year,Credit card,DSL,39,68.25,2661.75,0,0,
CUST-008228,2025-11-22,Northeast,One year,Credit card,Fiber optic,23,78.18,1798.14,0,0,
CUST-008229,2024-03-16,Midwest,Month-to-month,Credit card,Fiber optic,4,73.86,295.44,2,1,Competitor offered better deal
CUST-008230,2025-10-06,Midwest,One year,Credit card,DSL,21,40.55,851.55,2,1,Frequent service outages
CUST-008231,2023-02-06,Northeast,One year,Electronic check,DSL,20,73.11,1462.2,0,0,
CUST-008232,2023-11-20,Midwest,Month-to-month,Electronic check,No internet,20,85.94,1718.8,2,0,
CUST-008233,2023-03-29,West,Month-to-month,Electronic check,No internet,8,116.22,929.76,2,1,Poor customer service
CUST-008234,2025-05-08,South,Month-to-month,Electronic check,Fiber optic,8,56.6,452.8,3,1,Competitor offered better deal
CUST-008235,2024-07-08,Northeast,Month-to-month,Bank transfer,Fiber optic,7,58.88,412.16,1,0,
CUST-008236,2023-03-25,Northeast,Two year,Electronic check,Fiber optic,28,65.57,1835.96,0,1,Price too high
CUST-008237,2022-08-11,Midwest,Two year,Credit card,No internet,48,76.95,3693.6,2,0,
CUST-008238,2022-11-19,Northeast,Two year,Bank transfer,Fiber optic,23,72.32,1663.36,2,0,
CUST-008239,2025-09-05,Midwest,One year,Electronic check,Fiber optic,38,85.06,3232.28,2,0,
CUST-008240,2023-10-22,Midwest,One year,Credit card,DSL,35,48.91,1711.85,1,0,
CUST-008241,2025-01-01,South,Month-to-month,Credit card,Fiber optic,29,79.6,2308.4,0,0,
CUST-008242,2025-07-24,South,Two year,Bank transfer,DSL,30,55.28,1658.4,1,0,
CUST-008243,2024-06-09,South,Month-to-month,Electronic check,No internet,12,66.96,803.52,3,1,Price too high
CUST-008244,2025-01-23,South,One year,Mailed check,DSL,47,121.09,5691.23,2,1,Price too high
CUST-008245,2023-03-26,South,Two year,Bank transfer,Fiber optic,38,44.82,1703.16,0,0,
CUST-008246,2025-12-25,South,Two year,Bank transfer,Fiber optic,42,64.11,2692.62,3,1,Competitor offered better deal
CUST-008247,2024-02-16,Midwest,Month-to-month,Electronic check,Fiber optic,30,46.62,1398.6,0,0,
CUST-008248,2025-02-25,Midwest,One year,Credit card,Fiber optic,17,73.62,1251.54,2,0,
CUST-008249,2024-02-29,South,Month-to-month,Electronic check,Fiber optic,7,98.05,686.35,1,0,
CUST-008250,2025-02-22,Midwest,Two year,Credit card,Fiber optic,42,74.02,3108.84,3,0,
CUST-008251,2025-12-10,Northeast,One year,Electronic check,DSL,23,67.54,1553.42,1,0,
CUST-008252,2025-05-21,Northeast,One year,Credit card,Fiber optic,11,107.24,1179.64,3,0,
CUST-008253,2023-04-07,Midwest,Month-to-month,Electronic check,Fiber optic,3,77.93,233.79,0,1,Competitor offered better deal
CUST-008254,2022-03-06,West,One year,Credit card,Fiber optic,13,91.13,1184.69,1,0,
CUST-008255,2023-10-24,South,Month-to-month,Credit card,Fiber optic,18,88.14,1586.52,3,0,
CUST-008256,2024-11-08,Midwest,One year,Mailed check,DSL,30,27.93,837.9,3,0,
CUST-008257,2025-05-25,South,Two year,Electronic check,Fiber optic,19,68.41,1299.79,1,0,
CUST-008258,2022-04-25,Northeast,Month-to-month,Credit card,DSL,14,49.65,695.1,1,0,
CUST-008259,2024-03-06,West,One year,Credit card,DSL,11,53.76,591.36,0,0,
CUST-008260,2023-12-30,West,Month-to-month,Credit card,DSL,32,112.38,3596.16,3,1,Price too high
CUST-008261,2024-05-06,South,Month-to-month,Mailed check,No internet,2,62.18,124.36,2,0,
CUST-008262,2023-11-30,Northeast,Month-to-month,Electronic check,DSL,5,128.46,642.3,4,1,Moving / relocation
CUST-008263,2025-05-29,West,Month-to-month,Mailed check,DSL,3,44.68,134.04,1,0,
CUST-008264,2025-01-06,Northeast,Two year,Bank transfer,No internet,36,49.56,1784.16,1,0,
CUST-008265,2022-09-23,Northeast,Two year,Electronic check,No internet,2,89.47,178.94,3,0,
CUST-008266,2025-10-05,South,Two year,Electronic check,DSL,21,62.85,1319.85,3,0,
CUST-008267,2024-08-31,South,Two year,Credit card,DSL,6,77.35,464.1,2,1,Price too high
CUST-008268,2022-09-09,Midwest,Month-to-month,Bank transfer,DSL,29,67.63,1961.27,1,0,
CUST-008269,2024-03-02,South,Two year,Bank transfer,Fiber optic,2,66.98,133.96,0,0,
CUST-008270,2025-09-24,West,Month-to-month,Credit card,No internet,2,63.6,127.2,0,0,
CUST-008271,2022-11-08,West,Month-to-month,Bank transfer,Fiber optic,20,74.25,1485.0,1,0,
CUST-008272,2024-11-02,Midwest,Month-to-month,Mailed check,Fiber optic,2,86.08,172.16,2,0,
CUST-008273,2025-02-13,Midwest,Month-to-month,Credit card,Fiber optic,6,117.52,705.12,2,0,
CUST-008274,2024-06-13,West,One year,Credit card,DSL,24,65.71,1577.04,1,0,
CUST-008275,2024-02-02,South,Month-to-month,Electronic check,Fiber optic,6,61.81,370.86,1,1,Moving / relocation
CUST-008276,2024-12-16,West,One year,Mailed check,DSL,31,59.31,1838.61,1,0,
CUST-008277,2023-11-11,Northeast,One year,Mailed check,DSL,37,112.21,4151.77,2,0,
CUST-008278,2022-11-16,Northeast,Month-to-month,Electronic check,Fiber optic,16,87.44,1399.04,1,0,
CUST-008279,2022-03-26,Northeast,Two year,Electronic check,No internet,13,38.18,496.34,3,0,
CUST-008280,2022-04-01,Midwest,One year,Electronic check,Fiber optic,7,37.65,263.55,1,1,Moving / relocation
CUST-008281,2024-07-09,West,One year,Bank transfer,DSL,30,53.75,1612.5,1,0,
CUST-008282,2022-11-10,Northeast,One year,Electronic check,No internet,21,75.46,1584.66,1,0,
CUST-008283,2023-01-22,West,One year,Credit card,Fiber optic,1,69.36,69.36,2,0,
CUST-008284,2023-05-31,South,One year,Bank transfer,Fiber optic,39,82.66,3223.74,1,0,
CUST-008285,2024-06-28,South,Month-to-month,Mailed check,Fiber optic,34,66.28,2253.52,1,1,Poor customer service
CUST-008286,2023-09-20,South,Two year,Credit card,DSL,3,109.64,328.92,0,0,
CUST-008287,2025-04-16,South,Month-to-month,Bank transfer,DSL,3,89.75,269.25,1,1,Frequent service outages
CUST-008288,2022-06-26,Midwest,One year,Credit card,Fiber optic,28,71.87,2012.36,2,0,
CUST-008289,2022-06-26,West,Month-to-month,Credit card,Fiber optic,27,101.14,2730.78,1,1,Competitor offered better deal
CUST-008290,2025-01-09,Northeast,Month-to-month,Credit card,DSL,3,41.36,124.08,1,0,
CUST-008291,2023-06-06,Northeast,Two year,Credit card,DSL,31,68.22,2114.82,0,0,
CUST-008292,2024-03-17,South,Two year,Bank transfer,Fiber optic,19,73.26,1391.94,2,0,
CUST-008293,2024-06-17,Midwest,Month-to-month,Mailed check,Fiber optic,5,85.0,425.0,1,1,Price too high
CUST-008294,2024-08-23,Northeast,Month-to-month,Bank transfer,Fiber optic,3,40.49,121.47,2,0,
CUST-008295,2024-12-10,South,Two year,Bank transfer,Fiber optic,8,64.5,516.0,0,1,Price too high
CUST-008296,2022-05-05,West,One year,Credit card,DSL,22,79.69,1753.18,2,1,Competitor offered better deal
CUST-008297,2023-01-13,South,Month-to-month,Bank transfer,DSL,3,81.67,245.01,1,1,Price too high
CUST-008298,2024-01-02,South,Two year,Electronic check,No internet,18,102.47,1844.46,1,0,
CUST-008299,2022-08-16,South,Month-to-month,Bank transfer,DSL,6,89.45,536.7,0,0,
CUST-008300,2025-07-01,South,Month-to-month,Mailed check,Fiber optic,6,68.75,412.5,0,1,Frequent service outages
CUST-008301,2023-03-29,South,One year,Bank transfer,Fiber optic,7,87.01,609.07,0,0,
CUST-008302,2025-06-10,Midwest,One year,Bank transfer,DSL,17,65.73,1117.41,1,0,
CUST-008303,2023-11-14,South,Month-to-month,Credit card,DSL,19,73.48,1396.12,2,0,
CUST-008304,2024-10-21,West,Month-to-month,Electronic check,DSL,17,90.41,1536.97,0,0,
CUST-008305,2025-12-23,South,One year,Credit card,Fiber optic,24,69.1,1658.4,1,0,
CUST-008306,2024-06-04,South,One year,Credit card,Fiber optic,26,78.72,2046.72,2,1,Poor customer service
CUST-008307,2023-03-13,Northeast,Two year,Electronic check,No internet,10,95.36,953.6,2,1,Price too high
CUST-008308,2025-09-12,Northeast,Two year,Electronic check,Fiber optic,35,88.05,3081.75,0,0,
CUST-008309,2022-08-04,Northeast,One year,Credit card,Fiber optic,36,104.03,3745.08,3,1,Frequent service outages
CUST-008310,2022-06-06,South,One year,Credit card,DSL,23,147.69,3396.87,1,0,
CUST-008311,2022-03-21,Midwest,Month-to-month,Electronic check,DSL,3,87.79,263.37,2,0,
CUST-008312,2022-03-01,Northeast,Month-to-month,Bank transfer,Fiber optic,1,60.48,60.48,1,1,Competitor offered better deal
CUST-008313,2023-04-20,Midwest,One year,Electronic check,DSL,30,82.58,2477.4,2,0,
CUST-008314,2024-11-28,West,Month-to-month,Bank transfer,Fiber optic,23,81.45,1873.35,3,0,
CUST-008315,2024-09-01,Midwest,One year,Electronic check,DSL,3,85.31,255.93,1,1,Competitor offered better deal
CUST-008316,2023-06-01,South,One year,Mailed check,DSL,6,113.12,678.72,2,0,
CUST-008317,2025-05-31,West,Month-to-month,Mailed check,DSL,14,40.9,572.6,1,0,
CUST-008318,2022-07-14,Northeast,Two year,Bank transfer,Fiber optic,12,113.8,1365.6,5,0,
CUST-008319,2023-07-26,Midwest,One year,Electronic check,DSL,11,126.74,1394.14,1,1,Poor customer service
CUST-008320,2025-09-30,South,Month-to-month,Bank transfer,DSL,15,84.08,1261.2,3,1,Poor customer service
CUST-008321,2025-08-25,South,Month-to-month,Credit card,Fiber optic,3,84.73,254.19,2,0,
CUST-008322,2022-01-30,West,Two year,Bank transfer,Fiber optic,16,64.89,1038.24,3,0,
CUST-008323,2023-05-30,South,One year,Credit card,No internet,42,70.25,2950.5,2,0,
CUST-008324,2025-02-27,Northeast,One year,Credit card,DSL,21,87.65,1840.65,1,0,
CUST-008325,2025-11-26,Midwest,Month-to-month,Electronic check,No internet,1,85.86,85.86,2,0,
CUST-008326,2023-08-12,South,One year,Electronic check,Fiber optic,33,88.29,2913.57,4,0,
CUST-008327,2023-03-08,Northeast,One year,Bank transfer,Fiber optic,23,85.67,1970.41,3,0,
CUST-008328,2023-07-10,Northeast,One year,Bank transfer,Fiber optic,28,93.46,2616.88,2,1,Price too high
CUST-008329,2024-02-23,West,Two year,Credit card,DSL,12,90.17,1082.04,1,0,
CUST-008330,2023-08-26,West,Month-to-month,Electronic check,DSL,24,50.51,1212.24,0,1,Frequent service outages
CUST-008331,2025-04-13,Midwest,Month-to-month,Electronic check,Fiber optic,3,91.5,274.5,3,1,Price too high
CUST-008332,2023-05-26,South,Month-to-month,Credit card,Fiber optic,18,127.07,2287.26,1,0,
CUST-008333,2025-03-07,West,Two year,Credit card,DSL,45,69.51,3127.95,1,0,
CUST-008334,2022-06-08,South,Month-to-month,Bank transfer,Fiber optic,2,113.28,226.56,2,1,Frequent service outages
CUST-008335,2025-10-25,South,One year,Bank transfer,Fiber optic,21,52.27,1097.67,2,1,Poor customer service
CUST-008336,2024-11-02,South,Month-to-month,Credit card,No internet,6,69.44,416.64,2,0,
CUST-008337,2024-10-11,Midwest,One year,Bank transfer,DSL,29,57.1,1655.9,1,0,
CUST-008338,2024-01-26,West,Two year,Credit card,DSL,8,109.0,872.0,2,1,Price too high
CUST-008339,2022-01-18,Northeast,One year,Credit card,No internet,35,118.5,4147.5,1,1,Moving / relocation
CUST-008340,2023-08-04,South,One year,Electronic check,DSL,15,67.92,1018.8,1,0,
CUST-008341,2024-04-01,Midwest,One year,Electronic check,Fiber optic,14,101.98,1427.72,1,0,
CUST-008342,2024-02-19,West,One year,Credit card,DSL,9,118.89,1070.01,2,0,
CUST-008343,2022-12-03,South,Month-to-month,Mailed check,DSL,15,69.37,1040.55,1,0,
CUST-008344,2023-12-02,Midwest,Two year,Electronic check,No internet,33,73.08,2411.64,3,1,Moving / relocation
CUST-008345,2024-08-19,West,Month-to-month,Bank transfer,Fiber optic,20,88.66,1773.2,1,1,Price too high
CUST-008346,2022-12-25,Midwest,Month-to-month,Bank transfer,DSL,2,53.54,107.08,0,1,Price too high
CUST-008347,2025-06-12,West,One year,Electronic check,No internet,13,72.62,944.06,2,0,
CUST-008348,2022-08-15,Northeast,Month-to-month,Bank transfer,Fiber optic,8,139.17,1113.36,1,1,Price too high
CUST-008349,2022-05-24,Midwest,Month-to-month,Electronic check,DSL,20,59.74,1194.8,1,1,Poor customer service
CUST-008350,2025-03-14,South,Two year,Electronic check,Fiber optic,44,92.13,4053.72,0,0,
CUST-008351,2024-04-05,Northeast,One year,Electronic check,Fiber optic,10,82.9,829.0,0,0,
CUST-008352,2024-11-10,South,Month-to-month,Bank transfer,Fiber optic,41,66.53,2727.73,2,0,
CUST-008353,2024-07-07,West,Month-to-month,Credit card,DSL,6,75.26,451.56,2,0,
CUST-008354,2022-10-09,Northeast,One year,Bank transfer,Fiber optic,24,122.83,2947.92,2,0,
CUST-008355,2022-11-07,South,Month-to-month,Credit card,DSL,3,83.69,251.07,1,0,
CUST-008356,2022-06-28,West,One year,Electronic check,Fiber optic,24,87.98,2111.52,1,1,Competitor offered better deal
CUST-008357,2023-03-15,Northeast,One year,Mailed check,Fiber optic,28,117.01,3276.28,1,0,
CUST-008358,2024-03-14,Northeast,Two year,Mailed check,Fiber optic,38,63.9,2428.2,1,0,
CUST-008359,2024-02-21,South,Month-to-month,Credit card,DSL,17,50.15,852.55,1,0,
CUST-008360,2024-08-11,West,Month-to-month,Bank transfer,Fiber optic,2,123.45,246.9,0,0,
CUST-008361,2023-07-28,South,Month-to-month,Credit card,DSL,14,73.24,1025.36,3,0,
CUST-008362,2024-05-05,West,Month-to-month,Mailed check,DSL,21,93.31,1959.51,0,0,
CUST-008363,2022-05-08,West,Two year,Credit card,DSL,30,54.93,1647.9,1,0,
CUST-008364,2023-02-05,South,One year,Credit card,DSL,5,79.39,396.95,2,1,Frequent service outages
CUST-008365,2025-02-15,Northeast,Month-to-month,Credit card,DSL,30,49.35,1480.5,3,1,Moving / relocation
CUST-008366,2024-12-05,Northeast,Month-to-month,Electronic check,DSL,20,71.55,1431.0,5,1,Competitor offered better deal
CUST-008367,2025-02-20,South,Two year,Electronic check,Fiber optic,25,56.98,1424.5,1,0,
CUST-008368,2022-11-06,South,Month-to-month,Bank transfer,Fiber optic,35,52.94,1852.9,0,0,
CUST-008369,2024-05-16,Midwest,Two year,Bank transfer,No internet,11,63.62,699.82,0,0,
CUST-008370,2024-01-19,West,One year,Credit card,DSL,37,33.65,1245.05,0,0,
CUST-008371,2024-03-23,Midwest,Month-to-month,Electronic check,DSL,7,48.37,338.59,0,1,Competitor offered better deal
CUST-008372,2022-10-05,South,Month-to-month,Bank transfer,DSL,48,90.05,4322.4,0,0,
CUST-008373,2022-10-31,Midwest,One year,Electronic check,DSL,24,78.36,1880.64,1,1,Moving / relocation
CUST-008374,2023-05-27,South,Month-to-month,Bank transfer,Fiber optic,8,49.71,397.68,3,0,
CUST-008375,2023-08-07,South,One year,Electronic check,Fiber optic,38,83.54,3174.52,1,0,
CUST-008376,2023-12-30,West,Two year,Credit card,Fiber optic,10,52.93,529.3,1,0,
CUST-008377,2025-01-08,Midwest,Month-to-month,Electronic check,DSL,13,88.33,1148.29,3,1,Poor customer service
CUST-008378,2024-04-16,Midwest,Month-to-month,Bank transfer,DSL,6,67.56,405.36,1,0,
CUST-008379,2025-07-28,Midwest,Month-to-month,Electronic check,Fiber optic,23,63.18,1453.14,0,1,Moving / relocation
CUST-008380,2022-06-08,South,Two year,Electronic check,Fiber optic,32,68.09,2178.88,0,0,
CUST-008381,2025-02-10,Northeast,Month-to-month,Bank transfer,No internet,17,150.0,2550.0,1,0,
CUST-008382,2023-06-06,West,Month-to-month,Electronic check,DSL,6,54.99,329.94,3,1,Poor customer service
CUST-008383,2024-12-12,Midwest,One year,Bank transfer,DSL,6,75.38,452.28,2,0,
CUST-008384,2024-02-25,Midwest,Two year,Electronic check,Fiber optic,15,90.02,1350.3,2,0,
CUST-008385,2022-04-09,Midwest,Two year,Bank transfer,Fiber optic,46,51.52,2369.92,1,0,
CUST-008386,2025-03-11,Midwest,One year,Credit card,DSL,25,42.09,1052.25,1,0,
CUST-008387,2023-03-17,South,Month-to-month,Credit card,Fiber optic,31,57.84,1793.04,2,0,
CUST-008388,2023-01-13,West,Month-to-month,Electronic check,Fiber optic,13,89.39,1162.07,1,0,
CUST-008389,2022-11-29,South,Two year,Bank transfer,Fiber optic,34,62.84,2136.56,0,0,
CUST-008390,2025-02-28,West,Month-to-month,Electronic check,DSL,21,65.11,1367.31,0,0,
CUST-008391,2024-07-12,Midwest,Two year,Mailed check,Fiber optic,11,93.83,1032.13,0,0,
CUST-008392,2025-11-10,Midwest,Two year,Credit card,Fiber optic,8,54.16,433.28,1,0,
CUST-008393,2022-07-12,West,Month-to-month,Electronic check,Fiber optic,19,68.14,1294.66,2,1,Frequent service outages
CUST-008394,2024-08-03,Northeast,Month-to-month,Electronic check,DSL,9,43.19,388.71,0,0,
CUST-008395,2022-11-11,South,One year,Credit card,DSL,8,77.68,621.44,1,0,
CUST-008396,2024-12-14,West,Month-to-month,Mailed check,No internet,12,75.45,905.4,2,1,Frequent service outages
CUST-008397,2022-09-05,South,Month-to-month,Electronic check,Fiber optic,13,90.43,1175.59,1,1,Frequent service outages
CUST-008398,2025-03-17,Northeast,Month-to-month,Credit card,DSL,13,48.59,631.67,2,0,
CUST-008399,2023-08-26,Northeast,Two year,Electronic check,Fiber optic,36,65.93,2373.48,1,0,
CUST-008400,2025-06-19,West,One year,Credit card,DSL,8,46.57,372.56,0,0,
CUST-008401,2023-07-23,Midwest,Month-to-month,Electronic check,No internet,23,64.8,1490.4,0,1,Price too high
CUST-008402,2022-05-23,South,Month-to-month,Credit card,Fiber optic,8,112.64,901.12,2,1,Competitor offered better deal
CUST-008403,2022-11-18,Northeast,One year,Credit card,DSL,6,63.27,379.62,0,0,
CUST-008404,2023-04-07,South,Month-to-month,Electronic check,Fiber optic,47,45.28,2128.16,0,0,
CUST-008405,2022-10-16,Midwest,Two year,Credit card,No internet,36,56.4,2030.4,2,0,
CUST-008406,2024-01-10,West,One year,Electronic check,DSL,8,41.87,334.96,2,0,
CUST-008407,2025-03-17,Northeast,Two year,Credit card,Fiber optic,7,46.31,324.17,2,0,
CUST-008408,2023-05-05,South,One year,Bank transfer,DSL,17,86.9,1477.3,2,0,
CUST-008409,2022-04-28,West,One year,Electronic check,DSL,2,44.13,88.26,0,0,
CUST-008410,2022-11-19,Midwest,Month-to-month,Bank transfer,No internet,2,77.47,154.94,1,0,
CUST-008411,2023-10-18,South,One year,Electronic check,Fiber optic,38,70.69,2686.22,5,1,Price too high
CUST-008412,2025-08-29,Northeast,Month-to-month,Bank transfer,DSL,41,59.14,2424.74,3,0,
CUST-008413,2024-04-20,South,One year,Bank transfer,DSL,17,75.4,1281.8,3,0,
CUST-008414,2025-01-29,Midwest,One year,Mailed check,Fiber optic,14,51.93,727.02,0,0,
CUST-008415,2022-12-03,South,One year,Credit card,DSL,45,91.75,4128.75,1,0,
CUST-008416,2022-11-23,West,Month-to-month,Credit card,DSL,5,56.07,280.35,2,0,
CUST-008417,2022-06-11,West,Month-to-month,Bank transfer,DSL,13,61.95,805.35,0,1,Moving / relocation
CUST-008418,2022-12-19,Northeast,Month-to-month,Bank transfer,No internet,12,59.64,715.68,0,0,
CUST-008419,2025-10-12,West,Month-to-month,Electronic check,No internet,12,87.41,1048.92,4,1,Price too high
CUST-008420,2024-07-13,Northeast,Month-to-month,Credit card,DSL,15,83.45,1251.75,0,1,Moving / relocation
CUST-008421,2024-02-20,South,Month-to-month,Credit card,Fiber optic,1,30.3,30.3,1,1,Competitor offered better deal
CUST-008422,2023-11-13,Northeast,Two year,Credit card,No internet,46,76.05,3498.3,0,0,
CUST-008423,2022-06-09,West,One year,Credit card,Fiber optic,18,40.11,721.98,2,1,Frequent service outages
CUST-008424,2023-03-26,West,Two year,Mailed check,DSL,19,62.85,1194.15,1,1,Poor customer service
CUST-008425,2022-10-08,South,Two year,Electronic check,No internet,5,67.72,338.6,2,0,
CUST-008426,2025-05-04,Midwest,Month-to-month,Bank transfer,Fiber optic,7,62.64,438.48,2,1,Competitor offered better deal
CUST-008427,2023-01-17,Northeast,One year,Electronic check,Fiber optic,19,82.29,1563.51,0,1,Frequent service outages
CUST-008428,2025-09-26,Midwest,Month-to-month,Bank transfer,No internet,6,88.27,529.62,0,0,
CUST-008429,2022-12-28,Midwest,One year,Mailed check,Fiber optic,6,54.73,328.38,2,0,
CUST-008430,2023-06-14,South,Month-to-month,Bank transfer,Fiber optic,1,54.1,54.1,2,0,
CUST-008431,2022-05-24,Northeast,Month-to-month,Bank transfer,Fiber optic,7,69.3,485.1,1,0,
CUST-008432,2024-08-01,West,Month-to-month,Electronic check,DSL,14,42.78,598.92,0,0,
CUST-008433,2022-08-05,South,Month-to-month,Bank transfer,Fiber optic,6,60.18,361.08,2,1,Competitor offered better deal
CUST-008434,2023-05-05,South,Month-to-month,Mailed check,Fiber optic,48,107.92,5180.16,0,0,
CUST-008435,2025-11-14,South,One year,Electronic check,No internet,25,43.29,1082.25,1,0,
CUST-008436,2025-10-26,Northeast,One year,Mailed check,DSL,6,62.88,377.28,2,1,Frequent service outages
CUST-008437,2022-05-05,South,Month-to-month,Electronic check,DSL,1,58.0,58.0,2,1,Competitor offered better deal
CUST-008438,2023-08-15,Midwest,Two year,Mailed check,Fiber optic,38,133.18,5060.84,0,0,
CUST-008439,2024-04-15,South,One year,Electronic check,No internet,19,59.02,1121.38,1,0,
CUST-008440,2022-10-31,South,Month-to-month,Electronic check,Fiber optic,8,60.13,481.04,2,1,Price too high
CUST-008441,2022-04-29,Midwest,Month-to-month,Mailed check,No internet,7,50.41,352.87,1,1,Price too high
CUST-008442,2023-08-06,Northeast,Month-to-month,Bank transfer,Fiber optic,14,70.31,984.34,2,1,Moving / relocation
CUST-008443,2023-12-19,Midwest,Two year,Credit card,DSL,23,76.44,1758.12,1,0,
CUST-008444,2023-04-11,Northeast,Month-to-month,Electronic check,No internet,2,52.8,105.6,1,0,
CUST-008445,2025-05-27,Northeast,Month-to-month,Mailed check,Fiber optic,4,96.2,384.8,1,1,Competitor offered better deal
CUST-008446,2024-01-14,South,Two year,Electronic check,Fiber optic,17,76.46,1299.82,1,0,
CUST-008447,2023-07-05,South,Month-to-month,Electronic check,Fiber optic,1,92.08,92.08,2,0,
CUST-008448,2022-05-17,Northeast,Month-to-month,Mailed check,Fiber optic,12,63.12,757.44,2,0,
CUST-008449,2025-10-02,South,Month-to-month,Bank transfer,DSL,19,75.78,1439.82,0,0,
CUST-008450,2024-06-21,West,One year,Bank transfer,Fiber optic,3,65.48,196.44,1,0,
CUST-008451,2025-07-06,West,One year,Credit card,Fiber optic,41,111.77,4582.57,1,0,
CUST-008452,2025-02-04,South,Two year,Credit card,Fiber optic,40,72.76,2910.4,0,0,
CUST-008453,2024-06-07,West,One year,Credit card,Fiber optic,44,70.3,3093.2,2,0,
CUST-008454,2023-01-20,West,Two year,Electronic check,DSL,44,60.54,2663.76,1,0,
CUST-008455,2023-02-26,Northeast,One year,Electronic check,Fiber optic,1,59.44,59.44,1,1,Frequent service outages
CUST-008456,2023-01-02,Midwest,Month-to-month,Bank transfer,Fiber optic,13,75.65,983.45,2,1,Frequent service outages
CUST-008457,2024-09-17,Midwest,One year,Bank transfer,Fiber optic,38,91.13,3462.94,3,0,
CUST-008458,2023-05-04,Northeast,Two year,Bank transfer,Fiber optic,38,56.31,2139.78,2,0,
CUST-008459,2022-07-05,South,Month-to-month,Bank transfer,Fiber optic,13,73.0,949.0,2,0,
CUST-008460,2024-01-20,South,Month-to-month,Credit card,Fiber optic,19,74.36,1412.84,5,1,Moving / relocation
CUST-008461,2022-03-21,Northeast,Two year,Bank transfer,Fiber optic,45,78.62,3537.9,0,0,
CUST-008462,2022-05-31,South,Month-to-month,Credit card,Fiber optic,4,40.59,162.36,0,0,
CUST-008463,2025-06-24,Midwest,Two year,Credit card,DSL,31,52.15,1616.65,4,0,
CUST-008464,2024-03-18,Midwest,Month-to-month,Mailed check,DSL,3,45.28,135.84,0,1,Frequent service outages
CUST-008465,2022-12-25,Northeast,One year,Electronic check,No internet,34,70.85,2408.9,0,0,
CUST-008466,2024-08-23,Northeast,Two year,Mailed check,DSL,29,52.55,1523.95,0,0,
CUST-008467,2023-07-03,South,Two year,Mailed check,Fiber optic,29,59.81,1734.49,0,0,
CUST-008468,2025-12-01,Midwest,One year,Credit card,Fiber optic,44,47.84,2104.96,0,0,
CUST-008469,2025-06-10,West,One year,Credit card,DSL,37,61.62,2279.94,2,0,
CUST-008470,2025-11-11,West,Month-to-month,Electronic check,DSL,5,48.92,244.6,1,1,Price too high
CUST-008471,2023-01-19,Northeast,One year,Electronic check,Fiber optic,12,89.35,1072.2,0,1,Competitor offered better deal
CUST-008472,2023-04-10,West,Two year,Credit card,DSL,13,81.72,1062.36,1,0,
CUST-008473,2024-06-25,South,Month-to-month,Bank transfer,Fiber optic,17,73.56,1250.52,2,0,
CUST-008474,2024-08-31,Midwest,One year,Credit card,Fiber optic,18,63.65,1145.7,0,0,
CUST-008475,2022-07-28,Midwest,Month-to-month,Mailed check,DSL,11,36.52,401.72,0,0,
CUST-008476,2024-12-06,South,One year,Electronic check,No internet,33,60.54,1997.82,2,0,
CUST-008477,2023-07-31,West,One year,Electronic check,No internet,6,54.95,329.7,1,0,
CUST-008478,2025-04-30,Northeast,One year,Electronic check,No internet,38,75.88,2883.44,2,1,Competitor offered better deal
CUST-008479,2023-12-29,West,Month-to-month,Mailed check,Fiber optic,32,85.48,2735.36,0,0,
CUST-008480,2022-05-06,South,One year,Electronic check,Fiber optic,47,77.78,3655.66,3,0,
CUST-008481,2024-04-21,Northeast,Month-to-month,Bank transfer,Fiber optic,1,105.02,105.02,2,1,Frequent service outages
CUST-008482,2022-07-09,South,Month-to-month,Credit card,Fiber optic,15,58.45,876.75,3,0,
CUST-008483,2024-11-08,Northeast,Two year,Electronic check,DSL,44,57.68,2537.92,3,0,
CUST-008484,2023-03-12,South,Month-to-month,Credit card,Fiber optic,24,97.72,2345.28,1,0,
CUST-008485,2024-01-21,Northeast,One year,Electronic check,Fiber optic,10,73.94,739.4,1,0,
CUST-008486,2023-01-26,Midwest,Month-to-month,Bank transfer,No internet,2,64.78,129.56,0,0,
CUST-008487,2022-07-17,Northeast,Two year,Electronic check,Fiber optic,34,126.58,4303.72,2,0,
CUST-008488,2025-02-17,West,Month-to-month,Credit card,Fiber optic,13,84.34,1096.42,1,0,
CUST-008489,2022-11-03,Midwest,One year,Electronic check,No internet,39,65.96,2572.44,1,0,
CUST-008490,2025-04-05,South,Month-to-month,Mailed check,Fiber optic,18,56.29,1013.22,0,0,
CUST-008491,2024-07-19,Midwest,Month-to-month,Credit card,DSL,10,107.18,1071.8,2,0,
CUST-008492,2023-11-15,South,Month-to-month,Electronic check,Fiber optic,19,74.91,1423.29,4,1,Moving / relocation
CUST-008493,2023-12-26,Northeast,One year,Credit card,Fiber optic,23,70.66,1625.18,2,0,
CUST-008494,2023-11-26,South,Month-to-month,Bank transfer,Fiber optic,23,87.04,2001.92,3,0,
CUST-008495,2023-09-12,Northeast,Two year,Mailed check,Fiber optic,23,92.91,2136.93,0,1,Moving / relocation
CUST-008496,2024-01-28,West,Month-to-month,Electronic check,Fiber optic,2,83.59,167.18,0,1,Price too high
CUST-008497,2022-02-01,South,Two year,Credit card,DSL,20,93.03,1860.6,0,0,
CUST-008498,2022-02-16,West,Month-to-month,Credit card,DSL,15,81.0,1215.0,1,0,
CUST-008499,2024-07-06,Northeast,Month-to-month,Electronic check,Fiber optic,9,83.73,753.57,4,0,
CUST-008500,2023-08-04,Midwest,Two year,Credit card,Fiber optic,40,55.47,2218.8,2,1,Frequent service outages
CUST-008501,2025-03-28,South,Month-to-month,Credit card,DSL,12,125.13,1501.56,2,0,
CUST-008502,2022-05-14,South,One year,Bank transfer,Fiber optic,12,47.24,566.88,0,0,
CUST-008503,2022-06-25,West,One year,Credit card,Fiber optic,1,77.4,77.4,0,0,
CUST-008504,2022-07-14,Northeast,One year,Electronic check,No internet,11,45.71,502.81,1,0,
CUST-008505,2025-06-22,South,Two year,Bank transfer,No internet,12,67.94,815.28,1,1,Price too high
CUST-008506,2024-09-27,South,Month-to-month,Credit card,Fiber optic,14,58.39,817.46,1,1,Competitor offered better deal
CUST-008507,2023-11-20,West,Two year,Credit card,Fiber optic,33,73.22,2416.26,2,0,
CUST-008508,2024-03-06,West,Two year,Electronic check,DSL,38,78.21,2971.98,0,0,
CUST-008509,2023-03-14,Midwest,Month-to-month,Bank transfer,Fiber optic,2,51.62,103.24,1,0,
CUST-008510,2023-09-29,Northeast,One year,Electronic check,No internet,40,69.45,2778.0,2,0,
CUST-008511,2023-04-26,South,One year,Electronic check,Fiber optic,10,109.51,1095.1,2,0,
CUST-008512,2025-01-13,South,One year,Electronic check,Fiber optic,6,46.07,276.42,3,0,
CUST-008513,2025-02-09,West,Month-to-month,Electronic check,DSL,18,53.34,960.12,0,1,Price too high
CUST-008514,2024-04-28,Northeast,Month-to-month,Bank transfer,Fiber optic,3,92.34,277.02,1,0,
CUST-008515,2022-12-04,South,Month-to-month,Mailed check,Fiber optic,10,71.87,718.7,2,1,Price too high
CUST-008516,2023-01-19,West,Month-to-month,Credit card,DSL,34,73.58,2501.72,1,0,
CUST-008517,2023-07-22,Northeast,One year,Credit card,No internet,13,97.24,1264.12,1,0,
CUST-008518,2024-08-26,Northeast,Month-to-month,Bank transfer,Fiber optic,19,54.37,1033.03,2,0,
CUST-008519,2025-07-18,Northeast,One year,Electronic check,DSL,30,59.37,1781.1,1,0,
CUST-008520,2023-02-24,Northeast,Two year,Credit card,Fiber optic,21,57.07,1198.47,1,0,
CUST-008521,2025-03-05,Midwest,Two year,Electronic check,No internet,20,62.71,1254.2,3,0,
CUST-008522,2022-06-12,South,One year,Bank transfer,Fiber optic,48,107.62,5165.76,2,0,
CUST-008523,2022-07-21,South,One year,Electronic check,Fiber optic,21,40.68,854.28,0,0,
CUST-008524,2025-10-27,Northeast,Month-to-month,Credit card,Fiber optic,6,47.84,287.04,5,1,Price too high
CUST-008525,2023-04-22,Midwest,One year,Mailed check,DSL,32,45.29,1449.28,3,0,
CUST-008526,2025-05-02,Midwest,Month-to-month,Credit card,Fiber optic,21,109.79,2305.59,1,0,
CUST-008527,2023-06-11,South,Month-to-month,Credit card,DSL,11,57.59,633.49,0,1,Poor customer service
CUST-008528,2024-03-10,Midwest,Two year,Credit card,Fiber optic,41,63.15,2589.15,0,0,
CUST-008529,2022-01-29,Northeast,Month-to-month,Credit card,DSL,19,41.82,794.58,0,1,Price too high
CUST-008530,2022-05-20,Northeast,Month-to-month,Bank transfer,No internet,8,64.46,515.68,2,1,Moving / relocation
CUST-008531,2025-10-30,Northeast,One year,Credit card,Fiber optic,9,92.51,832.59,3,0,
CUST-008532,2023-09-14,West,One year,Electronic check,DSL,35,76.02,2660.7,2,0,
CUST-008533,2025-01-22,Northeast,Month-to-month,Credit card,Fiber optic,11,67.73,745.03,2,0,
CUST-008534,2024-04-21,Midwest,Month-to-month,Electronic check,DSL,23,42.49,977.27,2,0,
CUST-008535,2024-09-14,Midwest,Month-to-month,Mailed check,Fiber optic,36,63.12,2272.32,2,0,
CUST-008536,2023-05-01,West,One year,Mailed check,Fiber optic,41,73.48,3012.68,0,0,
CUST-008537,2025-10-21,West,Month-to-month,Credit card,DSL,24,51.04,1224.96,3,1,Price too high
CUST-008538,2022-10-09,South,Month-to-month,Mailed check,Fiber optic,44,86.45,3803.8,1,1,Moving / relocation
CUST-008539,2024-11-27,South,One year,Bank transfer,Fiber optic,2,93.06,186.12,2,0,
CUST-008540,2024-01-12,South,Two year,Bank transfer,Fiber optic,42,59.19,2485.98,0,0,
CUST-008541,2024-02-22,West,One year,Bank transfer,DSL,13,88.43,1149.59,3,0,
CUST-008542,2025-07-19,Northeast,One year,Electronic check,No internet,4,67.69,270.76,2,0,
CUST-008543,2022-01-24,South,One year,Bank transfer,No internet,34,101.2,3440.8,2,0,
CUST-008544,2023-04-09,South,Month-to-month,Bank transfer,DSL,35,134.41,4704.35,3,0,
CUST-008545,2025-02-17,South,One year,Credit card,No internet,10,49.4,494.0,1,0,
CUST-008546,2025-06-28,West,One year,Credit card,DSL,45,89.68,4035.6,2,0,
CUST-008547,2025-09-22,West,Month-to-month,Electronic check,DSL,5,106.44,532.2,4,1,Competitor offered better deal
CUST-008548,2023-07-09,South,Two year,Electronic check,DSL,30,51.39,1541.7,0,0,
CUST-008549,2023-08-15,Midwest,Month-to-month,Bank transfer,No internet,7,58.32,408.24,1,0,
CUST-008550,2023-02-15,West,Month-to-month,Bank transfer,Fiber optic,16,58.11,929.76,3,0,
CUST-008551,2023-07-12,Midwest,Month-to-month,Bank transfer,DSL,1,67.19,67.19,1,1,Poor customer service
CUST-008552,2025-06-16,South,One year,Credit card,DSL,3,62.55,187.65,3,1,Price too high
CUST-008553,2023-06-06,Midwest,Month-to-month,Electronic check,Fiber optic,33,65.8,2171.4,4,1,Price too high
CUST-008554,2022-05-18,South,Two year,Credit card,DSL,30,91.67,2750.1,2,0,
CUST-008555,2025-12-28,South,Month-to-month,Electronic check,DSL,9,38.22,343.98,2,0,
CUST-008556,2025-01-21,South,One year,Credit card,DSL,3,51.33,153.99,0,0,
CUST-008557,2022-07-19,Midwest,Month-to-month,Mailed check,DSL,20,86.87,1737.4,0,0,
CUST-008558,2023-11-27,West,Month-to-month,Credit card,Fiber optic,16,83.67,1338.72,2,1,Poor customer service
CUST-008559,2025-01-27,South,Month-to-month,Electronic check,No internet,43,49.96,2148.28,1,1,Poor customer service
CUST-008560,2022-04-26,South,Month-to-month,Bank transfer,Fiber optic,45,83.86,3773.7,2,0,
CUST-008561,2022-12-02,South,Month-to-month,Electronic check,Fiber optic,27,107.19,2894.13,2,0,
CUST-008562,2024-09-11,South,Month-to-month,Bank transfer,DSL,1,69.01,69.01,2,1,Price too high
CUST-008563,2025-01-04,West,One year,Credit card,DSL,11,50.78,558.58,1,1,Frequent service outages
CUST-008564,2023-06-25,South,One year,Credit card,DSL,26,92.76,2411.76,2,0,
CUST-008565,2022-02-27,South,Month-to-month,Bank transfer,DSL,10,121.68,1216.8,2,1,Competitor offered better deal
CUST-008566,2025-01-10,Northeast,One year,Electronic check,DSL,23,52.8,1214.4,1,1,Poor customer service
CUST-008567,2024-11-23,Midwest,One year,Credit card,DSL,3,70.99,212.97,1,0,
CUST-008568,2024-01-22,West,Two year,Mailed check,No internet,9,99.37,894.33,0,0,
CUST-008569,2023-01-13,West,Month-to-month,Bank transfer,Fiber optic,3,72.74,218.22,1,1,Moving / relocation
CUST-008570,2025-03-22,Midwest,Month-to-month,Electronic check,No internet,24,40.08,961.92,3,0,
CUST-008571,2024-10-15,Northeast,Two year,Credit card,No internet,10,80.79,807.9,4,0,
CUST-008572,2022-02-04,West,Two year,Mailed check,No internet,5,51.25,256.25,2,0,
CUST-008573,2025-04-26,West,Two year,Mailed check,Fiber optic,30,46.68,1400.4,0,0,
CUST-008574,2023-12-10,South,Two year,Electronic check,No internet,42,40.33,1693.86,0,0,
CUST-008575,2024-10-06,Midwest,Month-to-month,Bank transfer,Fiber optic,4,102.61,410.44,1,0,
CUST-008576,2024-01-01,South,Two year,Electronic check,Fiber optic,16,53.67,858.72,1,1,Moving / relocation
CUST-008577,2022-05-11,West,One year,Credit card,Fiber optic,42,78.0,3276.0,0,0,
CUST-008578,2025-06-03,Northeast,Month-to-month,Credit card,No internet,20,84.37,1687.4,3,0,
CUST-008579,2025-07-04,Northeast,Two year,Credit card,No internet,9,73.83,664.47,2,0,
CUST-008580,2025-06-07,West,One year,Mailed check,Fiber optic,4,77.08,308.32,1,0,
CUST-008581,2024-02-24,South,Month-to-month,Bank transfer,DSL,15,79.2,1188.0,1,0,
CUST-008582,2023-12-03,South,Month-to-month,Bank transfer,DSL,7,73.27,512.89,2,1,Competitor offered better deal
CUST-008583,2022-11-28,Northeast,One year,Credit card,Fiber optic,6,54.97,329.82,2,0,
CUST-008584,2023-02-07,South,Month-to-month,Mailed check,DSL,5,53.42,267.1,2,0,
CUST-008585,2022-08-25,South,One year,Mailed check,Fiber optic,15,67.79,1016.85,1,0,
CUST-008586,2023-10-06,Midwest,Month-to-month,Mailed check,DSL,6,67.33,403.98,0,0,
CUST-008587,2024-08-08,South,Month-to-month,Bank transfer,Fiber optic,5,80.43,402.15,0,1,Frequent service outages
CUST-008588,2024-11-25,West,Month-to-month,Credit card,Fiber optic,4,99.74,398.96,2,0,
CUST-008589,2023-07-23,West,Two year,Electronic check,DSL,11,78.26,860.86,2,0,
CUST-008590,2022-04-23,Northeast,One year,Bank transfer,Fiber optic,8,54.08,432.64,0,0,
CUST-008591,2025-08-19,Northeast,Month-to-month,Mailed check,DSL,26,34.88,906.88,5,0,
CUST-008592,2025-11-28,South,Month-to-month,Electronic check,DSL,19,54.81,1041.39,1,0,
CUST-008593,2024-10-12,South,Month-to-month,Credit card,Fiber optic,15,45.59,683.85,3,0,
CUST-008594,2024-07-20,West,Two year,Credit card,DSL,5,55.49,277.45,1,0,
CUST-008595,2025-08-01,South,Month-to-month,Credit card,Fiber optic,13,75.76,984.88,1,0,
CUST-008596,2023-09-16,West,Two year,Mailed check,DSL,43,72.02,3096.86,1,0,
CUST-008597,2024-01-04,South,Two year,Credit card,Fiber optic,7,127.05,889.35,1,1,Moving / relocation
CUST-008598,2024-05-17,South,One year,Bank transfer,Fiber optic,32,81.83,2618.56,0,1,Competitor offered better deal
CUST-008599,2024-01-30,Midwest,Month-to-month,Bank transfer,DSL,22,129.14,2841.08,2,0,
CUST-008600,2025-07-29,South,Two year,Electronic check,No internet,5,88.13,440.65,0,0,
CUST-008601,2022-12-21,South,Month-to-month,Electronic check,Fiber optic,15,99.23,1488.45,2,1,Moving / relocation
CUST-008602,2023-08-11,Midwest,Two year,Electronic check,No internet,34,62.5,2125.0,2,1,Frequent service outages
CUST-008603,2025-11-02,Midwest,Month-to-month,Bank transfer,DSL,19,49.71,944.49,1,1,Price too high
CUST-008604,2022-11-27,Northeast,Month-to-month,Credit card,Fiber optic,18,60.72,1092.96,0,0,
CUST-008605,2024-06-11,Northeast,Month-to-month,Bank transfer,DSL,6,69.84,419.04,2,0,
CUST-008606,2024-09-02,Northeast,Month-to-month,Electronic check,DSL,12,57.34,688.08,2,0,
CUST-008607,2025-06-07,South,One year,Credit card,DSL,23,50.89,1170.47,3,0,
CUST-008608,2022-03-22,South,One year,Electronic check,Fiber optic,26,80.11,2082.86,2,0,
CUST-008609,2024-01-12,West,Month-to-month,Credit card,DSL,21,50.82,1067.22,2,1,Poor customer service
CUST-008610,2023-07-03,Northeast,Month-to-month,Mailed check,DSL,1,42.92,42.92,3,1,Frequent service outages
CUST-008611,2023-10-28,West,Month-to-month,Bank transfer,DSL,15,48.96,734.4,3,0,
CUST-008612,2022-11-01,South,Two year,Electronic check,DSL,10,65.04,650.4,4,0,
CUST-008613,2023-04-16,West,Two year,Mailed check,Fiber optic,27,51.06,1378.62,1,0,
CUST-008614,2025-01-03,Midwest,Two year,Bank transfer,Fiber optic,40,65.17,2606.8,2,0,
CUST-008615,2025-10-10,Midwest,Two year,Bank transfer,DSL,13,84.96,1104.48,3,0,
CUST-008616,2025-06-08,Northeast,One year,Electronic check,Fiber optic,25,84.25,2106.25,2,0,
CUST-008617,2024-12-15,Midwest,Month-to-month,Bank transfer,DSL,27,56.74,1531.98,1,0,
CUST-008618,2025-03-22,Midwest,Month-to-month,Electronic check,Fiber optic,17,46.19,785.23,3,1,Poor customer service
CUST-008619,2024-12-11,Midwest,One year,Credit card,DSL,2,58.31,116.62,4,0,
CUST-008620,2022-05-30,West,One year,Mailed check,Fiber optic,31,86.47,2680.57,2,0,
CUST-008621,2024-07-20,West,One year,Mailed check,DSL,2,93.18,186.36,1,1,Moving / relocation
CUST-008622,2022-07-27,Northeast,One year,Bank transfer,Fiber optic,11,78.49,863.39,4,0,
CUST-008623,2023-06-16,Midwest,Month-to-month,Credit card,No internet,33,102.97,3398.01,1,0,
CUST-008624,2025-09-20,Midwest,One year,Electronic check,DSL,27,121.92,3291.84,1,0,
CUST-008625,2025-08-08,West,Month-to-month,Bank transfer,Fiber optic,6,60.06,360.36,0,0,
CUST-008626,2024-06-25,South,One year,Credit card,Fiber optic,13,112.81,1466.53,0,0,
CUST-008627,2024-11-03,West,Two year,Mailed check,DSL,44,64.5,2838.0,1,0,
CUST-008628,2023-02-05,Midwest,Two year,Electronic check,Fiber optic,28,97.16,2720.48,4,0,
CUST-008629,2025-01-03,South,Month-to-month,Electronic check,DSL,21,87.95,1846.95,1,0,
CUST-008630,2024-05-24,Northeast,Month-to-month,Credit card,DSL,1,37.24,37.24,0,0,
CUST-008631,2024-01-28,Northeast,Month-to-month,Electronic check,DSL,11,51.46,566.06,6,1,Frequent service outages
CUST-008632,2024-12-01,South,Two year,Electronic check,Fiber optic,45,47.43,2134.35,3,1,Competitor offered better deal
CUST-008633,2025-09-15,South,Month-to-month,Credit card,Fiber optic,21,39.64,832.44,2,1,Poor customer service
CUST-008634,2024-09-10,West,Two year,Credit card,Fiber optic,43,92.89,3994.27,1,0,
CUST-008635,2023-09-09,South,One year,Bank transfer,Fiber optic,39,135.91,5300.49,3,0,
CUST-008636,2023-06-21,Midwest,Month-to-month,Electronic check,DSL,17,64.56,1097.52,0,1,Price too high
CUST-008637,2023-01-23,South,Month-to-month,Bank transfer,DSL,2,92.14,184.28,1,0,
CUST-008638,2024-06-22,Northeast,One year,Credit card,Fiber optic,38,112.74,4284.12,0,1,Moving / relocation
CUST-008639,2023-06-17,South,One year,Electronic check,Fiber optic,7,74.94,524.58,1,0,
CUST-008640,2022-05-09,Northeast,Month-to-month,Electronic check,DSL,5,69.54,347.7,2,0,
CUST-008641,2024-04-07,Midwest,Month-to-month,Credit card,No internet,7,64.8,453.6,2,0,
CUST-008642,2025-08-28,Northeast,One year,Credit card,Fiber optic,36,83.26,2997.36,2,0,
CUST-008643,2022-01-28,South,One year,Mailed check,Fiber optic,7,92.75,649.25,2,0,
CUST-008644,2025-03-15,South,One year,Credit card,Fiber optic,14,81.27,1137.78,1,1,Poor customer service
CUST-008645,2025-06-10,Northeast,Month-to-month,Bank transfer,Fiber optic,3,80.38,241.14,0,0,
CUST-008646,2025-07-11,Northeast,Month-to-month,Credit card,DSL,7,68.97,482.79,1,0,
CUST-008647,2022-05-24,Midwest,Month-to-month,Electronic check,DSL,16,42.11,673.76,2,0,
CUST-008648,2023-01-16,West,Month-to-month,Mailed check,DSL,5,93.44,467.2,1,0,
CUST-008649,2025-03-11,West,Two year,Bank transfer,No internet,47,46.48,2184.56,2,1,Poor customer service
CUST-008650,2022-12-13,South,One year,Mailed check,Fiber optic,15,85.47,1282.05,3,0,
CUST-008651,2025-11-22,West,One year,Mailed check,Fiber optic,36,89.29,3214.44,1,0,
CUST-008652,2024-03-30,Northeast,One year,Bank transfer,Fiber optic,26,48.67,1265.42,2,0,
CUST-008653,2023-05-18,Northeast,One year,Bank transfer,DSL,23,57.71,1327.33,1,0,
CUST-008654,2023-07-03,South,One year,Electronic check,Fiber optic,5,138.22,691.1,0,1,Competitor offered better deal
CUST-008655,2023-09-28,West,Month-to-month,Mailed check,Fiber optic,2,68.34,136.68,3,0,
CUST-008656,2022-10-17,Northeast,Month-to-month,Bank transfer,Fiber optic,3,47.44,142.32,1,1,Poor customer service
CUST-008657,2023-06-12,West,One year,Bank transfer,No internet,25,90.58,2264.5,0,0,
CUST-008658,2025-03-11,Northeast,Month-to-month,Bank transfer,Fiber optic,3,54.75,164.25,0,1,Moving / relocation
CUST-008659,2022-04-12,Midwest,Month-to-month,Electronic check,Fiber optic,17,37.92,644.64,2,1,Price too high
CUST-008660,2022-05-06,West,Month-to-month,Electronic check,Fiber optic,29,82.79,2400.91,3,0,
CUST-008661,2023-07-27,South,Month-to-month,Credit card,Fiber optic,3,52.28,156.84,1,1,Moving / relocation
CUST-008662,2022-02-08,South,Month-to-month,Credit card,DSL,8,77.69,621.52,0,1,Price too high
CUST-008663,2023-09-27,Midwest,Month-to-month,Bank transfer,DSL,21,54.05,1135.05,1,0,
CUST-008664,2025-04-25,South,Month-to-month,Bank transfer,DSL,3,87.91,263.73,2,0,
CUST-008665,2024-02-15,West,Month-to-month,Electronic check,DSL,24,74.35,1784.4,1,1,Poor customer service
CUST-008666,2022-11-15,Northeast,Month-to-month,Mailed check,Fiber optic,5,30.61,153.05,2,1,Moving / relocation
CUST-008667,2022-04-03,Northeast,One year,Bank transfer,No internet,2,79.22,158.44,0,0,
CUST-008668,2025-07-04,Northeast,One year,Bank transfer,DSL,30,63.9,1917.0,2,0,
CUST-008669,2025-02-15,Midwest,Month-to-month,Electronic check,No internet,2,110.32,220.64,3,1,Frequent service outages
CUST-008670,2024-03-25,Northeast,One year,Electronic check,Fiber optic,32,79.56,2545.92,2,0,
CUST-008671,2023-02-21,South,Month-to-month,Credit card,Fiber optic,8,89.3,714.4,0,0,
CUST-008672,2024-05-31,Midwest,Month-to-month,Bank transfer,DSL,6,55.85,335.1,1,0,
CUST-008673,2025-01-09,West,Month-to-month,Credit card,No internet,19,54.44,1034.36,1,0,
CUST-008674,2022-01-31,West,Month-to-month,Bank transfer,No internet,2,69.53,139.06,1,0,
CUST-008675,2024-12-28,South,One year,Credit card,Fiber optic,39,62.46,2435.94,1,1,Moving / relocation
CUST-008676,2023-10-08,West,Month-to-month,Electronic check,Fiber optic,2,107.57,215.14,0,1,Competitor offered better deal
CUST-008677,2023-07-18,West,Month-to-month,Electronic check,No internet,1,66.75,66.75,0,1,Frequent service outages
CUST-008678,2025-08-28,South,Month-to-month,Bank transfer,Fiber optic,28,47.37,1326.36,1,1,Moving / relocation
CUST-008679,2025-04-07,Midwest,Month-to-month,Bank transfer,DSL,32,53.79,1721.28,2,0,
CUST-008680,2024-12-24,West,Two year,Electronic check,No internet,15,95.47,1432.05,0,0,
CUST-008681,2024-11-04,Midwest,One year,Bank transfer,Fiber optic,9,66.45,598.05,1,0,
CUST-008682,2023-01-12,Midwest,Month-to-month,Electronic check,Fiber optic,3,65.32,195.96,3,1,Poor customer service
CUST-008683,2025-10-20,South,Two year,Electronic check,Fiber optic,2,98.42,196.84,3,1,Competitor offered better deal
CUST-008684,2022-03-01,Northeast,Month-to-month,Credit card,Fiber optic,1,52.31,52.31,0,1,Competitor offered better deal
CUST-008685,2023-05-19,Northeast,Month-to-month,Bank transfer,DSL,29,34.29,994.41,2,0,
CUST-008686,2022-07-27,South,Two year,Mailed check,No internet,41,53.36,2187.76,1,0,
CUST-008687,2022-10-19,Northeast,Month-to-month,Electronic check,DSL,7,75.75,530.25,4,0,
CUST-008688,2025-03-06,West,One year,Credit card,Fiber optic,10,64.73,647.3,3,0,
CUST-008689,2022-12-07,West,One year,Credit card,DSL,35,42.55,1489.25,2,0,
CUST-008690,2023-12-23,South,Month-to-month,Electronic check,Fiber optic,31,97.04,3008.24,1,0,
CUST-008691,2024-11-02,Northeast,Month-to-month,Mailed check,Fiber optic,1,73.87,73.87,0,1,Frequent service outages
CUST-008692,2023-12-13,Midwest,One year,Bank transfer,DSL,28,79.4,2223.2,2,0,
CUST-008693,2023-01-23,South,Month-to-month,Electronic check,DSL,1,80.18,80.18,2,0,
CUST-008694,2025-06-08,Northeast,Month-to-month,Bank transfer,Fiber optic,20,46.27,925.4,1,1,Price too high
CUST-008695,2023-04-25,Midwest,Month-to-month,Electronic check,Fiber optic,15,77.24,1158.6,4,0,
CUST-008696,2023-10-28,Northeast,One year,Electronic check,No internet,41,93.73,3842.93,1,0,
CUST-008697,2022-11-24,South,Two year,Bank transfer,DSL,47,100.98,4746.06,1,0,
CUST-008698,2023-10-14,West,Two year,Mailed check,Fiber optic,34,88.31,3002.54,3,0,
CUST-008699,2022-02-21,West,Two year,Bank transfer,No internet,32,82.62,2643.84,2,0,
CUST-008700,2022-04-04,Northeast,Month-to-month,Electronic check,Fiber optic,2,40.21,80.42,1,1,Frequent service outages
CUST-008701,2022-02-04,Northeast,Month-to-month,Bank transfer,Fiber optic,4,69.77,279.08,1,1,Frequent service outages
CUST-008702,2025-02-26,South,Month-to-month,Credit card,Fiber optic,14,51.62,722.68,3,1,Competitor offered better deal
CUST-008703,2023-03-15,Northeast,Month-to-month,Bank transfer,Fiber optic,21,105.67,2219.07,0,0,
CUST-008704,2023-10-13,South,Month-to-month,Bank transfer,Fiber optic,5,100.66,503.3,0,0,
CUST-008705,2023-08-26,South,Two year,Bank transfer,Fiber optic,34,51.72,1758.48,2,1,Poor customer service
CUST-008706,2025-10-06,Midwest,One year,Credit card,DSL,17,69.08,1174.36,1,0,
CUST-008707,2025-03-02,South,Month-to-month,Bank transfer,Fiber optic,33,75.91,2505.03,2,0,
CUST-008708,2022-11-26,South,Month-to-month,Electronic check,Fiber optic,4,93.53,374.12,1,1,Frequent service outages
CUST-008709,2022-04-02,Midwest,Month-to-month,Electronic check,DSL,12,41.01,492.12,1,1,Moving / relocation
CUST-008710,2022-10-04,South,One year,Bank transfer,Fiber optic,33,34.57,1140.81,3,0,
CUST-008711,2022-09-30,West,One year,Credit card,DSL,9,70.97,638.73,1,0,
CUST-008712,2022-01-05,West,Two year,Electronic check,Fiber optic,15,31.19,467.85,1,0,
CUST-008713,2024-12-07,South,Two year,Bank transfer,DSL,38,73.75,2802.5,1,0,
CUST-008714,2024-10-04,Midwest,Two year,Bank transfer,No internet,48,84.73,4067.04,0,0,
CUST-008715,2024-03-25,Midwest,Month-to-month,Mailed check,Fiber optic,4,104.12,416.48,2,1,Price too high
CUST-008716,2024-02-26,South,One year,Bank transfer,DSL,23,57.44,1321.12,0,0,
CUST-008717,2023-02-05,South,Two year,Mailed check,DSL,28,73.82,2066.96,2,0,
CUST-008718,2023-02-18,Northeast,One year,Bank transfer,DSL,30,86.36,2590.8,0,0,
CUST-008719,2022-05-17,South,Two year,Credit card,Fiber optic,38,48.12,1828.56,1,0,
CUST-008720,2023-04-29,Northeast,Two year,Credit card,Fiber optic,4,93.96,375.84,0,0,
CUST-008721,2023-08-30,West,Two year,Bank transfer,DSL,36,76.54,2755.44,1,0,
CUST-008722,2023-03-19,Midwest,Month-to-month,Mailed check,Fiber optic,14,57.76,808.64,1,0,
CUST-008723,2025-07-30,Northeast,Month-to-month,Bank transfer,DSL,8,73.35,586.8,0,0,
CUST-008724,2023-07-15,South,One year,Credit card,Fiber optic,22,67.05,1475.1,0,0,
CUST-008725,2025-01-07,West,One year,Mailed check,Fiber optic,2,89.98,179.96,1,0,
CUST-008726,2023-03-24,South,Month-to-month,Mailed check,Fiber optic,31,62.47,1936.57,3,0,
CUST-008727,2025-07-08,Midwest,One year,Electronic check,Fiber optic,28,75.39,2110.92,1,0,
CUST-008728,2023-09-30,South,One year,Bank transfer,DSL,25,57.47,1436.75,1,0,
CUST-008729,2025-01-13,South,Month-to-month,Mailed check,Fiber optic,2,51.93,103.86,0,0,
CUST-008730,2025-05-20,West,Two year,Electronic check,DSL,37,74.06,2740.22,0,1,Price too high
CUST-008731,2025-05-18,South,Month-to-month,Bank transfer,DSL,2,52.62,105.24,5,1,Moving / relocation
CUST-008732,2024-02-15,Northeast,One year,Credit card,No internet,9,90.58,815.22,1,0,
CUST-008733,2025-04-25,South,One year,Electronic check,No internet,20,84.73,1694.6,1,0,
CUST-008734,2025-02-08,South,One year,Bank transfer,DSL,34,54.88,1865.92,3,0,
CUST-008735,2022-10-16,Northeast,One year,Credit card,No internet,20,75.07,1501.4,2,0,
CUST-008736,2024-04-16,West,Month-to-month,Credit card,DSL,40,54.8,2192.0,1,0,
CUST-008737,2024-02-01,Northeast,Month-to-month,Mailed check,Fiber optic,32,41.96,1342.72,1,0,
CUST-008738,2023-02-09,Northeast,Two year,Electronic check,No internet,11,57.91,637.01,4,0,
CUST-008739,2024-09-22,Northeast,Month-to-month,Mailed check,Fiber optic,2,68.99,137.98,0,0,
CUST-008740,2025-11-17,Midwest,One year,Mailed check,Fiber optic,32,82.84,2650.88,1,0,
CUST-008741,2023-10-04,West,Month-to-month,Bank transfer,Fiber optic,3,73.54,220.62,1,1,Price too high
CUST-008742,2022-09-26,South,One year,Bank transfer,DSL,21,93.73,1968.33,4,0,
CUST-008743,2024-12-17,Northeast,Month-to-month,Credit card,DSL,47,51.21,2406.87,2,0,
CUST-008744,2025-10-19,West,Month-to-month,Bank transfer,DSL,5,62.14,310.7,1,0,
CUST-008745,2022-03-06,South,Month-to-month,Credit card,Fiber optic,5,118.65,593.25,2,1,Moving / relocation
CUST-008746,2025-09-29,South,Two year,Bank transfer,Fiber optic,34,37.79,1284.86,1,0,
CUST-008747,2024-12-01,Northeast,One year,Bank transfer,Fiber optic,7,60.67,424.69,3,0,
CUST-008748,2022-09-27,West,Two year,Electronic check,Fiber optic,12,49.76,597.12,2,0,
CUST-008749,2023-06-24,South,Two year,Credit card,Fiber optic,26,65.86,1712.36,2,1,Competitor offered better deal
CUST-008750,2022-08-25,Northeast,Two year,Bank transfer,Fiber optic,28,61.01,1708.28,1,0,
CUST-008751,2024-04-01,South,Month-to-month,Mailed check,No internet,16,85.0,1360.0,5,1,Competitor offered better deal
CUST-008752,2023-03-04,Northeast,Month-to-month,Electronic check,DSL,11,76.08,836.88,1,0,
CUST-008753,2024-07-18,Northeast,Two year,Bank transfer,Fiber optic,27,46.16,1246.32,1,0,
CUST-008754,2024-06-06,Northeast,Two year,Electronic check,Fiber optic,48,58.08,2787.84,1,1,Poor customer service
CUST-008755,2025-03-01,South,One year,Credit card,No internet,2,70.1,140.2,1,1,Poor customer service
CUST-008756,2023-09-20,West,Two year,Electronic check,DSL,9,88.82,799.38,1,0,
CUST-008757,2024-06-04,South,One year,Bank transfer,DSL,8,150.0,1200.0,2,1,Price too high
CUST-008758,2025-05-28,South,One year,Mailed check,No internet,17,87.79,1492.43,1,0,
CUST-008759,2023-09-18,Northeast,One year,Bank transfer,Fiber optic,7,50.7,354.9,5,1,Competitor offered better deal
CUST-008760,2025-12-03,Northeast,Month-to-month,Credit card,Fiber optic,2,68.03,136.06,3,0,
CUST-008761,2023-11-10,South,Two year,Electronic check,Fiber optic,41,74.29,3045.89,2,0,
CUST-008762,2023-10-10,West,Two year,Electronic check,DSL,23,59.37,1365.51,3,0,
CUST-008763,2024-05-24,South,One year,Electronic check,No internet,18,81.49,1466.82,2,1,Frequent service outages
CUST-008764,2022-01-21,Midwest,Month-to-month,Electronic check,Fiber optic,21,33.89,711.69,3,1,Price too high
CUST-008765,2024-02-17,Northeast,One year,Bank transfer,No internet,22,83.68,1840.96,1,0,
CUST-008766,2025-11-28,Northeast,Two year,Electronic check,DSL,17,60.19,1023.23,3,0,
CUST-008767,2024-07-13,Northeast,Month-to-month,Mailed check,DSL,16,67.69,1083.04,0,0,
CUST-008768,2023-09-07,South,One year,Bank transfer,DSL,34,112.06,3810.04,2,0,
CUST-008769,2023-11-01,Northeast,Month-to-month,Credit card,DSL,2,46.82,93.64,3,0,
CUST-008770,2024-01-04,Northeast,Two year,Electronic check,DSL,23,76.5,1759.5,3,0,
CUST-008771,2022-06-09,South,Two year,Credit card,DSL,36,90.38,3253.68,2,0,
CUST-008772,2024-07-04,Northeast,One year,Credit card,DSL,25,74.03,1850.75,4,0,
CUST-008773,2022-06-27,Midwest,Month-to-month,Bank transfer,Fiber optic,37,41.82,1547.34,0,1,Frequent service outages
CUST-008774,2025-01-19,West,Month-to-month,Bank transfer,DSL,22,108.0,2376.0,0,0,
CUST-008775,2022-06-13,West,Two year,Bank transfer,DSL,17,65.52,1113.84,0,0,
CUST-008776,2023-12-04,West,Month-to-month,Electronic check,No internet,12,59.22,710.64,1,1,Price too high
CUST-008777,2025-10-09,Northeast,Month-to-month,Credit card,Fiber optic,12,63.47,761.64,1,0,
CUST-008778,2022-02-26,West,Month-to-month,Credit card,Fiber optic,12,62.04,744.48,2,0,
CUST-008779,2022-03-25,South,Month-to-month,Mailed check,Fiber optic,11,47.9,526.9,2,1,Poor customer service
CUST-008780,2024-06-28,Northeast,Month-to-month,Electronic check,DSL,1,73.91,73.91,4,1,Price too high
CUST-008781,2024-09-15,Midwest,One year,Electronic check,Fiber optic,17,57.91,984.47,1,0,
CUST-008782,2023-10-19,Northeast,One year,Bank transfer,Fiber optic,15,86.89,1303.35,1,1,Frequent service outages
CUST-008783,2022-10-01,Midwest,One year,Credit card,DSL,9,82.73,744.57,1,0,
CUST-008784,2024-03-02,Northeast,One year,Electronic check,DSL,41,117.94,4835.54,3,0,
CUST-008785,2024-11-19,Midwest,Two year,Bank transfer,DSL,13,65.51,851.63,3,0,
CUST-008786,2023-02-06,Northeast,Month-to-month,Credit card,Fiber optic,27,54.22,1463.94,1,1,Price too high
CUST-008787,2022-07-30,Midwest,Month-to-month,Mailed check,DSL,7,43.8,306.6,3,0,
CUST-008788,2022-01-07,Midwest,Month-to-month,Bank transfer,Fiber optic,11,141.44,1555.84,1,0,
CUST-008789,2025-11-09,West,Two year,Mailed check,Fiber optic,4,86.65,346.6,3,1,Poor customer service
CUST-008790,2022-07-11,Northeast,Two year,Electronic check,DSL,26,56.17,1460.42,2,1,Price too high
CUST-008791,2024-08-22,West,One year,Bank transfer,Fiber optic,10,120.52,1205.2,2,0,
CUST-008792,2024-04-29,West,One year,Electronic check,Fiber optic,32,108.2,3462.4,3,0,
CUST-008793,2024-02-22,South,Month-to-month,Bank transfer,Fiber optic,17,45.49,773.33,1,0,
CUST-008794,2024-08-01,South,Two year,Mailed check,DSL,13,55.09,716.17,4,0,
CUST-008795,2022-09-04,Midwest,One year,Credit card,DSL,32,67.2,2150.4,1,0,
CUST-008796,2022-07-01,West,Two year,Bank transfer,DSL,42,49.78,2090.76,1,1,Moving / relocation
CUST-008797,2024-03-03,West,One year,Credit card,Fiber optic,1,67.97,67.97,0,1,Frequent service outages
CUST-008798,2023-10-01,South,One year,Bank transfer,Fiber optic,12,88.04,1056.48,2,1,Frequent service outages
CUST-008799,2024-04-01,West,One year,Bank transfer,No internet,46,45.18,2078.28,2,0,
CUST-008800,2024-07-07,West,One year,Mailed check,Fiber optic,33,77.0,2541.0,0,0,
CUST-008801,2025-11-25,South,Month-to-month,Mailed check,DSL,9,101.89,917.01,1,0,
CUST-008802,2023-09-15,Midwest,Two year,Bank transfer,Fiber optic,32,79.68,2549.76,0,0,
CUST-008803,2024-12-12,Midwest,Two year,Bank transfer,Fiber optic,31,68.43,2121.33,1,0,
CUST-008804,2024-10-17,Midwest,One year,Bank transfer,DSL,32,56.61,1811.52,1,0,
CUST-008805,2023-01-15,West,Two year,Electronic check,Fiber optic,21,91.46,1920.66,2,0,
CUST-008806,2025-09-26,Midwest,Month-to-month,Electronic check,DSL,2,48.1,96.2,0,1,Moving / relocation
CUST-008807,2025-08-07,South,Month-to-month,Electronic check,Fiber optic,32,75.77,2424.64,6,1,Poor customer service
CUST-008808,2023-04-22,Midwest,Month-to-month,Electronic check,Fiber optic,20,70.68,1413.6,2,0,
CUST-008809,2023-06-10,Northeast,Two year,Credit card,DSL,38,100.5,3819.0,3,1,Competitor offered better deal
CUST-008810,2025-03-04,West,Month-to-month,Bank transfer,DSL,34,58.18,1978.12,0,0,
CUST-008811,2024-10-03,Midwest,Month-to-month,Bank transfer,DSL,15,59.78,896.7,0,0,
CUST-008812,2022-12-13,Midwest,Month-to-month,Electronic check,Fiber optic,30,47.12,1413.6,1,0,
CUST-008813,2022-09-06,South,One year,Credit card,No internet,37,80.63,2983.31,0,0,
CUST-008814,2024-04-24,Northeast,One year,Electronic check,Fiber optic,24,61.21,1469.04,0,1,Price too high
CUST-008815,2024-12-27,Northeast,One year,Electronic check,Fiber optic,35,53.2,1862.0,3,0,
CUST-008816,2025-07-01,Northeast,Two year,Credit card,Fiber optic,7,54.85,383.95,0,0,
CUST-008817,2023-07-22,West,Two year,Bank transfer,DSL,19,83.25,1581.75,1,0,
CUST-008818,2025-07-06,West,One year,Electronic check,Fiber optic,34,49.26,1674.84,0,0,
CUST-008819,2025-01-04,West,Two year,Electronic check,Fiber optic,43,50.68,2179.24,1,0,
CUST-008820,2023-09-02,South,Two year,Mailed check,Fiber optic,12,93.39,1120.68,3,1,Competitor offered better deal
CUST-008821,2025-01-29,South,Two year,Bank transfer,Fiber optic,32,66.48,2127.36,3,0,
CUST-008822,2025-04-21,Northeast,Month-to-month,Electronic check,Fiber optic,17,95.18,1618.06,2,0,
CUST-008823,2025-08-02,South,Two year,Bank transfer,Fiber optic,34,62.49,2124.66,0,1,Frequent service outages
CUST-008824,2023-11-21,South,Month-to-month,Mailed check,Fiber optic,4,70.08,280.32,2,1,Price too high
CUST-008825,2024-02-25,West,Month-to-month,Bank transfer,Fiber optic,3,73.7,221.1,1,0,
CUST-008826,2024-08-03,West,One year,Bank transfer,Fiber optic,12,109.28,1311.36,0,0,
CUST-008827,2023-02-18,West,Month-to-month,Credit card,Fiber optic,17,106.47,1809.99,1,0,
CUST-008828,2024-02-17,West,One year,Electronic check,Fiber optic,11,101.4,1115.4,2,1,Price too high
CUST-008829,2024-04-25,West,One year,Electronic check,DSL,24,57.33,1375.92,1,1,Poor customer service
CUST-008830,2024-03-29,Midwest,One year,Electronic check,DSL,19,51.12,971.28,1,1,Price too high
CUST-008831,2023-05-15,Northeast,Month-to-month,Electronic check,Fiber optic,38,89.43,3398.34,2,0,
CUST-008832,2022-04-09,Midwest,Two year,Mailed check,Fiber optic,27,108.91,2940.57,0,1,Moving / relocation
CUST-008833,2024-02-14,Northeast,Month-to-month,Electronic check,Fiber optic,39,101.71,3966.69,1,0,
CUST-008834,2025-05-24,West,Two year,Credit card,No internet,20,70.4,1408.0,2,0,
CUST-008835,2024-11-16,South,One year,Credit card,No internet,22,88.49,1946.78,1,0,
CUST-008836,2023-03-27,Northeast,Month-to-month,Bank transfer,DSL,2,88.99,177.98,3,1,Moving / relocation
CUST-008837,2024-06-01,South,One year,Mailed check,No internet,21,73.53,1544.13,3,0,
CUST-008838,2022-06-07,South,Two year,Bank transfer,Fiber optic,1,74.56,74.56,2,0,
CUST-008839,2024-07-23,Midwest,Two year,Bank transfer,DSL,21,72.34,1519.14,1,0,
CUST-008840,2023-06-12,Midwest,Month-to-month,Bank transfer,DSL,37,54.48,2015.76,1,0,
CUST-008841,2024-04-04,South,Month-to-month,Electronic check,Fiber optic,4,56.29,225.16,1,0,
CUST-008842,2022-04-29,Midwest,Month-to-month,Credit card,DSL,3,56.01,168.03,4,0,
CUST-008843,2023-09-16,Midwest,One year,Mailed check,Fiber optic,23,42.02,966.46,1,0,
CUST-008844,2022-02-09,South,Month-to-month,Electronic check,No internet,2,73.38,146.76,3,1,Price too high
CUST-008845,2025-01-09,West,Month-to-month,Mailed check,Fiber optic,17,69.2,1176.4,2,0,
CUST-008846,2023-07-01,Northeast,One year,Electronic check,Fiber optic,28,89.46,2504.88,1,0,
CUST-008847,2025-11-05,West,Two year,Credit card,Fiber optic,18,104.94,1888.92,0,0,
CUST-008848,2023-12-28,South,Month-to-month,Bank transfer,Fiber optic,10,107.1,1071.0,0,1,Price too high
CUST-008849,2022-05-15,West,One year,Credit card,Fiber optic,14,110.38,1545.32,4,0,
CUST-008850,2025-08-09,South,Month-to-month,Credit card,Fiber optic,30,55.02,1650.6,1,1,Competitor offered better deal
CUST-008851,2023-11-19,West,One year,Bank transfer,Fiber optic,19,44.33,842.27,2,0,
CUST-008852,2023-07-21,Northeast,One year,Credit card,DSL,28,94.43,2644.04,2,0,
CUST-008853,2024-09-21,Northeast,Two year,Credit card,DSL,27,109.1,2945.7,2,0,
CUST-008854,2025-03-26,Northeast,One year,Electronic check,Fiber optic,7,115.34,807.38,3,0,
CUST-008855,2024-11-11,Midwest,Month-to-month,Electronic check,Fiber optic,12,81.88,982.56,0,0,
CUST-008856,2024-06-29,South,Month-to-month,Mailed check,DSL,10,37.01,370.1,2,1,Frequent service outages
CUST-008857,2025-10-21,South,Month-to-month,Bank transfer,Fiber optic,11,78.81,866.91,0,0,
CUST-008858,2023-11-10,South,Month-to-month,Credit card,Fiber optic,18,83.74,1507.32,3,1,Competitor offered better deal
CUST-008859,2023-10-21,West,Two year,Mailed check,Fiber optic,18,104.65,1883.7,3,1,Frequent service outages
CUST-008860,2022-03-11,Northeast,Month-to-month,Credit card,Fiber optic,3,110.77,332.31,0,0,
CUST-008861,2024-01-05,Midwest,Two year,Bank transfer,Fiber optic,13,93.79,1219.27,2,1,Poor customer service
CUST-008862,2025-05-30,Midwest,Month-to-month,Mailed check,No internet,23,58.09,1336.07,2,1,Competitor offered better deal
CUST-008863,2023-02-19,South,Two year,Bank transfer,DSL,35,50.43,1765.05,0,0,
CUST-008864,2024-06-21,Northeast,Two year,Credit card,No internet,10,83.17,831.7,1,0,
CUST-008865,2025-04-01,Midwest,Two year,Mailed check,DSL,37,54.4,2012.8,3,0,
CUST-008866,2022-11-14,South,Month-to-month,Mailed check,Fiber optic,29,112.4,3259.6,2,0,
CUST-008867,2022-01-05,Northeast,Two year,Bank transfer,DSL,8,40.63,325.04,2,0,
CUST-008868,2023-02-09,West,Two year,Mailed check,No internet,22,84.05,1849.1,0,0,
CUST-008869,2022-02-26,West,One year,Electronic check,No internet,45,77.65,3494.25,3,0,
CUST-008870,2024-12-23,West,Two year,Credit card,DSL,38,65.62,2493.56,2,1,Frequent service outages
CUST-008871,2023-04-20,South,One year,Electronic check,Fiber optic,1,52.14,52.14,1,0,
CUST-008872,2025-04-09,South,One year,Electronic check,DSL,27,36.24,978.48,0,0,
CUST-008873,2025-01-21,Northeast,One year,Credit card,Fiber optic,44,59.14,2602.16,1,0,
CUST-008874,2024-11-27,West,Month-to-month,Bank transfer,Fiber optic,14,59.48,832.72,0,0,
CUST-008875,2023-01-02,Northeast,One year,Mailed check,Fiber optic,26,100.06,2601.56,1,0,
CUST-008876,2022-10-31,South,Two year,Mailed check,Fiber optic,18,54.57,982.26,0,0,
CUST-008877,2023-04-01,Northeast,Two year,Electronic check,Fiber optic,14,81.04,1134.56,2,0,
CUST-008878,2022-04-18,West,Month-to-month,Electronic check,No internet,22,46.36,1019.92,1,1,Price too high
CUST-008879,2023-05-03,South,One year,Credit card,DSL,25,81.75,2043.75,1,0,
CUST-008880,2023-10-01,Northeast,One year,Electronic check,DSL,9,34.26,308.34,1,1,Price too high
CUST-008881,2024-03-03,Northeast,One year,Electronic check,DSL,9,137.07,1233.63,5,0,
CUST-008882,2024-02-28,Midwest,Month-to-month,Credit card,Fiber optic,3,67.01,201.03,0,0,
CUST-008883,2025-04-08,West,One year,Credit card,DSL,9,28.67,258.03,0,0,
CUST-008884,2024-02-29,Northeast,Month-to-month,Bank transfer,DSL,23,55.72,1281.56,2,1,Competitor offered better deal
CUST-008885,2025-02-11,South,Month-to-month,Electronic check,Fiber optic,12,52.97,635.64,0,1,Price too high
CUST-008886,2024-03-16,Midwest,Two year,Electronic check,Fiber optic,34,56.83,1932.22,0,0,
CUST-008887,2022-11-23,South,Month-to-month,Credit card,DSL,20,62.38,1247.6,1,1,Price too high
CUST-008888,2024-11-02,West,Month-to-month,Bank transfer,DSL,15,56.71,850.65,4,1,Price too high
CUST-008889,2025-12-02,West,Two year,Credit card,Fiber optic,24,53.99,1295.76,0,0,
CUST-008890,2024-04-09,South,Two year,Mailed check,DSL,8,48.39,387.12,3,0,
CUST-008891,2024-05-02,South,One year,Credit card,DSL,20,91.19,1823.8,1,1,Price too high
CUST-008892,2022-12-13,Midwest,Month-to-month,Credit card,No internet,14,102.96,1441.44,1,1,Price too high
CUST-008893,2025-01-13,South,One year,Mailed check,DSL,7,64.62,452.34,0,0,
CUST-008894,2022-02-27,West,Two year,Mailed check,Fiber optic,27,69.71,1882.17,0,0,
CUST-008895,2024-11-17,Midwest,One year,Electronic check,DSL,33,48.89,1613.37,3,1,Frequent service outages
CUST-008896,2023-12-03,South,Month-to-month,Bank transfer,No internet,26,71.72,1864.72,1,0,
CUST-008897,2025-09-21,West,Month-to-month,Electronic check,Fiber optic,13,75.46,980.98,1,1,Moving / relocation
CUST-008898,2022-10-04,West,One year,Electronic check,DSL,12,65.35,784.2,2,0,
CUST-008899,2023-12-09,South,Two year,Bank transfer,DSL,19,79.58,1512.02,0,0,
CUST-008900,2023-08-21,Midwest,Month-to-month,Bank transfer,Fiber optic,2,77.38,154.76,0,0,
CUST-008901,2025-04-27,South,Month-to-month,Mailed check,DSL,10,50.03,500.3,1,0,
CUST-008902,2022-12-01,Northeast,One year,Credit card,Fiber optic,46,102.7,4724.2,2,1,Price too high
CUST-008903,2023-08-21,West,One year,Electronic check,Fiber optic,16,65.6,1049.6,1,0,
CUST-008904,2023-12-07,Northeast,One year,Bank transfer,DSL,13,119.84,1557.92,1,0,
CUST-008905,2024-04-04,Midwest,Month-to-month,Bank transfer,DSL,30,80.2,2406.0,0,1,Competitor offered better deal
CUST-008906,2022-12-08,South,Two year,Bank transfer,No internet,39,131.72,5137.08,1,0,
CUST-008907,2023-08-23,South,Two year,Bank transfer,Fiber optic,23,102.11,2348.53,0,0,
CUST-008908,2023-03-16,Northeast,Two year,Bank transfer,DSL,33,75.39,2487.87,1,0,
CUST-008909,2022-08-12,South,Month-to-month,Credit card,Fiber optic,5,55.62,278.1,2,0,
CUST-008910,2022-10-05,South,Two year,Credit card,DSL,26,56.01,1456.26,2,0,
CUST-008911,2022-10-23,South,Month-to-month,Credit card,No internet,4,83.14,332.56,1,1,Competitor offered better deal
CUST-008912,2024-05-19,South,One year,Credit card,DSL,7,73.39,513.73,0,0,
CUST-008913,2024-12-17,Northeast,Month-to-month,Bank transfer,DSL,29,58.06,1683.74,0,1,Frequent service outages
CUST-008914,2024-09-26,West,Month-to-month,Bank transfer,Fiber optic,10,91.52,915.2,1,0,
CUST-008915,2022-01-11,West,Month-to-month,Mailed check,No internet,2,70.98,141.96,1,0,
CUST-008916,2024-02-27,South,Two year,Bank transfer,Fiber optic,9,91.7,825.3,1,0,
CUST-008917,2022-11-22,South,One year,Electronic check,Fiber optic,23,51.31,1180.13,2,0,
CUST-008918,2025-12-28,South,Two year,Mailed check,Fiber optic,4,96.53,386.12,2,0,
CUST-008919,2022-08-02,West,One year,Credit card,DSL,19,82.3,1563.7,3,0,
CUST-008920,2023-09-15,Northeast,Month-to-month,Bank transfer,DSL,47,102.84,4833.48,1,0,
CUST-008921,2024-03-27,South,One year,Electronic check,DSL,19,95.85,1821.15,0,0,
CUST-008922,2022-09-26,Midwest,Month-to-month,Bank transfer,DSL,31,68.23,2115.13,1,0,
CUST-008923,2022-03-19,Northeast,Two year,Mailed check,DSL,17,66.49,1130.33,0,0,
CUST-008924,2025-04-20,Midwest,Month-to-month,Credit card,No internet,2,124.04,248.08,2,1,Price too high
CUST-008925,2023-04-12,West,Month-to-month,Electronic check,DSL,6,63.88,383.28,0,0,
CUST-008926,2023-10-26,Northeast,One year,Bank transfer,Fiber optic,14,89.08,1247.12,1,0,
CUST-008927,2024-12-22,Northeast,Two year,Bank transfer,No internet,9,62.05,558.45,1,0,
CUST-008928,2023-07-10,South,One year,Bank transfer,No internet,8,38.64,309.12,0,0,
CUST-008929,2023-10-29,Midwest,Month-to-month,Electronic check,DSL,19,47.34,899.46,2,0,
CUST-008930,2024-02-26,Northeast,One year,Credit card,DSL,13,79.83,1037.79,1,0,
CUST-008931,2025-01-06,West,Month-to-month,Credit card,No internet,10,87.74,877.4,1,0,
CUST-008932,2022-07-17,South,One year,Mailed check,DSL,11,79.91,879.01,1,0,
CUST-008933,2025-12-31,Midwest,Two year,Electronic check,Fiber optic,43,101.16,4349.88,1,0,
CUST-008934,2025-08-26,South,Month-to-month,Bank transfer,No internet,10,79.46,794.6,0,0,
CUST-008935,2024-06-24,Northeast,One year,Mailed check,DSL,27,54.7,1476.9,0,0,
CUST-008936,2025-04-16,Midwest,Month-to-month,Mailed check,DSL,30,84.79,2543.7,0,1,Price too high
CUST-008937,2024-10-15,South,One year,Bank transfer,Fiber optic,45,74.02,3330.9,3,0,
CUST-008938,2025-09-18,Northeast,Two year,Bank transfer,Fiber optic,27,58.31,1574.37,1,0,
CUST-008939,2022-02-16,West,One year,Credit card,Fiber optic,29,81.55,2364.95,2,1,Moving / relocation
CUST-008940,2023-11-26,Midwest,Month-to-month,Credit card,Fiber optic,11,71.91,791.01,1,1,Frequent service outages
CUST-008941,2025-12-03,Midwest,One year,Bank transfer,Fiber optic,7,57.77,404.39,2,0,
CUST-008942,2023-04-30,South,Two year,Electronic check,DSL,33,66.23,2185.59,1,0,
CUST-008943,2025-05-11,West,Two year,Mailed check,Fiber optic,48,110.2,5289.6,3,1,Moving / relocation
CUST-008944,2022-07-24,Northeast,One year,Electronic check,Fiber optic,5,109.06,545.3,1,0,
CUST-008945,2022-01-08,South,Month-to-month,Bank transfer,Fiber optic,2,74.46,148.92,0,0,
CUST-008946,2024-08-29,South,Month-to-month,Bank transfer,DSL,1,71.4,71.4,1,1,Price too high
CUST-008947,2025-09-01,West,Month-to-month,Credit card,DSL,6,44.32,265.92,2,0,
CUST-008948,2022-12-10,Northeast,One year,Mailed check,Fiber optic,3,121.53,364.59,0,0,
CUST-008949,2025-04-24,West,One year,Electronic check,Fiber optic,44,97.67,4297.48,1,1,Competitor offered better deal
CUST-008950,2023-03-20,Northeast,Two year,Bank transfer,Fiber optic,18,89.18,1605.24,2,0,
CUST-008951,2025-11-25,West,One year,Mailed check,DSL,9,33.85,304.65,1,0,
CUST-008952,2022-01-22,Northeast,One year,Electronic check,DSL,47,71.03,3338.41,2,0,
CUST-008953,2024-12-12,South,Two year,Mailed check,DSL,27,67.31,1817.37,2,0,
CUST-008954,2025-11-06,Midwest,Month-to-month,Electronic check,No internet,27,87.23,2355.21,0,0,
CUST-008955,2024-02-18,Midwest,Two year,Electronic check,DSL,43,60.68,2609.24,1,0,
CUST-008956,2025-05-17,Midwest,Month-to-month,Bank transfer,Fiber optic,18,65.1,1171.8,2,1,Poor customer service
CUST-008957,2022-03-31,South,Two year,Credit card,Fiber optic,31,85.47,2649.57,2,0,
CUST-008958,2024-11-11,Midwest,One year,Credit card,Fiber optic,16,54.73,875.68,0,1,Moving / relocation
CUST-008959,2022-03-12,West,Month-to-month,Electronic check,Fiber optic,31,58.34,1808.54,1,0,
CUST-008960,2025-01-10,Northeast,Two year,Mailed check,Fiber optic,35,74.58,2610.3,2,0,
CUST-008961,2022-09-08,Northeast,One year,Credit card,Fiber optic,33,107.59,3550.47,2,0,
CUST-008962,2025-04-29,Northeast,One year,Credit card,Fiber optic,34,90.8,3087.2,1,1,Competitor offered better deal
CUST-008963,2024-02-15,West,Month-to-month,Credit card,Fiber optic,27,98.9,2670.3,0,0,
CUST-008964,2022-11-19,South,Two year,Bank transfer,DSL,18,71.54,1287.72,2,0,
CUST-008965,2025-04-08,South,Two year,Credit card,DSL,46,113.12,5203.52,2,0,
CUST-008966,2023-11-15,West,Month-to-month,Bank transfer,Fiber optic,48,40.16,1927.68,2,1,Price too high
CUST-008967,2025-09-12,South,One year,Electronic check,Fiber optic,6,133.9,803.4,0,0,
CUST-008968,2023-10-03,Midwest,Two year,Electronic check,DSL,18,139.57,2512.26,1,0,
CUST-008969,2023-10-03,Northeast,Month-to-month,Credit card,No internet,29,81.14,2353.06,1,0,
CUST-008970,2022-03-05,Midwest,Two year,Credit card,Fiber optic,36,91.5,3294.0,2,0,
CUST-008971,2022-11-15,South,Month-to-month,Bank transfer,DSL,45,69.26,3116.7,0,0,
CUST-008972,2024-06-15,Northeast,Two year,Bank transfer,No internet,13,65.56,852.28,0,0,
CUST-008973,2023-01-24,West,One year,Mailed check,DSL,24,57.66,1383.84,4,1,Poor customer service
CUST-008974,2022-07-09,South,Two year,Bank transfer,DSL,31,69.01,2139.31,1,0,
CUST-008975,2022-11-29,West,Month-to-month,Mailed check,Fiber optic,4,83.76,335.04,0,0,
CUST-008976,2024-04-14,South,Month-to-month,Mailed check,Fiber optic,9,80.19,721.71,1,0,
CUST-008977,2023-06-24,South,Two year,Mailed check,DSL,7,132.38,926.66,3,0,
CUST-008978,2024-12-29,South,One year,Bank transfer,No internet,21,72.39,1520.19,2,0,
CUST-008979,2025-09-11,South,Two year,Credit card,DSL,37,43.54,1610.98,1,0,
CUST-008980,2022-05-28,Midwest,Two year,Credit card,Fiber optic,39,118.65,4627.35,2,0,
CUST-008981,2022-04-19,South,Two year,Electronic check,Fiber optic,29,47.43,1375.47,2,0,
CUST-008982,2022-09-11,West,Month-to-month,Electronic check,Fiber optic,20,58.62,1172.4,1,1,Competitor offered better deal
CUST-008983,2022-01-29,West,Month-to-month,Electronic check,No internet,21,76.47,1605.87,0,0,
CUST-008984,2025-06-26,South,Month-to-month,Electronic check,Fiber optic,46,80.12,3685.52,0,0,
CUST-008985,2024-12-26,West,Month-to-month,Bank transfer,Fiber optic,8,44.14,353.12,0,1,Competitor offered better deal
CUST-008986,2024-11-26,Midwest,Two year,Bank transfer,DSL,43,55.21,2374.03,2,0,
CUST-008987,2025-09-01,Midwest,Month-to-month,Electronic check,Fiber optic,21,43.65,916.65,2,0,
CUST-008988,2025-02-18,South,One year,Credit card,Fiber optic,8,85.54,684.32,0,0,
CUST-008989,2025-04-23,Midwest,Month-to-month,Credit card,Fiber optic,1,102.38,102.38,1,1,Frequent service outages
CUST-008990,2022-08-15,South,One year,Electronic check,DSL,4,47.42,189.68,0,0,
CUST-008991,2025-06-22,West,Month-to-month,Bank transfer,Fiber optic,2,96.41,192.82,2,0,
CUST-008992,2024-09-28,Northeast,Month-to-month,Mailed check,Fiber optic,8,94.43,755.44,0,0,
CUST-008993,2022-07-30,South,Two year,Bank transfer,DSL,38,56.78,2157.64,1,0,
CUST-008994,2022-07-20,Northeast,Month-to-month,Bank transfer,DSL,4,37.17,148.68,2,0,
CUST-008995,2024-12-27,Northeast,One year,Electronic check,DSL,2,49.76,99.52,2,0,
CUST-008996,2023-09-01,Northeast,Month-to-month,Bank transfer,DSL,6,57.95,347.7,1,0,
CUST-008997,2023-04-04,Midwest,One year,Credit card,DSL,16,114.82,1837.12,0,0,
CUST-008998,2022-03-02,West,Month-to-month,Bank transfer,DSL,47,67.5,3172.5,3,1,Moving / relocation
CUST-008999,2023-08-24,South,Month-to-month,Bank transfer,Fiber optic,7,50.8,355.6,3,0,
CUST-009000,2023-04-24,Northeast,One year,Credit card,Fiber optic,11,73.5,808.5,0,0,
CUST-009001,2023-03-12,West,One year,Credit card,DSL,22,46.32,1019.04,2,0,
CUST-009002,2025-11-14,South,One year,Credit card,Fiber optic,2,82.65,165.3,0,0,
CUST-009003,2022-10-15,South,One year,Electronic check,Fiber optic,35,51.27,1794.45,1,1,Poor customer service
CUST-009004,2024-10-13,South,Two year,Electronic check,Fiber optic,31,53.71,1665.01,3,0,
CUST-009005,2024-08-08,West,Month-to-month,Credit card,No internet,28,79.06,2213.68,1,0,
CUST-009006,2022-02-24,South,Two year,Credit card,DSL,31,122.74,3804.94,1,0,
CUST-009007,2022-01-06,South,Two year,Bank transfer,Fiber optic,11,141.64,1558.04,3,0,
CUST-009008,2025-01-26,Northeast,Month-to-month,Credit card,Fiber optic,10,50.26,502.6,2,0,
CUST-009009,2024-01-21,Northeast,Month-to-month,Bank transfer,Fiber optic,1,57.92,57.92,0,0,
CUST-009010,2023-07-23,Midwest,One year,Electronic check,Fiber optic,10,82.68,826.8,1,1,Competitor offered better deal
CUST-009011,2023-11-12,South,Two year,Credit card,Fiber optic,34,101.9,3464.6,0,1,Frequent service outages
CUST-009012,2023-03-02,West,Two year,Credit card,Fiber optic,29,35.08,1017.32,2,0,
CUST-009013,2025-09-20,Northeast,One year,Bank transfer,DSL,22,72.09,1585.98,2,0,
CUST-009014,2022-10-08,West,Two year,Bank transfer,No internet,28,59.99,1679.72,3,1,Frequent service outages
CUST-009015,2022-10-15,Midwest,One year,Mailed check,Fiber optic,34,37.88,1287.92,0,1,Poor customer service
CUST-009016,2023-09-08,West,Two year,Bank transfer,Fiber optic,9,45.7,411.3,1,0,
CUST-009017,2022-08-14,Midwest,Two year,Mailed check,DSL,23,58.46,1344.58,2,0,
CUST-009018,2023-01-13,Midwest,Two year,Bank transfer,Fiber optic,35,71.44,2500.4,3,0,
CUST-009019,2024-08-20,South,One year,Bank transfer,Fiber optic,5,96.79,483.95,0,1,Competitor offered better deal
CUST-009020,2025-09-05,West,Two year,Electronic check,Fiber optic,4,78.52,314.08,1,1,Poor customer service
CUST-009021,2022-03-11,Midwest,Month-to-month,Electronic check,DSL,8,94.94,759.52,3,0,
CUST-009022,2024-10-21,West,Two year,Electronic check,Fiber optic,29,70.71,2050.59,2,0,
CUST-009023,2022-10-24,West,Month-to-month,Bank transfer,Fiber optic,12,55.95,671.4,2,0,
CUST-009024,2025-08-26,Midwest,Month-to-month,Mailed check,DSL,21,66.1,1388.1,0,0,
CUST-009025,2024-12-30,Northeast,Month-to-month,Bank transfer,Fiber optic,7,87.58,613.06,3,0,
CUST-009026,2022-02-21,South,Month-to-month,Bank transfer,No internet,13,97.56,1268.28,1,0,
CUST-009027,2024-10-03,Midwest,Month-to-month,Electronic check,Fiber optic,1,66.87,66.87,0,0,
CUST-009028,2022-03-04,Northeast,One year,Credit card,Fiber optic,9,52.07,468.63,1,0,
CUST-009029,2023-07-24,South,Month-to-month,Bank transfer,Fiber optic,23,78.05,1795.15,3,1,Poor customer service
CUST-009030,2024-07-06,Midwest,Month-to-month,Bank transfer,No internet,9,81.69,735.21,1,0,
CUST-009031,2025-06-09,Midwest,Month-to-month,Electronic check,Fiber optic,17,104.01,1768.17,2,1,Competitor offered better deal
CUST-009032,2024-06-18,West,One year,Bank transfer,Fiber optic,22,56.42,1241.24,2,0,
CUST-009033,2025-05-02,Northeast,One year,Bank transfer,Fiber optic,40,56.62,2264.8,2,0,
CUST-009034,2024-11-15,South,Two year,Credit card,No internet,32,89.3,2857.6,1,0,
CUST-009035,2022-06-16,South,One year,Electronic check,No internet,20,61.54,1230.8,4,0,
CUST-009036,2024-04-07,South,One year,Bank transfer,DSL,18,60.71,1092.78,1,0,
CUST-009037,2022-07-02,South,Month-to-month,Credit card,Fiber optic,16,104.72,1675.52,0,0,
CUST-009038,2022-02-21,West,One year,Credit card,Fiber optic,15,45.21,678.15,1,1,Competitor offered better deal
CUST-009039,2025-07-26,Midwest,One year,Credit card,Fiber optic,45,135.37,6091.65,0,0,
CUST-009040,2024-10-02,South,Month-to-month,Electronic check,Fiber optic,7,57.63,403.41,0,0,
CUST-009041,2022-02-10,Midwest,Two year,Bank transfer,No internet,41,92.51,3792.91,3,0,
CUST-009042,2025-04-26,Midwest,Month-to-month,Electronic check,DSL,7,67.71,473.97,1,1,Competitor offered better deal
CUST-009043,2025-05-10,Midwest,Two year,Bank transfer,Fiber optic,40,76.47,3058.8,1,0,
CUST-009044,2024-10-22,Midwest,Month-to-month,Bank transfer,DSL,30,64.45,1933.5,2,1,Price too high
CUST-009045,2023-10-05,South,Two year,Bank transfer,Fiber optic,42,92.21,3872.82,1,0,
CUST-009046,2025-04-14,West,Month-to-month,Credit card,DSL,2,62.73,125.46,1,1,Moving / relocation
CUST-009047,2025-12-21,Midwest,Two year,Credit card,Fiber optic,40,58.36,2334.4,0,0,
CUST-009048,2023-10-10,South,Two year,Electronic check,Fiber optic,25,125.24,3131.0,2,0,
CUST-009049,2023-02-12,South,Month-to-month,Credit card,Fiber optic,30,70.77,2123.1,1,0,
CUST-009050,2022-06-02,Midwest,Month-to-month,Credit card,Fiber optic,5,56.47,282.35,0,0,
CUST-009051,2023-01-02,South,Month-to-month,Bank transfer,No internet,3,43.52,130.56,1,1,Competitor offered better deal
CUST-009052,2025-08-04,West,Month-to-month,Electronic check,No internet,28,127.36,3566.08,0,1,Price too high
CUST-009053,2024-08-16,Midwest,Month-to-month,Electronic check,Fiber optic,4,58.76,235.04,1,0,
CUST-009054,2025-01-21,South,Two year,Mailed check,DSL,25,135.61,3390.25,1,0,
CUST-009055,2022-07-12,South,Month-to-month,Electronic check,Fiber optic,2,79.65,159.3,2,1,Frequent service outages
CUST-009056,2024-02-24,South,Month-to-month,Electronic check,Fiber optic,4,73.39,293.56,1,0,
CUST-009057,2023-03-11,South,One year,Electronic check,Fiber optic,26,74.02,1924.52,2,1,Poor customer service
CUST-009058,2022-07-26,Midwest,Month-to-month,Bank transfer,Fiber optic,17,142.47,2421.99,0,0,
CUST-009059,2024-10-06,Midwest,One year,Bank transfer,Fiber optic,6,34.76,208.56,1,1,Poor customer service
CUST-009060,2022-09-06,Northeast,Month-to-month,Electronic check,DSL,13,75.08,976.04,1,1,Frequent service outages
CUST-009061,2025-08-07,Northeast,Month-to-month,Credit card,DSL,19,64.4,1223.6,0,0,
CUST-009062,2022-10-10,Northeast,One year,Electronic check,Fiber optic,26,65.48,1702.48,1,1,Competitor offered better deal
CUST-009063,2024-06-27,Northeast,Two year,Mailed check,Fiber optic,1,73.54,73.54,0,0,
CUST-009064,2022-08-13,Northeast,Month-to-month,Bank transfer,DSL,23,64.38,1480.74,2,0,
CUST-009065,2023-01-01,Northeast,One year,Bank transfer,No internet,24,74.46,1787.04,2,1,Price too high
CUST-009066,2025-04-13,Midwest,One year,Mailed check,Fiber optic,47,69.58,3270.26,3,0,
CUST-009067,2025-06-29,Northeast,Two year,Bank transfer,Fiber optic,15,46.05,690.75,1,0,
CUST-009068,2023-10-14,South,Month-to-month,Mailed check,No internet,24,79.2,1900.8,1,1,Competitor offered better deal
CUST-009069,2022-11-03,Midwest,One year,Electronic check,DSL,4,88.16,352.64,1,1,Price too high
CUST-009070,2023-03-02,West,Two year,Bank transfer,DSL,37,58.94,2180.78,2,0,
CUST-009071,2024-04-20,Northeast,Month-to-month,Electronic check,Fiber optic,9,127.45,1147.05,1,0,
CUST-009072,2023-05-06,South,Month-to-month,Credit card,No internet,7,107.49,752.43,0,1,Competitor offered better deal
CUST-009073,2025-04-01,Northeast,Two year,Bank transfer,No internet,2,91.84,183.68,1,0,
CUST-009074,2023-01-27,West,One year,Electronic check,Fiber optic,42,91.49,3842.58,0,0,
CUST-009075,2023-05-05,South,Two year,Credit card,Fiber optic,15,70.78,1061.7,1,0,
CUST-009076,2024-02-14,West,Two year,Bank transfer,DSL,12,101.01,1212.12,2,0,
CUST-009077,2023-03-09,Northeast,Month-to-month,Mailed check,Fiber optic,12,115.89,1390.68,1,1,Competitor offered better deal
CUST-009078,2023-10-15,South,Month-to-month,Credit card,Fiber optic,11,90.79,998.69,1,1,Price too high
CUST-009079,2023-01-23,Northeast,Month-to-month,Bank transfer,Fiber optic,8,58.41,467.28,2,0,
CUST-009080,2025-08-06,Midwest,Month-to-month,Electronic check,Fiber optic,5,69.22,346.1,0,0,
CUST-009081,2023-11-25,West,One year,Credit card,No internet,8,84.23,673.84,0,0,
CUST-009082,2022-09-11,Midwest,Month-to-month,Credit card,Fiber optic,4,91.66,366.64,1,1,Moving / relocation
CUST-009083,2022-09-05,South,One year,Electronic check,Fiber optic,14,68.39,957.46,2,0,
CUST-009084,2025-06-05,South,One year,Electronic check,DSL,3,58.48,175.44,1,1,Price too high
CUST-009085,2023-09-05,Midwest,Month-to-month,Bank transfer,DSL,14,116.39,1629.46,3,0,
CUST-009086,2023-04-03,Northeast,Month-to-month,Bank transfer,Fiber optic,22,49.74,1094.28,0,0,
CUST-009087,2023-05-17,West,Month-to-month,Electronic check,Fiber optic,24,51.87,1244.88,1,0,
CUST-009088,2025-11-28,South,Month-to-month,Credit card,Fiber optic,26,45.85,1192.1,1,0,
CUST-009089,2023-06-24,West,Month-to-month,Electronic check,No internet,2,51.83,103.66,1,0,
CUST-009090,2024-10-05,South,Two year,Credit card,Fiber optic,26,104.5,2717.0,0,0,
CUST-009091,2023-01-28,Northeast,Month-to-month,Credit card,Fiber optic,2,105.62,211.24,0,1,Price too high
CUST-009092,2025-09-16,South,Month-to-month,Electronic check,No internet,14,68.46,958.44,1,1,Price too high
CUST-009093,2024-10-10,Midwest,One year,Bank transfer,Fiber optic,15,82.17,1232.55,1,0,
CUST-009094,2025-08-10,West,Two year,Electronic check,No internet,33,69.87,2305.71,1,0,
CUST-009095,2023-01-07,Midwest,One year,Bank transfer,DSL,15,47.87,718.05,2,0,
CUST-009096,2023-12-14,South,Month-to-month,Bank transfer,Fiber optic,19,142.56,2708.64,2,1,Competitor offered better deal
CUST-009097,2023-04-22,West,Month-to-month,Credit card,No internet,10,108.84,1088.4,1,1,Poor customer service
CUST-009098,2023-09-19,Northeast,Month-to-month,Bank transfer,Fiber optic,26,78.52,2041.52,0,0,
CUST-009099,2023-01-08,South,One year,Mailed check,No internet,25,53.31,1332.75,0,0,
CUST-009100,2022-09-12,South,Month-to-month,Electronic check,Fiber optic,8,65.24,521.92,2,0,
CUST-009101,2023-07-12,South,One year,Electronic check,Fiber optic,16,56.17,898.72,4,1,Poor customer service
CUST-009102,2023-05-22,Northeast,One year,Bank transfer,Fiber optic,6,72.33,433.98,1,0,
CUST-009103,2024-02-23,West,Month-to-month,Credit card,Fiber optic,12,77.41,928.92,0,0,
CUST-009104,2023-03-19,Northeast,Month-to-month,Credit card,Fiber optic,6,62.86,377.16,2,1,Frequent service outages
CUST-009105,2022-08-14,West,Two year,Mailed check,Fiber optic,8,44.02,352.16,1,0,
CUST-009106,2023-05-25,South,Month-to-month,Credit card,Fiber optic,1,138.69,138.69,2,1,Moving / relocation
CUST-009107,2024-10-26,Northeast,Month-to-month,Electronic check,Fiber optic,2,75.64,151.28,1,1,Poor customer service
CUST-009108,2022-09-18,South,One year,Credit card,Fiber optic,5,81.13,405.65,1,0,
CUST-009109,2023-07-06,South,Two year,Electronic check,DSL,25,61.24,1531.0,1,1,Frequent service outages
CUST-009110,2022-11-05,Midwest,One year,Electronic check,DSL,8,42.53,340.24,1,0,
CUST-009111,2024-08-23,West,Month-to-month,Credit card,DSL,4,68.26,273.04,1,0,
CUST-009112,2025-03-28,West,Two year,Bank transfer,DSL,1,63.22,63.22,0,0,
CUST-009113,2025-08-06,South,Two year,Credit card,Fiber optic,34,87.97,2990.98,1,0,
CUST-009114,2025-03-05,Northeast,Month-to-month,Bank transfer,Fiber optic,18,93.69,1686.42,2,1,Frequent service outages
CUST-009115,2022-03-16,Midwest,One year,Electronic check,DSL,14,89.55,1253.7,2,0,
CUST-009116,2025-06-12,West,Month-to-month,Electronic check,Fiber optic,31,96.18,2981.58,1,1,Competitor offered better deal
CUST-009117,2025-08-20,Midwest,One year,Mailed check,DSL,9,124.86,1123.74,5,1,Frequent service outages
CUST-009118,2022-09-20,Northeast,Month-to-month,Bank transfer,Fiber optic,2,79.42,158.84,3,1,Frequent service outages
CUST-009119,2023-09-24,Northeast,One year,Mailed check,Fiber optic,24,99.66,2391.84,2,1,Moving / relocation
CUST-009120,2025-10-23,West,One year,Electronic check,Fiber optic,33,82.11,2709.63,6,0,
CUST-009121,2024-08-01,Midwest,One year,Electronic check,DSL,30,38.17,1145.1,1,0,
CUST-009122,2023-01-01,South,Two year,Bank transfer,No internet,33,66.72,2201.76,1,0,
CUST-009123,2024-01-03,South,Month-to-month,Electronic check,DSL,11,53.11,584.21,7,0,
CUST-009124,2022-10-11,West,Month-to-month,Mailed check,DSL,7,75.49,528.43,4,1,Moving / relocation
CUST-009125,2023-11-16,South,Month-to-month,Electronic check,DSL,1,54.43,54.43,0,1,Competitor offered better deal
CUST-009126,2022-07-13,West,Month-to-month,Credit card,No internet,3,85.1,255.3,2,0,
CUST-009127,2025-01-05,Midwest,Two year,Bank transfer,DSL,22,95.96,2111.12,1,0,
CUST-009128,2022-07-19,West,One year,Electronic check,Fiber optic,31,103.04,3194.24,2,0,
CUST-009129,2022-01-15,Midwest,One year,Credit card,Fiber optic,8,117.7,941.6,0,1,Poor customer service
CUST-009130,2023-02-02,Midwest,Two year,Bank transfer,No internet,12,41.0,492.0,2,1,Moving / relocation
CUST-009131,2023-06-24,West,Two year,Bank transfer,DSL,41,47.77,1958.57,1,0,
CUST-009132,2025-12-03,South,One year,Electronic check,Fiber optic,27,150.0,4050.0,3,1,Poor customer service
CUST-009133,2024-08-01,Midwest,Month-to-month,Mailed check,DSL,22,96.84,2130.48,2,1,Price too high
CUST-009134,2024-11-18,South,Two year,Credit card,Fiber optic,12,75.33,903.96,2,0,
CUST-009135,2024-11-19,West,Month-to-month,Electronic check,DSL,16,70.83,1133.28,1,1,Price too high
CUST-009136,2024-02-19,South,Month-to-month,Bank transfer,DSL,3,68.84,206.52,0,0,
CUST-009137,2022-02-25,West,One year,Electronic check,No internet,16,37.76,604.16,2,0,
CUST-009138,2023-05-23,South,Month-to-month,Mailed check,DSL,4,54.75,219.0,2,0,
CUST-009139,2024-12-14,West,Month-to-month,Bank transfer,Fiber optic,1,67.64,67.64,3,0,
CUST-009140,2024-05-12,West,Two year,Electronic check,No internet,31,55.75,1728.25,2,0,
CUST-009141,2023-05-03,South,Two year,Electronic check,Fiber optic,32,58.13,1860.16,4,0,
CUST-009142,2023-11-18,South,Month-to-month,Bank transfer,DSL,6,150.0,900.0,3,1,Moving / relocation
CUST-009143,2022-04-11,Northeast,One year,Mailed check,Fiber optic,2,64.68,129.36,3,1,Moving / relocation
CUST-009144,2025-07-30,West,Two year,Credit card,Fiber optic,32,76.63,2452.16,0,0,
CUST-009145,2023-01-23,West,Two year,Bank transfer,DSL,20,75.76,1515.2,2,0,
CUST-009146,2023-01-30,South,Two year,Credit card,DSL,12,84.66,1015.92,0,1,Poor customer service
CUST-009147,2023-01-14,Midwest,Two year,Credit card,No internet,13,60.18,782.34,2,0,
CUST-009148,2022-10-04,South,One year,Electronic check,DSL,27,104.48,2820.96,1,0,
CUST-009149,2023-09-04,Midwest,Month-to-month,Credit card,Fiber optic,32,80.8,2585.6,2,1,Poor customer service
CUST-009150,2023-02-07,Northeast,Month-to-month,Credit card,No internet,3,46.44,139.32,3,0,
CUST-009151,2024-04-29,West,Month-to-month,Bank transfer,No internet,5,67.73,338.65,2,1,Price too high
CUST-009152,2024-12-29,Northeast,Two year,Bank transfer,No internet,14,66.35,928.9,1,0,
CUST-009153,2022-07-09,South,Two year,Mailed check,No internet,23,65.38,1503.74,0,0,
CUST-009154,2024-03-21,Midwest,Two year,Electronic check,DSL,7,82.51,577.57,3,0,
CUST-009155,2022-06-07,Northeast,Two year,Electronic check,DSL,8,85.89,687.12,2,0,
CUST-009156,2024-11-22,Midwest,Month-to-month,Electronic check,DSL,6,82.71,496.26,3,1,Moving / relocation
CUST-009157,2023-11-29,West,One year,Bank transfer,Fiber optic,22,78.14,1719.08,4,0,
CUST-009158,2023-12-21,Northeast,Month-to-month,Bank transfer,DSL,6,72.05,432.3,1,0,
CUST-009159,2023-04-28,Midwest,Month-to-month,Electronic check,Fiber optic,30,35.22,1056.6,1,1,Price too high
CUST-009160,2023-08-18,South,One year,Electronic check,Fiber optic,4,89.92,359.68,1,1,Price too high
CUST-009161,2023-06-27,West,One year,Electronic check,Fiber optic,12,81.96,983.52,4,1,Frequent service outages
CUST-009162,2023-01-07,South,Month-to-month,Credit card,Fiber optic,35,51.16,1790.6,1,1,Price too high
CUST-009163,2025-05-27,South,One year,Credit card,DSL,11,76.69,843.59,1,1,Price too high
CUST-009164,2025-03-23,Midwest,Month-to-month,Electronic check,Fiber optic,4,86.26,345.04,0,0,
CUST-009165,2023-03-02,South,Two year,Credit card,DSL,47,101.98,4793.06,3,0,
CUST-009166,2023-06-02,Midwest,Two year,Credit card,DSL,11,82.54,907.94,1,0,
CUST-009167,2024-11-09,Northeast,One year,Credit card,DSL,25,77.7,1942.5,0,0,
CUST-009168,2022-03-02,South,Two year,Credit card,Fiber optic,40,94.91,3796.4,0,0,
CUST-009169,2022-11-30,West,Month-to-month,Bank transfer,DSL,48,63.56,3050.88,4,1,Competitor offered better deal
CUST-009170,2023-03-12,West,One year,Electronic check,Fiber optic,39,79.99,3119.61,1,0,
CUST-009171,2022-06-28,Midwest,One year,Credit card,No internet,17,57.47,976.99,2,0,
CUST-009172,2022-08-17,West,Two year,Credit card,Fiber optic,41,100.01,4100.41,1,0,
CUST-009173,2024-03-17,Northeast,Two year,Electronic check,No internet,1,41.88,41.88,1,1,Competitor offered better deal
CUST-009174,2024-03-26,Northeast,Month-to-month,Bank transfer,Fiber optic,16,91.05,1456.8,0,0,
CUST-009175,2024-12-22,South,One year,Bank transfer,Fiber optic,10,70.5,705.0,1,0,
CUST-009176,2024-01-01,South,Two year,Bank transfer,No internet,26,95.48,2482.48,1,0,
CUST-009177,2023-04-29,Midwest,Two year,Bank transfer,DSL,6,54.61,327.66,1,1,Poor customer service
CUST-009178,2023-12-02,South,One year,Electronic check,Fiber optic,38,72.15,2741.7,2,0,
CUST-009179,2025-10-21,Northeast,Month-to-month,Bank transfer,DSL,14,71.48,1000.72,2,0,
CUST-009180,2023-01-03,West,One year,Electronic check,Fiber optic,7,80.55,563.85,5,1,Price too high
CUST-009181,2025-07-03,South,Two year,Electronic check,Fiber optic,37,50.14,1855.18,4,1,Price too high
CUST-009182,2022-05-30,West,Month-to-month,Bank transfer,Fiber optic,17,85.93,1460.81,0,0,
CUST-009183,2024-11-10,South,One year,Mailed check,Fiber optic,22,38.83,854.26,0,0,
CUST-009184,2022-06-26,West,Two year,Mailed check,Fiber optic,5,56.62,283.1,2,0,
CUST-009185,2025-07-13,West,Month-to-month,Electronic check,Fiber optic,6,42.52,255.12,2,1,Frequent service outages
CUST-009186,2023-06-04,South,Two year,Bank transfer,No internet,44,91.38,4020.72,0,0,
CUST-009187,2023-03-02,Midwest,Two year,Electronic check,Fiber optic,3,79.68,239.04,0,0,
CUST-009188,2024-07-05,Midwest,Month-to-month,Electronic check,Fiber optic,15,81.12,1216.8,1,1,Moving / relocation
CUST-009189,2023-12-11,Midwest,One year,Credit card,Fiber optic,30,112.33,3369.9,1,0,
CUST-009190,2022-01-26,Midwest,Month-to-month,Bank transfer,No internet,16,63.36,1013.76,0,0,
CUST-009191,2024-12-07,West,One year,Bank transfer,Fiber optic,10,85.21,852.1,0,0,
CUST-009192,2022-01-11,South,Month-to-month,Bank transfer,Fiber optic,24,71.6,1718.4,2,1,Price too high
CUST-009193,2025-03-24,South,Month-to-month,Mailed check,No internet,12,68.2,818.4,2,0,
CUST-009194,2022-07-11,Northeast,Month-to-month,Electronic check,Fiber optic,9,106.5,958.5,3,1,Frequent service outages
CUST-009195,2025-08-09,West,One year,Mailed check,Fiber optic,16,136.48,2183.68,1,1,Moving / relocation
CUST-009196,2024-01-11,Northeast,Two year,Credit card,DSL,14,61.06,854.84,1,0,
CUST-009197,2022-05-08,South,One year,Bank transfer,Fiber optic,33,91.54,3020.82,3,0,
CUST-009198,2023-05-02,West,One year,Credit card,Fiber optic,24,77.64,1863.36,1,0,
CUST-009199,2022-12-30,Northeast,Two year,Credit card,DSL,1,77.94,77.94,0,0,
CUST-009200,2023-10-10,West,Two year,Electronic check,No internet,26,75.88,1972.88,1,0,
CUST-009201,2025-10-09,South,One year,Credit card,No internet,9,63.02,567.18,2,0,
CUST-009202,2023-03-24,South,Month-to-month,Bank transfer,DSL,26,25.0,650.0,2,1,Frequent service outages
CUST-009203,2024-01-24,Midwest,One year,Bank transfer,Fiber optic,25,114.56,2864.0,5,1,Moving / relocation
CUST-009204,2024-09-30,South,Month-to-month,Bank transfer,DSL,10,56.13,561.3,2,1,Moving / relocation
CUST-009205,2025-03-27,West,One year,Bank transfer,No internet,12,64.89,778.68,0,0,
CUST-009206,2023-03-20,Northeast,Two year,Electronic check,DSL,34,65.33,2221.22,1,0,
CUST-009207,2022-08-09,Northeast,One year,Electronic check,Fiber optic,27,54.55,1472.85,2,0,
CUST-009208,2022-10-28,Northeast,Month-to-month,Mailed check,No internet,19,75.71,1438.49,0,0,
CUST-009209,2024-08-21,West,Two year,Electronic check,No internet,27,69.12,1866.24,1,0,
CUST-009210,2025-01-20,South,Two year,Electronic check,Fiber optic,9,55.74,501.66,1,0,
CUST-009211,2024-07-28,South,Two year,Electronic check,DSL,28,73.54,2059.12,0,0,
CUST-009212,2025-11-11,Northeast,Month-to-month,Credit card,No internet,24,69.37,1664.88,0,1,Price too high
CUST-009213,2024-02-05,Midwest,One year,Electronic check,Fiber optic,22,94.34,2075.48,1,0,
CUST-009214,2024-03-31,South,One year,Credit card,No internet,25,45.65,1141.25,2,1,Price too high
CUST-009215,2022-03-18,Northeast,One year,Bank transfer,Fiber optic,8,54.18,433.44,4,0,
CUST-009216,2022-03-26,South,One year,Electronic check,Fiber optic,16,88.42,1414.72,2,0,
CUST-009217,2025-11-26,Northeast,Two year,Electronic check,No internet,29,57.13,1656.77,0,0,
CUST-009218,2025-03-17,South,Month-to-month,Electronic check,No internet,8,52.51,420.08,1,0,
CUST-009219,2025-02-19,Midwest,Two year,Mailed check,Fiber optic,8,58.04,464.32,2,0,
CUST-009220,2023-09-19,West,Month-to-month,Electronic check,No internet,18,67.88,1221.84,1,1,Poor customer service
CUST-009221,2022-05-22,West,Month-to-month,Credit card,DSL,12,67.96,815.52,2,0,
CUST-009222,2024-10-09,Northeast,Two year,Mailed check,No internet,46,65.55,3015.3,0,0,
CUST-009223,2022-04-28,South,One year,Bank transfer,Fiber optic,12,50.44,605.28,1,0,
CUST-009224,2024-05-02,Midwest,One year,Bank transfer,No internet,22,89.78,1975.16,1,1,Frequent service outages
CUST-009225,2023-06-23,South,Month-to-month,Bank transfer,DSL,6,107.17,643.02,2,1,Price too high
CUST-009226,2024-01-02,South,Month-to-month,Credit card,DSL,31,38.04,1179.24,2,1,Competitor offered better deal
CUST-009227,2022-08-09,West,Month-to-month,Mailed check,Fiber optic,21,42.64,895.44,1,0,
CUST-009228,2023-06-22,South,One year,Mailed check,Fiber optic,12,96.63,1159.56,2,0,
CUST-009229,2023-07-12,Northeast,Month-to-month,Credit card,Fiber optic,14,115.85,1621.9,0,0,
CUST-009230,2022-10-31,South,Two year,Credit card,Fiber optic,3,35.47,106.41,1,1,Poor customer service
CUST-009231,2024-07-20,West,One year,Credit card,No internet,8,91.01,728.08,1,0,
CUST-009232,2023-07-17,Northeast,Two year,Credit card,DSL,21,118.41,2486.61,2,1,Competitor offered better deal
CUST-009233,2023-07-09,Northeast,Two year,Mailed check,DSL,7,53.2,372.4,4,0,
CUST-009234,2022-08-24,Midwest,Month-to-month,Bank transfer,Fiber optic,1,116.22,116.22,2,0,
CUST-009235,2022-12-13,West,One year,Mailed check,DSL,34,66.22,2251.48,1,1,Competitor offered better deal
CUST-009236,2024-09-08,West,Two year,Bank transfer,Fiber optic,4,77.53,310.12,2,0,
CUST-009237,2024-12-30,Northeast,Month-to-month,Credit card,DSL,7,55.69,389.83,4,0,
CUST-009238,2022-05-09,Midwest,Month-to-month,Mailed check,Fiber optic,29,96.58,2800.82,1,1,Moving / relocation
CUST-009239,2023-01-09,West,One year,Bank transfer,Fiber optic,45,91.56,4120.2,2,1,Moving / relocation
CUST-009240,2024-11-11,South,Month-to-month,Credit card,Fiber optic,35,121.74,4260.9,1,0,
CUST-009241,2022-11-13,Midwest,Month-to-month,Electronic check,Fiber optic,2,111.16,222.32,2,1,Moving / relocation
CUST-009242,2025-03-12,South,Two year,Bank transfer,DSL,9,69.9,629.1,1,1,Poor customer service
CUST-009243,2025-08-15,Northeast,Two year,Credit card,DSL,36,150.0,5400.0,1,0,
CUST-009244,2024-06-16,South,One year,Electronic check,Fiber optic,36,108.01,3888.36,0,0,
CUST-009245,2023-09-27,Northeast,Month-to-month,Electronic check,DSL,19,83.34,1583.46,2,1,Poor customer service
CUST-009246,2025-04-18,South,One year,Electronic check,No internet,46,50.95,2343.7,0,1,Frequent service outages
CUST-009247,2024-10-16,South,Month-to-month,Electronic check,DSL,43,42.97,1847.71,2,1,Competitor offered better deal
CUST-009248,2023-05-18,South,One year,Bank transfer,DSL,36,44.15,1589.4,1,0,
CUST-009249,2025-11-26,South,Two year,Bank transfer,Fiber optic,36,52.0,1872.0,2,0,
CUST-009250,2024-01-01,West,One year,Mailed check,DSL,8,108.93,871.44,1,0,
CUST-009251,2023-09-18,South,One year,Bank transfer,Fiber optic,8,81.93,655.44,1,0,
CUST-009252,2024-01-05,Northeast,One year,Electronic check,Fiber optic,34,57.61,1958.74,1,0,
CUST-009253,2025-08-27,Northeast,Month-to-month,Credit card,Fiber optic,20,67.12,1342.4,2,0,
CUST-009254,2024-07-19,Midwest,One year,Mailed check,Fiber optic,11,64.56,710.16,0,1,Poor customer service
CUST-009255,2025-09-14,South,Month-to-month,Bank transfer,Fiber optic,1,90.56,90.56,0,0,
CUST-009256,2023-11-18,Northeast,Month-to-month,Electronic check,Fiber optic,18,52.92,952.56,2,1,Price too high
CUST-009257,2023-08-06,Midwest,One year,Credit card,DSL,13,78.41,1019.33,0,1,Competitor offered better deal
CUST-009258,2022-03-29,West,Month-to-month,Bank transfer,Fiber optic,15,77.17,1157.55,3,1,Moving / relocation
CUST-009259,2025-03-03,West,Month-to-month,Credit card,Fiber optic,13,53.43,694.59,1,0,
CUST-009260,2024-01-23,Midwest,One year,Mailed check,Fiber optic,20,116.53,2330.6,0,1,Frequent service outages
CUST-009261,2023-09-24,South,One year,Credit card,Fiber optic,27,63.78,1722.06,1,0,
CUST-009262,2022-02-10,South,One year,Mailed check,Fiber optic,20,51.03,1020.6,2,0,
CUST-009263,2024-04-11,South,Month-to-month,Electronic check,DSL,11,92.1,1013.1,3,0,
CUST-009264,2023-09-30,West,Two year,Bank transfer,Fiber optic,33,71.34,2354.22,2,0,
CUST-009265,2023-12-21,West,One year,Electronic check,Fiber optic,34,79.89,2716.26,3,0,
CUST-009266,2022-02-17,South,Month-to-month,Credit card,DSL,12,47.99,575.88,1,0,
CUST-009267,2024-02-04,Northeast,Month-to-month,Mailed check,Fiber optic,35,90.92,3182.2,4,1,Poor customer service
CUST-009268,2023-12-05,Northeast,Two year,Credit card,No internet,16,140.5,2248.0,3,0,
CUST-009269,2025-04-05,South,One year,Bank transfer,Fiber optic,16,46.8,748.8,0,0,
CUST-009270,2023-06-27,Northeast,Two year,Bank transfer,Fiber optic,31,78.52,2434.12,2,0,
CUST-009271,2022-07-15,West,Two year,Bank transfer,Fiber optic,16,54.53,872.48,0,0,
CUST-009272,2024-01-15,South,Month-to-month,Bank transfer,No internet,2,150.0,300.0,0,0,
CUST-009273,2024-07-15,Northeast,One year,Bank transfer,Fiber optic,48,104.24,5003.52,2,0,
CUST-009274,2024-02-14,Midwest,Two year,Bank transfer,DSL,25,76.73,1918.25,2,0,
CUST-009275,2022-07-07,Midwest,One year,Bank transfer,Fiber optic,5,47.33,236.65,1,0,
CUST-009276,2025-03-05,South,One year,Credit card,No internet,39,51.13,1994.07,1,0,
CUST-009277,2024-03-03,South,Two year,Mailed check,DSL,13,89.02,1157.26,0,0,
CUST-009278,2025-10-08,South,One year,Electronic check,Fiber optic,13,45.33,589.29,2,1,Competitor offered better deal
CUST-009279,2022-09-09,Midwest,Two year,Bank transfer,DSL,39,45.79,1785.81,0,0,
CUST-009280,2022-12-28,South,Month-to-month,Bank transfer,DSL,15,70.3,1054.5,0,0,
CUST-009281,2022-02-09,Midwest,One year,Credit card,Fiber optic,40,73.16,2926.4,1,0,
CUST-009282,2025-08-25,Midwest,Month-to-month,Credit card,Fiber optic,15,79.17,1187.55,1,1,Price too high
CUST-009283,2024-04-06,Northeast,Two year,Credit card,Fiber optic,9,60.91,548.19,2,0,
CUST-009284,2023-07-04,West,Month-to-month,Bank transfer,Fiber optic,1,94.11,94.11,1,0,
CUST-009285,2022-05-27,South,Month-to-month,Credit card,DSL,2,53.21,106.42,1,0,
CUST-009286,2022-08-28,Northeast,Month-to-month,Mailed check,No internet,35,85.67,2998.45,0,0,
CUST-009287,2022-04-08,South,One year,Electronic check,DSL,32,75.08,2402.56,4,0,
CUST-009288,2024-05-29,Midwest,Month-to-month,Credit card,Fiber optic,3,84.96,254.88,1,0,
CUST-009289,2023-09-24,Midwest,Two year,Credit card,DSL,26,102.33,2660.58,3,0,
CUST-009290,2023-07-27,South,Month-to-month,Electronic check,Fiber optic,20,60.6,1212.0,2,1,Competitor offered better deal
CUST-009291,2025-01-05,South,Two year,Credit card,DSL,37,56.74,2099.38,1,0,
CUST-009292,2023-04-14,South,One year,Credit card,DSL,24,40.84,980.16,4,0,
CUST-009293,2023-06-27,South,Two year,Mailed check,DSL,25,36.74,918.5,0,0,
CUST-009294,2024-06-30,South,One year,Electronic check,No internet,21,66.27,1391.67,1,1,Competitor offered better deal
CUST-009295,2024-05-13,West,Month-to-month,Credit card,Fiber optic,2,67.73,135.46,1,1,Price too high
CUST-009296,2024-10-13,South,One year,Electronic check,DSL,16,49.52,792.32,0,0,
CUST-009297,2024-08-25,South,Month-to-month,Electronic check,No internet,12,53.05,636.6,0,0,
CUST-009298,2023-10-16,South,One year,Bank transfer,Fiber optic,10,114.15,1141.5,2,0,
CUST-009299,2023-06-20,Northeast,One year,Credit card,DSL,3,92.78,278.34,1,0,
CUST-009300,2023-02-10,West,Month-to-month,Credit card,Fiber optic,22,46.82,1030.04,2,0,
CUST-009301,2022-03-05,Northeast,Month-to-month,Bank transfer,DSL,3,60.85,182.55,1,0,
CUST-009302,2025-02-22,Midwest,Two year,Credit card,Fiber optic,41,79.83,3273.03,3,0,
CUST-009303,2024-05-21,West,Two year,Bank transfer,Fiber optic,40,57.37,2294.8,1,0,
CUST-009304,2024-08-03,South,One year,Bank transfer,DSL,39,54.12,2110.68,0,0,
CUST-009305,2025-02-16,South,Two year,Electronic check,Fiber optic,15,62.91,943.65,1,1,Moving / relocation
CUST-009306,2024-07-09,South,Month-to-month,Mailed check,Fiber optic,8,99.39,795.12,0,1,Price too high
CUST-009307,2022-03-24,Midwest,One year,Bank transfer,DSL,25,102.31,2557.75,1,0,
CUST-009308,2025-09-04,Midwest,Two year,Electronic check,DSL,9,55.4,498.6,2,0,
CUST-009309,2022-03-19,West,Month-to-month,Mailed check,Fiber optic,1,81.24,81.24,1,0,
CUST-009310,2025-12-27,South,One year,Electronic check,DSL,31,69.96,2168.76,0,0,
CUST-009311,2022-11-08,South,Two year,Electronic check,No internet,22,50.77,1116.94,1,0,
CUST-009312,2022-03-09,Northeast,One year,Bank transfer,Fiber optic,40,63.75,2550.0,1,0,
CUST-009313,2025-09-12,West,Month-to-month,Electronic check,No internet,4,46.78,187.12,0,0,
CUST-009314,2023-01-07,Midwest,Two year,Electronic check,No internet,21,101.72,2136.12,3,1,Poor customer service
CUST-009315,2024-08-24,South,One year,Credit card,Fiber optic,8,115.21,921.68,3,0,
CUST-009316,2025-03-30,Midwest,Two year,Credit card,No internet,3,61.47,184.41,3,0,
CUST-009317,2023-07-13,South,Two year,Bank transfer,DSL,34,56.96,1936.64,1,0,
CUST-009318,2022-05-27,South,One year,Electronic check,DSL,42,98.25,4126.5,2,1,Competitor offered better deal
CUST-009319,2023-01-29,West,One year,Bank transfer,Fiber optic,26,103.46,2689.96,5,0,
CUST-009320,2022-02-11,West,One year,Bank transfer,DSL,12,49.08,588.96,0,0,
CUST-009321,2023-08-29,Northeast,Month-to-month,Electronic check,Fiber optic,21,66.86,1404.06,2,0,
CUST-009322,2023-04-27,West,One year,Electronic check,DSL,18,68.8,1238.4,0,1,Moving / relocation
CUST-009323,2024-05-26,South,Two year,Mailed check,Fiber optic,18,54.78,986.04,1,0,
CUST-009324,2025-02-24,South,Two year,Mailed check,DSL,37,79.32,2934.84,2,0,
CUST-009325,2025-05-20,South,Two year,Electronic check,No internet,29,56.04,1625.16,2,1,Poor customer service
CUST-009326,2023-08-23,South,Two year,Electronic check,DSL,13,58.98,766.74,1,1,Frequent service outages
CUST-009327,2023-05-11,South,Month-to-month,Bank transfer,Fiber optic,12,67.87,814.44,1,0,
CUST-009328,2022-11-09,Midwest,Month-to-month,Bank transfer,Fiber optic,6,43.53,261.18,5,1,Price too high
CUST-009329,2024-08-18,South,One year,Bank transfer,Fiber optic,26,36.3,943.8,2,0,
CUST-009330,2022-09-06,South,Month-to-month,Credit card,No internet,4,94.05,376.2,0,1,Price too high
CUST-009331,2025-08-12,Northeast,Two year,Electronic check,DSL,8,55.32,442.56,3,0,
CUST-009332,2024-03-15,South,Two year,Credit card,DSL,30,138.82,4164.6,1,0,
CUST-009333,2025-05-27,South,Two year,Mailed check,DSL,13,131.76,1712.88,3,0,
CUST-009334,2023-05-29,Midwest,One year,Credit card,DSL,47,59.62,2802.14,1,1,Poor customer service
CUST-009335,2025-09-19,South,One year,Bank transfer,Fiber optic,46,148.19,6816.74,1,0,
CUST-009336,2024-07-08,West,One year,Bank transfer,Fiber optic,25,94.63,2365.75,1,0,
CUST-009337,2023-11-13,South,One year,Bank transfer,Fiber optic,19,57.03,1083.57,0,0,
CUST-009338,2025-03-04,Midwest,One year,Bank transfer,DSL,45,30.69,1381.05,1,0,
CUST-009339,2024-09-09,Northeast,Two year,Bank transfer,No internet,39,87.38,3407.82,2,0,
CUST-009340,2022-01-06,Northeast,One year,Electronic check,Fiber optic,20,70.81,1416.2,1,0,
CUST-009341,2022-05-20,Midwest,Two year,Mailed check,DSL,27,80.48,2172.96,0,0,
CUST-009342,2023-04-19,Midwest,Two year,Credit card,DSL,12,65.16,781.92,1,0,
CUST-009343,2023-12-28,Northeast,Month-to-month,Bank transfer,DSL,11,48.62,534.82,3,0,
CUST-009344,2024-03-09,South,One year,Electronic check,DSL,23,61.15,1406.45,1,0,
CUST-009345,2025-07-07,West,Two year,Credit card,Fiber optic,25,87.89,2197.25,2,0,
CUST-009346,2024-09-14,South,Two year,Credit card,DSL,3,62.59,187.77,1,0,
CUST-009347,2023-05-30,South,Month-to-month,Bank transfer,DSL,27,62.47,1686.69,2,1,Frequent service outages
CUST-009348,2023-03-21,South,One year,Bank transfer,Fiber optic,21,43.11,905.31,3,1,Poor customer service
CUST-009349,2022-10-09,West,Month-to-month,Electronic check,DSL,3,72.18,216.54,2,1,Competitor offered better deal
CUST-009350,2023-11-24,Midwest,Month-to-month,Bank transfer,Fiber optic,20,49.12,982.4,2,0,
CUST-009351,2025-10-28,West,Month-to-month,Credit card,No internet,27,94.06,2539.62,0,0,
CUST-009352,2022-06-04,West,Month-to-month,Electronic check,No internet,6,55.43,332.58,0,1,Frequent service outages
CUST-009353,2022-02-22,South,Month-to-month,Mailed check,DSL,3,63.78,191.34,0,0,
CUST-009354,2022-05-23,West,One year,Credit card,Fiber optic,9,140.12,1261.08,0,0,
CUST-009355,2024-01-22,West,Month-to-month,Mailed check,No internet,12,63.55,762.6,1,0,
CUST-009356,2025-06-11,West,Month-to-month,Credit card,Fiber optic,10,60.89,608.9,3,0,
CUST-009357,2024-07-21,South,One year,Mailed check,Fiber optic,23,84.55,1944.65,2,1,Competitor offered better deal
CUST-009358,2024-02-27,West,Month-to-month,Electronic check,Fiber optic,6,39.6,237.6,4,1,Price too high
CUST-009359,2024-09-17,South,Month-to-month,Credit card,Fiber optic,6,104.61,627.66,1,0,
CUST-009360,2023-11-08,Northeast,Month-to-month,Electronic check,No internet,20,96.36,1927.2,0,0,
CUST-009361,2025-11-18,Northeast,One year,Bank transfer,Fiber optic,27,82.92,2238.84,0,0,
CUST-009362,2023-10-01,Midwest,One year,Electronic check,DSL,28,25.0,700.0,1,0,
CUST-009363,2025-03-23,South,Two year,Bank transfer,DSL,13,64.52,838.76,1,1,Moving / relocation
CUST-009364,2025-10-24,West,Month-to-month,Electronic check,DSL,2,46.65,93.3,1,0,
CUST-009365,2023-10-24,Northeast,Month-to-month,Credit card,Fiber optic,25,100.46,2511.5,4,0,
CUST-009366,2023-09-10,Midwest,Month-to-month,Credit card,Fiber optic,46,98.18,4516.28,0,0,
CUST-009367,2024-08-03,South,Two year,Electronic check,No internet,25,79.37,1984.25,0,0,
CUST-009368,2023-01-16,Midwest,Month-to-month,Mailed check,Fiber optic,14,47.7,667.8,0,0,
CUST-009369,2025-02-01,South,One year,Bank transfer,Fiber optic,29,113.09,3279.61,0,1,Poor customer service
CUST-009370,2022-05-20,Midwest,Month-to-month,Credit card,DSL,7,64.46,451.22,1,0,
CUST-009371,2024-10-09,Midwest,One year,Mailed check,DSL,24,124.93,2998.32,2,0,
CUST-009372,2025-03-20,Northeast,Month-to-month,Credit card,DSL,1,76.32,76.32,0,1,Price too high
CUST-009373,2023-04-14,South,Month-to-month,Credit card,Fiber optic,2,82.45,164.9,1,1,Frequent service outages
CUST-009374,2025-10-12,Northeast,Month-to-month,Bank transfer,Fiber optic,21,60.5,1270.5,1,1,Price too high
CUST-009375,2025-11-06,Northeast,One year,Mailed check,Fiber optic,21,109.97,2309.37,3,1,Competitor offered better deal
CUST-009376,2025-09-19,Midwest,Month-to-month,Bank transfer,DSL,33,85.17,2810.61,1,0,
CUST-009377,2022-03-21,West,One year,Bank transfer,No internet,24,111.24,2669.76,1,0,
CUST-009378,2022-09-05,South,One year,Bank transfer,DSL,5,74.2,371.0,1,0,
CUST-009379,2024-04-08,Midwest,Month-to-month,Electronic check,DSL,1,69.06,69.06,1,1,Poor customer service
CUST-009380,2024-07-30,South,Month-to-month,Bank transfer,DSL,8,84.81,678.48,1,0,
CUST-009381,2024-07-08,West,Month-to-month,Credit card,DSL,1,111.23,111.23,2,0,
CUST-009382,2024-02-17,West,One year,Bank transfer,DSL,22,97.06,2135.32,3,0,
CUST-009383,2022-08-04,West,Month-to-month,Bank transfer,DSL,3,73.28,219.84,0,1,Price too high
CUST-009384,2023-08-20,South,Month-to-month,Mailed check,DSL,9,38.69,348.21,2,1,Poor customer service
CUST-009385,2023-12-16,South,Month-to-month,Electronic check,Fiber optic,21,90.86,1908.06,3,1,Competitor offered better deal
CUST-009386,2025-04-04,South,One year,Electronic check,DSL,36,44.24,1592.64,2,0,
CUST-009387,2025-06-02,Northeast,One year,Mailed check,Fiber optic,33,70.9,2339.7,0,1,Poor customer service
CUST-009388,2025-08-06,South,Month-to-month,Bank transfer,DSL,3,67.56,202.68,0,1,Moving / relocation
CUST-009389,2025-09-17,Midwest,One year,Credit card,DSL,31,44.54,1380.74,1,0,
CUST-009390,2022-07-18,South,One year,Electronic check,DSL,27,78.98,2132.46,2,0,
CUST-009391,2025-08-22,South,Month-to-month,Mailed check,Fiber optic,17,139.68,2374.56,1,1,Moving / relocation
CUST-009392,2022-01-08,Midwest,One year,Credit card,DSL,19,63.43,1205.17,2,0,
CUST-009393,2022-04-04,West,Two year,Electronic check,Fiber optic,31,89.58,2776.98,1,0,
CUST-009394,2022-10-13,West,Two year,Credit card,DSL,23,148.98,3426.54,2,0,
CUST-009395,2022-07-04,South,One year,Bank transfer,Fiber optic,12,92.39,1108.68,3,0,
CUST-009396,2025-03-28,West,One year,Credit card,DSL,21,57.03,1197.63,1,0,
CUST-009397,2023-04-14,West,Month-to-month,Bank transfer,No internet,4,75.63,302.52,2,0,
CUST-009398,2025-08-31,Midwest,One year,Credit card,Fiber optic,8,81.77,654.16,2,0,
CUST-009399,2024-07-27,South,One year,Bank transfer,DSL,16,110.92,1774.72,5,0,
CUST-009400,2024-09-21,West,Two year,Electronic check,DSL,11,103.39,1137.29,2,0,
CUST-009401,2022-08-24,Northeast,Two year,Credit card,DSL,17,28.89,491.13,3,0,
CUST-009402,2022-01-26,South,Month-to-month,Electronic check,No internet,4,53.3,213.2,0,1,Price too high
CUST-009403,2022-06-25,Midwest,Two year,Bank transfer,Fiber optic,30,68.55,2056.5,3,0,
CUST-009404,2024-04-25,Midwest,Month-to-month,Mailed check,Fiber optic,6,50.66,303.96,2,1,Moving / relocation
CUST-009405,2025-08-05,Northeast,One year,Credit card,DSL,11,25.0,275.0,0,0,
CUST-009406,2023-09-06,Midwest,One year,Credit card,DSL,25,55.58,1389.5,1,0,
CUST-009407,2024-03-01,West,Month-to-month,Credit card,DSL,1,70.02,70.02,1,1,Competitor offered better deal
CUST-009408,2025-02-15,Northeast,Two year,Electronic check,DSL,14,59.26,829.64,0,0,
CUST-009409,2022-09-30,Midwest,Month-to-month,Credit card,DSL,19,50.96,968.24,5,1,Poor customer service
CUST-009410,2025-01-04,West,One year,Credit card,Fiber optic,10,71.04,710.4,0,0,
CUST-009411,2024-09-08,Northeast,Month-to-month,Mailed check,Fiber optic,16,78.24,1251.84,0,0,
CUST-009412,2022-10-18,West,Month-to-month,Electronic check,No internet,7,60.34,422.38,1,1,Frequent service outages
CUST-009413,2023-07-20,West,One year,Mailed check,Fiber optic,21,108.74,2283.54,1,0,
CUST-009414,2023-04-08,West,One year,Electronic check,DSL,7,71.41,499.87,0,1,Frequent service outages
CUST-009415,2025-11-29,West,Two year,Bank transfer,DSL,29,53.04,1538.16,2,0,
CUST-009416,2022-11-12,West,Two year,Electronic check,Fiber optic,31,48.92,1516.52,0,0,
CUST-009417,2025-10-08,Midwest,Two year,Mailed check,DSL,32,65.49,2095.68,2,1,Moving / relocation
CUST-009418,2024-02-11,West,Two year,Bank transfer,Fiber optic,13,100.11,1301.43,3,0,
CUST-009419,2022-03-23,South,Month-to-month,Bank transfer,No internet,6,53.86,323.16,2,1,Price too high
CUST-009420,2022-04-30,Northeast,Two year,Credit card,DSL,25,84.83,2120.75,2,0,
CUST-009421,2022-06-30,West,Two year,Electronic check,Fiber optic,28,72.26,2023.28,2,0,
CUST-009422,2024-05-17,Northeast,Two year,Bank transfer,DSL,40,132.67,5306.8,1,0,
CUST-009423,2025-07-31,Northeast,Two year,Credit card,DSL,25,79.43,1985.75,0,0,
CUST-009424,2023-12-01,Northeast,One year,Mailed check,Fiber optic,18,56.07,1009.26,1,0,
CUST-009425,2023-07-12,Midwest,Month-to-month,Bank transfer,Fiber optic,4,88.73,354.92,0,1,Price too high
CUST-009426,2024-03-30,Midwest,Two year,Credit card,DSL,42,89.69,3766.98,0,0,
CUST-009427,2022-11-12,Midwest,One year,Bank transfer,DSL,21,61.74,1296.54,0,1,Frequent service outages
CUST-009428,2025-05-09,West,One year,Credit card,Fiber optic,39,48.3,1883.7,2,1,Frequent service outages
CUST-009429,2023-04-26,West,Month-to-month,Credit card,DSL,32,83.22,2663.04,0,0,
CUST-009430,2023-12-14,Midwest,Month-to-month,Electronic check,DSL,1,71.54,71.54,2,0,
CUST-009431,2022-10-24,South,Month-to-month,Credit card,No internet,5,43.15,215.75,0,0,
CUST-009432,2025-02-23,West,Month-to-month,Bank transfer,DSL,14,76.05,1064.7,4,1,Frequent service outages
CUST-009433,2024-07-11,Northeast,Month-to-month,Credit card,Fiber optic,12,57.18,686.16,1,0,
CUST-009434,2025-09-28,Midwest,Month-to-month,Bank transfer,DSL,13,43.16,561.08,2,0,
CUST-009435,2025-04-13,Midwest,Month-to-month,Credit card,DSL,31,62.63,1941.53,4,1,Frequent service outages
CUST-009436,2022-05-13,Midwest,One year,Mailed check,Fiber optic,5,105.69,528.45,1,1,Competitor offered better deal
CUST-009437,2024-06-20,Northeast,Month-to-month,Bank transfer,Fiber optic,5,103.19,515.95,2,1,Poor customer service
CUST-009438,2022-04-23,West,Two year,Credit card,DSL,37,94.91,3511.67,2,0,
CUST-009439,2024-08-31,Northeast,Month-to-month,Credit card,No internet,5,76.41,382.05,2,0,
CUST-009440,2022-09-27,Midwest,Month-to-month,Electronic check,Fiber optic,1,84.83,84.83,1,0,
CUST-009441,2022-11-13,Northeast,Month-to-month,Electronic check,Fiber optic,3,72.35,217.05,1,0,
CUST-009442,2024-11-28,Midwest,Month-to-month,Credit card,DSL,33,49.22,1624.26,1,0,
CUST-009443,2022-12-11,Northeast,Month-to-month,Bank transfer,No internet,14,52.47,734.58,2,0,
CUST-009444,2024-07-18,Northeast,One year,Electronic check,DSL,40,57.73,2309.2,1,0,
CUST-009445,2022-10-14,South,Month-to-month,Bank transfer,Fiber optic,2,109.78,219.56,2,0,
CUST-009446,2024-05-30,South,One year,Credit card,No internet,20,98.94,1978.8,0,1,Competitor offered better deal
CUST-009447,2025-12-05,Midwest,Month-to-month,Credit card,DSL,3,49.62,148.86,3,1,Price too high
CUST-009448,2024-09-10,West,Month-to-month,Mailed check,DSL,18,71.31,1283.58,3,0,
CUST-009449,2022-11-05,West,Two year,Credit card,Fiber optic,15,61.63,924.45,0,0,
CUST-009450,2023-11-01,South,Month-to-month,Bank transfer,Fiber optic,6,66.71,400.26,3,0,
CUST-009451,2022-12-12,Midwest,One year,Mailed check,DSL,44,59.05,2598.2,2,0,
CUST-009452,2023-03-01,West,One year,Credit card,DSL,25,109.93,2748.25,2,0,
CUST-009453,2023-09-17,Midwest,Month-to-month,Electronic check,DSL,4,69.68,278.72,1,0,
CUST-009454,2022-09-28,South,One year,Mailed check,No internet,12,75.13,901.56,1,0,
CUST-009455,2023-01-17,South,Two year,Electronic check,DSL,14,75.32,1054.48,3,0,
CUST-009456,2025-10-04,South,Month-to-month,Electronic check,DSL,13,50.46,655.98,2,1,Price too high
CUST-009457,2024-11-09,South,Month-to-month,Mailed check,DSL,5,72.58,362.9,3,1,Frequent service outages
CUST-009458,2022-12-29,South,Two year,Credit card,Fiber optic,30,98.49,2954.7,2,0,
CUST-009459,2022-01-30,West,Two year,Mailed check,Fiber optic,36,112.31,4043.16,5,0,
CUST-009460,2023-05-14,South,Two year,Bank transfer,DSL,30,48.56,1456.8,0,0,
CUST-009461,2022-08-25,South,One year,Electronic check,Fiber optic,12,43.12,517.44,1,1,Price too high
CUST-009462,2024-11-19,Midwest,One year,Credit card,No internet,15,71.51,1072.65,2,1,Price too high
CUST-009463,2023-09-23,South,One year,Bank transfer,DSL,9,99.98,899.82,1,0,
CUST-009464,2025-01-01,Northeast,Month-to-month,Credit card,Fiber optic,19,78.65,1494.35,1,1,Price too high
CUST-009465,2025-04-23,Midwest,Month-to-month,Mailed check,Fiber optic,9,87.16,784.44,2,0,
CUST-009466,2024-02-11,South,One year,Bank transfer,DSL,25,45.36,1134.0,2,0,
CUST-009467,2025-01-28,South,Month-to-month,Electronic check,DSL,19,58.38,1109.22,0,0,
CUST-009468,2024-01-27,Northeast,One year,Electronic check,DSL,9,34.72,312.48,2,0,
CUST-009469,2024-08-02,Northeast,Month-to-month,Bank transfer,Fiber optic,1,66.98,66.98,2,1,Price too high
CUST-009470,2025-11-13,Northeast,Two year,Credit card,No internet,4,35.07,140.28,5,0,
CUST-009471,2025-11-02,Midwest,Month-to-month,Electronic check,DSL,28,107.39,3006.92,2,0,
CUST-009472,2023-11-07,Midwest,One year,Bank transfer,DSL,29,115.3,3343.7,2,0,
CUST-009473,2024-02-14,West,One year,Bank transfer,No internet,31,73.33,2273.23,0,0,
CUST-009474,2025-08-06,West,Month-to-month,Bank transfer,DSL,2,43.21,86.42,1,0,
CUST-009475,2022-04-02,Midwest,Month-to-month,Credit card,DSL,14,79.06,1106.84,0,0,
CUST-009476,2025-12-12,South,Month-to-month,Bank transfer,No internet,4,127.09,508.36,2,0,
CUST-009477,2024-07-12,South,One year,Credit card,No internet,17,81.63,1387.71,1,0,
CUST-009478,2022-04-03,Midwest,Month-to-month,Credit card,DSL,10,102.43,1024.3,0,1,Price too high
CUST-009479,2024-03-31,South,One year,Credit card,DSL,14,60.02,840.28,0,0,
CUST-009480,2024-08-16,South,One year,Mailed check,Fiber optic,32,53.05,1697.6,2,0,
CUST-009481,2024-03-26,West,Month-to-month,Credit card,No internet,14,68.53,959.42,1,0,
CUST-009482,2025-11-08,Midwest,Two year,Credit card,No internet,16,37.84,605.44,0,0,
CUST-009483,2023-11-02,Northeast,Month-to-month,Electronic check,DSL,2,144.68,289.36,0,1,Price too high
CUST-009484,2023-10-11,West,Month-to-month,Bank transfer,DSL,17,73.31,1246.27,1,0,
CUST-009485,2022-10-31,West,Two year,Credit card,DSL,7,92.51,647.57,1,0,
CUST-009486,2023-07-10,Midwest,Month-to-month,Mailed check,DSL,28,60.48,1693.44,1,0,
CUST-009487,2024-02-02,Northeast,One year,Bank transfer,Fiber optic,27,42.79,1155.33,1,1,Competitor offered better deal
CUST-009488,2023-07-02,South,One year,Bank transfer,DSL,21,110.64,2323.44,3,1,Moving / relocation
CUST-009489,2022-04-28,Midwest,Two year,Credit card,Fiber optic,36,48.92,1761.12,1,0,
CUST-009490,2025-01-17,West,Month-to-month,Electronic check,DSL,6,78.38,470.28,2,0,
CUST-009491,2023-01-30,Northeast,Month-to-month,Mailed check,No internet,2,80.78,161.56,1,0,
CUST-009492,2024-09-05,South,Two year,Mailed check,Fiber optic,3,71.78,215.34,2,0,
CUST-009493,2025-11-24,Midwest,Month-to-month,Electronic check,No internet,12,54.54,654.48,2,0,
CUST-009494,2023-10-04,South,One year,Electronic check,DSL,32,66.83,2138.56,0,0,
CUST-009495,2022-02-23,South,Two year,Bank transfer,No internet,42,51.73,2172.66,2,0,
CUST-009496,2024-05-04,West,Month-to-month,Credit card,Fiber optic,43,90.83,3905.69,0,0,
CUST-009497,2022-03-14,Midwest,Two year,Credit card,Fiber optic,20,84.17,1683.4,0,0,
CUST-009498,2024-05-25,Northeast,Two year,Credit card,DSL,41,69.63,2854.83,1,0,
CUST-009499,2025-11-26,West,Two year,Credit card,DSL,30,58.45,1753.5,0,0,
CUST-009500,2023-03-03,South,Month-to-month,Electronic check,DSL,7,137.6,963.2,0,1,Moving / relocation
CUST-009501,2023-05-15,West,One year,Mailed check,DSL,12,46.22,554.64,1,0,
CUST-009502,2022-01-10,West,Two year,Electronic check,DSL,15,42.77,641.55,3,0,
CUST-009503,2023-01-09,South,Month-to-month,Bank transfer,No internet,18,68.29,1229.22,0,1,Price too high
CUST-009504,2022-01-06,Northeast,One year,Credit card,Fiber optic,39,64.55,2517.45,1,0,
CUST-009505,2024-02-25,Midwest,Month-to-month,Electronic check,Fiber optic,3,99.61,298.83,2,0,
CUST-009506,2023-10-19,South,Month-to-month,Bank transfer,DSL,16,86.21,1379.36,2,1,Poor customer service
CUST-009507,2024-06-16,South,Two year,Bank transfer,Fiber optic,15,70.77,1061.55,2,1,Poor customer service
CUST-009508,2024-09-29,Midwest,Two year,Electronic check,DSL,1,82.28,82.28,0,0,
CUST-009509,2022-02-25,South,Month-to-month,Credit card,DSL,44,81.8,3599.2,2,0,
CUST-009510,2025-09-09,Northeast,Month-to-month,Mailed check,Fiber optic,29,137.43,3985.47,1,0,
CUST-009511,2023-01-31,Midwest,One year,Mailed check,Fiber optic,16,76.03,1216.48,2,0,
CUST-009512,2025-05-11,Northeast,Month-to-month,Credit card,Fiber optic,22,56.38,1240.36,0,1,Poor customer service
CUST-009513,2025-09-28,Midwest,Two year,Electronic check,Fiber optic,35,74.7,2614.5,3,0,
CUST-009514,2023-05-21,Northeast,Two year,Mailed check,Fiber optic,30,30.33,909.9,2,0,
CUST-009515,2025-02-18,South,Month-to-month,Credit card,Fiber optic,3,69.38,208.14,2,1,Competitor offered better deal
CUST-009516,2024-02-28,West,Two year,Bank transfer,DSL,26,99.46,2585.96,0,0,
CUST-009517,2024-07-05,West,Month-to-month,Bank transfer,No internet,30,85.0,2550.0,1,1,Frequent service outages
CUST-009518,2023-10-19,Midwest,Month-to-month,Bank transfer,Fiber optic,4,77.13,308.52,2,0,
CUST-009519,2022-05-09,West,Two year,Electronic check,DSL,36,86.29,3106.44,3,1,Poor customer service
CUST-009520,2022-10-30,Northeast,Month-to-month,Electronic check,Fiber optic,12,99.79,1197.48,1,0,
CUST-009521,2022-11-18,South,Month-to-month,Credit card,Fiber optic,24,110.62,2654.88,2,0,
CUST-009522,2022-10-31,South,Two year,Electronic check,Fiber optic,37,80.9,2993.3,3,0,
CUST-009523,2024-10-03,Midwest,Month-to-month,Credit card,DSL,24,63.36,1520.64,1,1,Moving / relocation
CUST-009524,2025-05-15,Northeast,Month-to-month,Electronic check,Fiber optic,2,33.44,66.88,2,1,Competitor offered better deal
CUST-009525,2022-05-12,Midwest,One year,Credit card,No internet,1,95.87,95.87,0,0,
CUST-009526,2022-07-01,Northeast,One year,Credit card,DSL,36,82.67,2976.12,2,0,
CUST-009527,2023-08-04,West,One year,Electronic check,DSL,45,73.62,3312.9,3,0,
CUST-009528,2022-04-13,West,Month-to-month,Bank transfer,DSL,15,56.25,843.75,2,0,
CUST-009529,2025-10-04,Midwest,One year,Credit card,Fiber optic,12,95.47,1145.64,2,0,
CUST-009530,2023-02-08,West,Month-to-month,Bank transfer,DSL,22,64.57,1420.54,2,0,
CUST-009531,2025-01-06,West,One year,Credit card,Fiber optic,3,69.34,208.02,1,0,
CUST-009532,2023-12-16,Midwest,Month-to-month,Electronic check,DSL,20,68.86,1377.2,1,1,Moving / relocation
CUST-009533,2023-07-20,South,Two year,Credit card,Fiber optic,39,80.96,3157.44,6,0,
CUST-009534,2022-03-10,Midwest,Two year,Bank transfer,Fiber optic,13,48.54,631.02,1,0,
CUST-009535,2023-11-01,Northeast,One year,Mailed check,DSL,7,83.93,587.51,2,0,
CUST-009536,2023-05-13,South,Two year,Bank transfer,Fiber optic,32,55.66,1781.12,2,0,
CUST-009537,2022-11-07,Midwest,Month-to-month,Mailed check,Fiber optic,20,56.29,1125.8,2,0,
CUST-009538,2025-04-27,West,Month-to-month,Bank transfer,No internet,16,93.06,1488.96,2,1,Price too high
CUST-009539,2022-02-06,West,Month-to-month,Electronic check,Fiber optic,20,50.99,1019.8,1,0,
CUST-009540,2023-06-25,Northeast,Month-to-month,Credit card,Fiber optic,5,93.01,465.05,2,1,Price too high
CUST-009541,2022-02-17,Northeast,Month-to-month,Mailed check,Fiber optic,4,72.42,289.68,3,1,Price too high
CUST-009542,2024-05-17,Midwest,One year,Bank transfer,DSL,18,41.37,744.66,2,0,
CUST-009543,2024-04-18,South,One year,Credit card,DSL,19,108.49,2061.31,4,1,Competitor offered better deal
CUST-009544,2025-11-05,Midwest,Two year,Credit card,No internet,29,77.42,2245.18,1,0,
CUST-009545,2022-05-26,South,Month-to-month,Credit card,DSL,4,79.53,318.12,3,0,
CUST-009546,2024-10-24,South,Month-to-month,Electronic check,Fiber optic,1,96.77,96.77,4,1,Poor customer service
CUST-009547,2025-04-07,Northeast,Month-to-month,Credit card,No internet,2,113.27,226.54,2,1,Moving / relocation
CUST-009548,2024-09-21,South,One year,Electronic check,DSL,27,74.76,2018.52,0,0,
CUST-009549,2025-10-19,Midwest,Month-to-month,Mailed check,No internet,22,85.42,1879.24,1,1,Frequent service outages
CUST-009550,2025-11-20,South,Month-to-month,Credit card,Fiber optic,1,78.95,78.95,2,1,Moving / relocation
CUST-009551,2022-04-19,West,One year,Electronic check,DSL,10,62.82,628.2,5,1,Frequent service outages
CUST-009552,2022-05-17,Northeast,Month-to-month,Electronic check,Fiber optic,6,42.24,253.44,2,1,Price too high
CUST-009553,2022-10-07,South,Month-to-month,Bank transfer,DSL,20,75.1,1502.0,2,0,
CUST-009554,2025-09-30,West,Month-to-month,Bank transfer,No internet,6,108.99,653.94,0,1,Competitor offered better deal
CUST-009555,2022-10-18,Northeast,Month-to-month,Mailed check,DSL,12,84.49,1013.88,1,1,Competitor offered better deal
CUST-009556,2022-08-11,South,Month-to-month,Credit card,DSL,6,49.82,298.92,1,0,
CUST-009557,2024-01-29,Midwest,One year,Credit card,Fiber optic,40,99.6,3984.0,0,0,
CUST-009558,2022-02-21,South,One year,Credit card,Fiber optic,20,63.5,1270.0,1,0,
CUST-009559,2024-12-04,South,One year,Electronic check,No internet,16,35.89,574.24,2,1,Frequent service outages
CUST-009560,2023-11-11,West,One year,Bank transfer,Fiber optic,40,97.1,3884.0,2,0,
CUST-009561,2025-12-26,West,Two year,Credit card,Fiber optic,20,51.8,1036.0,2,0,
CUST-009562,2025-07-16,West,One year,Electronic check,Fiber optic,9,123.94,1115.46,1,0,
CUST-009563,2024-01-13,West,Month-to-month,Bank transfer,DSL,37,101.22,3745.14,4,0,
CUST-009564,2023-04-03,Northeast,Two year,Electronic check,DSL,25,65.18,1629.5,1,0,
CUST-009565,2022-02-21,South,One year,Electronic check,Fiber optic,18,81.21,1461.78,1,0,
CUST-009566,2022-05-13,South,One year,Electronic check,DSL,32,150.0,4800.0,3,0,
CUST-009567,2022-04-24,Northeast,Month-to-month,Bank transfer,DSL,16,96.54,1544.64,1,1,Competitor offered better deal
CUST-009568,2022-01-28,Midwest,Two year,Bank transfer,DSL,11,75.66,832.26,1,0,
CUST-009569,2023-12-13,Midwest,Month-to-month,Electronic check,Fiber optic,6,150.0,900.0,0,1,Price too high
CUST-009570,2023-07-26,South,One year,Bank transfer,Fiber optic,25,72.79,1819.75,1,0,
CUST-009571,2022-06-13,South,One year,Electronic check,Fiber optic,3,84.45,253.35,2,1,Poor customer service
CUST-009572,2025-12-09,West,Two year,Electronic check,Fiber optic,31,51.96,1610.76,0,0,
CUST-009573,2025-09-02,Northeast,One year,Credit card,Fiber optic,12,41.02,492.24,1,0,
CUST-009574,2024-09-17,South,Month-to-month,Mailed check,No internet,11,63.94,703.34,1,0,
CUST-009575,2025-08-02,Northeast,One year,Credit card,No internet,29,70.97,2058.13,2,0,
CUST-009576,2024-01-13,West,Two year,Mailed check,Fiber optic,19,77.9,1480.1,3,0,
CUST-009577,2023-08-19,Midwest,One year,Electronic check,DSL,19,44.51,845.69,1,0,
CUST-009578,2022-10-27,Midwest,Two year,Credit card,Fiber optic,10,86.61,866.1,0,1,Price too high
CUST-009579,2024-07-25,Midwest,Month-to-month,Electronic check,Fiber optic,10,53.75,537.5,0,0,
CUST-009580,2025-10-20,Northeast,Two year,Mailed check,DSL,44,85.18,3747.92,2,0,
CUST-009581,2025-10-18,Midwest,One year,Bank transfer,Fiber optic,30,94.55,2836.5,3,1,Poor customer service
CUST-009582,2022-03-03,Midwest,Month-to-month,Bank transfer,Fiber optic,12,61.77,741.24,3,1,Frequent service outages
CUST-009583,2022-01-08,Northeast,Two year,Credit card,Fiber optic,41,51.5,2111.5,2,1,Poor customer service
CUST-009584,2022-02-20,South,Month-to-month,Credit card,DSL,2,114.89,229.78,0,0,
CUST-009585,2022-08-28,Northeast,One year,Electronic check,DSL,14,92.7,1297.8,2,0,
CUST-009586,2023-03-13,South,Month-to-month,Electronic check,Fiber optic,2,73.6,147.2,1,0,
CUST-009587,2024-03-09,Northeast,Two year,Bank transfer,Fiber optic,41,112.16,4598.56,0,0,
CUST-009588,2023-10-27,Midwest,Month-to-month,Electronic check,Fiber optic,3,72.0,216.0,1,0,
CUST-009589,2024-10-07,West,Month-to-month,Bank transfer,Fiber optic,27,57.48,1551.96,1,1,Price too high
CUST-009590,2025-07-23,West,One year,Mailed check,Fiber optic,10,50.88,508.8,1,0,
CUST-009591,2022-04-02,Midwest,Two year,Credit card,DSL,11,67.73,745.03,2,1,Moving / relocation
CUST-009592,2024-11-06,South,Two year,Credit card,DSL,14,89.74,1256.36,1,0,
CUST-009593,2024-06-13,South,One year,Electronic check,DSL,39,109.37,4265.43,0,0,
CUST-009594,2023-08-01,Midwest,Month-to-month,Electronic check,Fiber optic,1,70.63,70.63,1,0,
CUST-009595,2024-10-13,Midwest,Month-to-month,Credit card,DSL,8,103.36,826.88,2,0,
CUST-009596,2024-08-08,South,Month-to-month,Electronic check,DSL,14,65.46,916.44,0,0,
CUST-009597,2023-02-13,Midwest,Month-to-month,Electronic check,Fiber optic,46,54.59,2511.14,2,0,
CUST-009598,2024-11-24,South,Month-to-month,Electronic check,Fiber optic,3,46.15,138.45,2,1,Price too high
CUST-009599,2023-08-12,Midwest,Month-to-month,Mailed check,No internet,9,59.62,536.58,2,1,Price too high
CUST-009600,2022-10-01,South,Month-to-month,Electronic check,DSL,20,46.71,934.2,1,0,
CUST-009601,2025-12-08,West,Month-to-month,Mailed check,DSL,16,133.36,2133.76,2,1,Price too high
CUST-009602,2023-05-10,Northeast,One year,Electronic check,DSL,3,80.69,242.07,2,1,Moving / relocation
CUST-009603,2024-03-06,South,Month-to-month,Credit card,Fiber optic,12,67.99,815.88,1,0,
CUST-009604,2022-12-19,Northeast,Two year,Electronic check,Fiber optic,16,121.64,1946.24,0,0,
CUST-009605,2024-03-01,Northeast,Two year,Credit card,DSL,9,46.21,415.89,1,0,
CUST-009606,2025-04-27,Midwest,Month-to-month,Bank transfer,DSL,4,67.1,268.4,2,0,
CUST-009607,2023-03-27,Northeast,Month-to-month,Bank transfer,Fiber optic,3,132.94,398.82,0,1,Price too high
CUST-009608,2025-07-20,West,One year,Credit card,Fiber optic,34,66.95,2276.3,1,0,
CUST-009609,2023-11-14,South,Month-to-month,Mailed check,No internet,13,150.0,1950.0,2,0,
CUST-009610,2025-07-31,South,One year,Electronic check,DSL,11,90.14,991.54,1,0,
CUST-009611,2022-05-06,Northeast,One year,Bank transfer,Fiber optic,10,106.47,1064.7,2,1,Poor customer service
CUST-009612,2024-05-15,West,One year,Electronic check,Fiber optic,42,107.47,4513.74,1,0,
CUST-009613,2025-01-11,Midwest,One year,Electronic check,DSL,6,70.14,420.84,1,0,
CUST-009614,2023-06-04,Midwest,Two year,Credit card,Fiber optic,30,59.97,1799.1,1,0,
CUST-009615,2024-06-19,West,Month-to-month,Credit card,Fiber optic,10,67.56,675.6,2,0,
CUST-009616,2024-01-13,South,Month-to-month,Bank transfer,No internet,3,51.12,153.36,2,1,Frequent service outages
CUST-009617,2023-09-14,South,One year,Bank transfer,DSL,2,68.64,137.28,3,1,Competitor offered better deal
CUST-009618,2025-07-08,West,Two year,Bank transfer,No internet,22,70.01,1540.22,2,0,
CUST-009619,2022-08-10,Midwest,One year,Electronic check,Fiber optic,16,120.37,1925.92,0,1,Moving / relocation
CUST-009620,2024-09-22,Midwest,Two year,Electronic check,Fiber optic,37,84.76,3136.12,2,0,
CUST-009621,2022-02-07,Midwest,One year,Bank transfer,No internet,13,149.31,1941.03,0,0,
CUST-009622,2025-05-01,Northeast,Month-to-month,Mailed check,No internet,15,35.13,526.95,0,0,
CUST-009623,2023-10-08,West,Two year,Electronic check,DSL,15,47.49,712.35,1,0,
CUST-009624,2022-05-09,Midwest,One year,Bank transfer,Fiber optic,19,62.57,1188.83,1,0,
CUST-009625,2023-01-01,Northeast,One year,Bank transfer,DSL,33,113.02,3729.66,3,0,
CUST-009626,2024-02-14,West,Two year,Mailed check,Fiber optic,31,67.69,2098.39,0,0,
CUST-009627,2024-06-03,West,One year,Credit card,No internet,28,43.83,1227.24,0,0,
CUST-009628,2025-04-03,West,Month-to-month,Credit card,DSL,3,64.82,194.46,1,1,Frequent service outages
CUST-009629,2025-06-14,Midwest,One year,Bank transfer,Fiber optic,17,47.79,812.43,1,0,
CUST-009630,2024-02-15,Northeast,Month-to-month,Electronic check,Fiber optic,31,44.88,1391.28,1,0,
CUST-009631,2022-09-20,West,Month-to-month,Bank transfer,Fiber optic,3,132.9,398.7,1,1,Price too high
CUST-009632,2023-03-23,South,Month-to-month,Bank transfer,DSL,2,62.65,125.3,3,1,Price too high
CUST-009633,2024-10-13,Northeast,Month-to-month,Bank transfer,Fiber optic,10,74.1,741.0,1,1,Poor customer service
CUST-009634,2023-05-30,West,Two year,Bank transfer,DSL,2,68.05,136.1,1,0,
CUST-009635,2023-12-04,South,Month-to-month,Electronic check,Fiber optic,38,64.68,2457.84,2,1,Competitor offered better deal
CUST-009636,2022-04-07,South,Month-to-month,Mailed check,DSL,1,53.57,53.57,1,1,Poor customer service
CUST-009637,2024-08-23,Midwest,Two year,Credit card,DSL,29,63.47,1840.63,1,0,
CUST-009638,2025-07-11,Midwest,Two year,Electronic check,Fiber optic,20,78.09,1561.8,1,0,
CUST-009639,2025-09-30,South,Month-to-month,Bank transfer,Fiber optic,5,110.38,551.9,2,1,Competitor offered better deal
CUST-009640,2024-10-14,South,Two year,Credit card,Fiber optic,40,94.93,3797.2,0,0,
CUST-009641,2022-05-09,Northeast,Two year,Electronic check,No internet,26,47.46,1233.96,2,0,
CUST-009642,2025-08-11,Northeast,Two year,Credit card,Fiber optic,40,96.19,3847.6,1,0,
CUST-009643,2023-10-30,West,One year,Credit card,Fiber optic,33,81.63,2693.79,1,0,
CUST-009644,2022-08-26,West,Month-to-month,Bank transfer,DSL,20,57.4,1148.0,2,0,
CUST-009645,2022-03-16,Northeast,One year,Bank transfer,Fiber optic,34,74.31,2526.54,0,0,
CUST-009646,2022-12-08,Midwest,Two year,Credit card,DSL,26,84.19,2188.94,4,0,
CUST-009647,2022-04-08,South,Two year,Electronic check,Fiber optic,28,71.17,1992.76,2,0,
CUST-009648,2024-03-05,South,One year,Bank transfer,No internet,22,81.75,1798.5,4,0,
CUST-009649,2024-08-24,Midwest,One year,Mailed check,DSL,9,53.19,478.71,1,0,
CUST-009650,2022-05-16,Midwest,One year,Credit card,DSL,19,132.65,2520.35,3,0,
CUST-009651,2024-10-29,West,Month-to-month,Bank transfer,Fiber optic,22,37.81,831.82,2,0,
CUST-009652,2024-06-27,Northeast,Month-to-month,Credit card,Fiber optic,3,84.34,253.02,4,1,Moving / relocation
CUST-009653,2025-03-05,West,One year,Electronic check,Fiber optic,41,78.84,3232.44,3,0,
CUST-009654,2023-04-19,Midwest,Month-to-month,Electronic check,No internet,13,86.12,1119.56,0,1,Poor customer service
CUST-009655,2022-04-17,Northeast,Two year,Credit card,No internet,21,55.89,1173.69,1,0,
CUST-009656,2022-09-03,West,Month-to-month,Mailed check,Fiber optic,24,101.92,2446.08,1,0,
CUST-009657,2023-01-05,West,Month-to-month,Bank transfer,No internet,41,67.72,2776.52,1,0,
CUST-009658,2023-05-13,West,One year,Bank transfer,DSL,22,47.96,1055.12,1,0,
CUST-009659,2023-11-25,South,Month-to-month,Electronic check,DSL,34,49.39,1679.26,1,0,
CUST-009660,2025-10-09,South,One year,Mailed check,No internet,25,72.96,1824.0,1,0,
CUST-009661,2024-08-07,Midwest,Month-to-month,Mailed check,No internet,14,42.06,588.84,0,0,
CUST-009662,2024-06-10,Midwest,Month-to-month,Credit card,DSL,39,124.73,4864.47,2,1,Poor customer service
CUST-009663,2025-05-23,West,One year,Electronic check,DSL,8,98.07,784.56,5,1,Frequent service outages
CUST-009664,2024-06-27,South,Month-to-month,Mailed check,DSL,11,125.79,1383.69,2,1,Moving / relocation
CUST-009665,2022-07-20,South,Month-to-month,Credit card,Fiber optic,3,121.61,364.83,0,0,
CUST-009666,2025-01-16,South,One year,Credit card,Fiber optic,35,62.64,2192.4,0,0,
CUST-009667,2024-05-26,Midwest,One year,Bank transfer,DSL,44,53.08,2335.52,1,0,
CUST-009668,2025-04-28,West,One year,Bank transfer,Fiber optic,35,29.76,1041.6,1,0,
CUST-009669,2024-10-08,Midwest,Month-to-month,Credit card,Fiber optic,2,61.56,123.12,1,0,
CUST-009670,2024-04-29,Northeast,One year,Credit card,Fiber optic,24,123.35,2960.4,2,0,
CUST-009671,2022-04-25,Northeast,One year,Credit card,DSL,20,53.79,1075.8,3,0,
CUST-009672,2023-10-27,West,Two year,Bank transfer,Fiber optic,1,65.55,65.55,1,0,
CUST-009673,2022-12-02,Midwest,Two year,Bank transfer,No internet,28,58.71,1643.88,0,0,
CUST-009674,2022-05-23,West,Month-to-month,Credit card,DSL,6,79.04,474.24,2,1,Price too high
CUST-009675,2024-09-25,Northeast,Month-to-month,Credit card,Fiber optic,20,105.8,2116.0,1,1,Moving / relocation
CUST-009676,2025-02-05,Northeast,One year,Bank transfer,Fiber optic,1,42.84,42.84,0,0,
CUST-009677,2022-05-03,West,Month-to-month,Electronic check,Fiber optic,4,45.55,182.2,3,1,Frequent service outages
CUST-009678,2022-12-21,Midwest,Two year,Credit card,Fiber optic,9,112.81,1015.29,3,0,
CUST-009679,2025-04-22,South,One year,Mailed check,Fiber optic,25,88.64,2216.0,1,0,
CUST-009680,2022-08-23,South,Month-to-month,Electronic check,Fiber optic,12,64.52,774.24,1,0,
CUST-009681,2024-10-29,South,One year,Electronic check,DSL,2,121.06,242.12,1,0,
CUST-009682,2025-09-27,South,Two year,Electronic check,Fiber optic,29,45.29,1313.41,0,0,
CUST-009683,2025-09-03,South,Month-to-month,Bank transfer,Fiber optic,32,94.44,3022.08,2,0,
CUST-009684,2024-08-29,South,One year,Electronic check,No internet,11,68.59,754.49,1,0,
CUST-009685,2025-12-10,Midwest,One year,Bank transfer,No internet,44,85.12,3745.28,1,0,
CUST-009686,2024-05-15,South,One year,Credit card,Fiber optic,9,32.66,293.94,0,0,
CUST-009687,2025-07-28,Northeast,Two year,Electronic check,DSL,48,64.49,3095.52,0,0,
CUST-009688,2024-10-06,Midwest,One year,Electronic check,Fiber optic,31,88.75,2751.25,3,0,
CUST-009689,2023-06-09,Northeast,Month-to-month,Electronic check,DSL,20,68.7,1374.0,0,0,
CUST-009690,2023-06-01,West,Month-to-month,Credit card,DSL,11,104.76,1152.36,1,0,
CUST-009691,2024-11-28,South,Two year,Electronic check,DSL,1,103.65,103.65,2,0,
CUST-009692,2025-07-16,Northeast,Month-to-month,Electronic check,DSL,22,51.59,1134.98,1,0,
CUST-009693,2023-05-29,West,Two year,Electronic check,No internet,43,91.26,3924.18,1,0,
CUST-009694,2023-12-30,Midwest,One year,Electronic check,Fiber optic,10,51.03,510.3,0,0,
CUST-009695,2022-11-30,Northeast,Two year,Bank transfer,DSL,9,71.33,641.97,2,0,
CUST-009696,2024-03-05,Northeast,Month-to-month,Bank transfer,Fiber optic,19,86.48,1643.12,1,0,
CUST-009697,2022-09-29,South,Month-to-month,Mailed check,Fiber optic,19,53.66,1019.54,1,1,Price too high
CUST-009698,2023-05-09,Northeast,Two year,Mailed check,DSL,10,90.18,901.8,0,0,
CUST-009699,2022-05-11,South,Month-to-month,Bank transfer,Fiber optic,1,59.64,59.64,1,1,Price too high
CUST-009700,2025-12-01,West,Month-to-month,Credit card,Fiber optic,2,58.22,116.44,2,0,
CUST-009701,2023-11-14,Midwest,Month-to-month,Bank transfer,Fiber optic,3,87.89,263.67,0,1,Competitor offered better deal
CUST-009702,2023-12-20,West,Two year,Credit card,No internet,13,53.65,697.45,1,0,
CUST-009703,2023-05-28,Midwest,Two year,Credit card,Fiber optic,20,52.78,1055.6,3,0,
CUST-009704,2022-02-21,South,One year,Mailed check,Fiber optic,34,97.82,3325.88,4,0,
CUST-009705,2024-01-18,West,Month-to-month,Electronic check,Fiber optic,6,72.58,435.48,2,1,Frequent service outages
CUST-009706,2025-08-04,South,One year,Bank transfer,No internet,18,44.02,792.36,1,0,
CUST-009707,2023-09-02,West,Month-to-month,Electronic check,Fiber optic,23,92.19,2120.37,2,0,
CUST-009708,2023-09-01,South,Two year,Mailed check,DSL,8,61.55,492.4,1,0,
CUST-009709,2024-02-04,Northeast,Month-to-month,Bank transfer,Fiber optic,23,44.75,1029.25,1,0,
CUST-009710,2024-05-07,West,Month-to-month,Bank transfer,DSL,6,31.43,188.58,2,1,Frequent service outages
CUST-009711,2024-06-20,Midwest,Month-to-month,Mailed check,No internet,10,93.61,936.1,1,1,Price too high
CUST-009712,2023-01-24,West,Month-to-month,Bank transfer,Fiber optic,5,53.24,266.2,3,1,Competitor offered better deal
CUST-009713,2022-10-11,Northeast,One year,Electronic check,Fiber optic,38,47.09,1789.42,2,0,
CUST-009714,2022-02-17,South,Two year,Electronic check,Fiber optic,32,86.02,2752.64,1,0,
CUST-009715,2022-02-25,South,One year,Mailed check,Fiber optic,12,90.73,1088.76,0,0,
CUST-009716,2022-05-18,South,Two year,Electronic check,No internet,30,54.5,1635.0,2,0,
CUST-009717,2025-07-10,South,Month-to-month,Credit card,Fiber optic,17,93.88,1595.96,3,0,
CUST-009718,2023-02-22,Northeast,Month-to-month,Mailed check,DSL,2,135.31,270.62,0,0,
CUST-009719,2025-03-09,Midwest,One year,Credit card,Fiber optic,9,107.87,970.83,2,1,Moving / relocation
CUST-009720,2025-05-02,South,One year,Credit card,Fiber optic,21,102.63,2155.23,1,1,Poor customer service
CUST-009721,2025-08-19,Midwest,Month-to-month,Mailed check,DSL,6,77.52,465.12,1,1,Price too high
CUST-009722,2025-12-19,South,Two year,Mailed check,DSL,8,60.83,486.64,0,0,
CUST-009723,2023-10-27,Northeast,Month-to-month,Credit card,Fiber optic,9,68.86,619.74,1,0,
CUST-009724,2022-06-12,South,Month-to-month,Electronic check,No internet,25,80.72,2018.0,1,1,Competitor offered better deal
CUST-009725,2025-05-06,Midwest,Month-to-month,Bank transfer,Fiber optic,15,46.88,703.2,1,0,
CUST-009726,2024-07-30,Northeast,Month-to-month,Electronic check,No internet,3,54.81,164.43,0,1,Price too high
CUST-009727,2023-11-30,South,Month-to-month,Credit card,Fiber optic,21,44.39,932.19,1,0,
CUST-009728,2025-09-29,Midwest,Month-to-month,Credit card,Fiber optic,45,75.59,3401.55,1,1,Price too high
CUST-009729,2023-12-08,South,One year,Bank transfer,No internet,34,71.99,2447.66,2,0,
CUST-009730,2023-03-29,Midwest,Month-to-month,Mailed check,Fiber optic,3,56.89,170.67,1,0,
CUST-009731,2023-05-05,Northeast,Month-to-month,Bank transfer,DSL,46,91.15,4192.9,2,0,
CUST-009732,2025-09-16,Midwest,One year,Bank transfer,DSL,9,50.19,451.71,1,0,
CUST-009733,2023-09-17,West,Two year,Bank transfer,Fiber optic,28,56.22,1574.16,2,0,
CUST-009734,2023-11-13,Midwest,Month-to-month,Credit card,DSL,1,90.0,90.0,0,1,Price too high
CUST-009735,2024-12-27,Midwest,Month-to-month,Electronic check,DSL,15,94.37,1415.55,0,0,
CUST-009736,2023-05-21,West,Month-to-month,Electronic check,Fiber optic,18,54.35,978.3,1,1,Price too high
CUST-009737,2022-06-23,West,Two year,Electronic check,Fiber optic,15,75.51,1132.65,1,1,Frequent service outages
CUST-009738,2025-04-06,Midwest,One year,Bank transfer,Fiber optic,8,54.64,437.12,2,0,
CUST-009739,2024-09-26,West,Month-to-month,Credit card,Fiber optic,5,65.82,329.1,1,0,
CUST-009740,2022-05-29,South,Two year,Mailed check,Fiber optic,45,73.41,3303.45,2,0,
CUST-009741,2022-09-30,Midwest,One year,Mailed check,DSL,26,83.87,2180.62,0,1,Price too high
CUST-009742,2023-12-15,South,Month-to-month,Credit card,Fiber optic,3,77.6,232.8,0,1,Competitor offered better deal
CUST-009743,2023-03-20,Midwest,Two year,Electronic check,Fiber optic,39,76.51,2983.89,0,0,
CUST-009744,2022-10-25,South,One year,Credit card,DSL,18,49.64,893.52,2,0,
CUST-009745,2025-09-03,South,One year,Credit card,Fiber optic,18,79.38,1428.84,1,0,
CUST-009746,2023-11-06,South,Two year,Credit card,No internet,32,83.62,2675.84,1,0,
CUST-009747,2022-01-13,West,Two year,Mailed check,DSL,13,87.4,1136.2,2,0,
CUST-009748,2024-02-09,West,Month-to-month,Bank transfer,No internet,12,55.69,668.28,4,0,
CUST-009749,2023-04-02,South,One year,Electronic check,No internet,35,93.97,3288.95,1,0,
CUST-009750,2024-07-01,Northeast,Month-to-month,Electronic check,Fiber optic,10,45.99,459.9,4,0,
CUST-009751,2022-08-26,Northeast,Two year,Electronic check,DSL,18,61.08,1099.44,0,0,
CUST-009752,2022-07-27,South,Month-to-month,Electronic check,Fiber optic,18,64.19,1155.42,2,0,
CUST-009753,2022-07-31,West,Month-to-month,Credit card,DSL,8,46.81,374.48,0,0,
CUST-009754,2025-03-21,Northeast,Month-to-month,Bank transfer,Fiber optic,16,63.88,1022.08,2,1,Frequent service outages
CUST-009755,2025-06-06,West,Month-to-month,Mailed check,Fiber optic,33,75.25,2483.25,1,0,
CUST-009756,2025-09-04,South,Two year,Bank transfer,Fiber optic,42,39.09,1641.78,0,0,
CUST-009757,2022-10-25,Midwest,Month-to-month,Bank transfer,No internet,24,61.79,1482.96,1,0,
CUST-009758,2025-07-17,South,Two year,Electronic check,Fiber optic,9,40.07,360.63,2,0,
CUST-009759,2022-07-13,West,One year,Electronic check,DSL,14,134.73,1886.22,2,0,
CUST-009760,2024-04-18,Midwest,One year,Bank transfer,No internet,17,75.04,1275.68,3,0,
CUST-009761,2023-01-25,West,Two year,Credit card,Fiber optic,44,72.99,3211.56,4,0,
CUST-009762,2024-09-12,Northeast,Month-to-month,Electronic check,Fiber optic,11,75.51,830.61,1,1,Poor customer service
CUST-009763,2023-04-28,West,One year,Credit card,DSL,34,85.07,2892.38,0,0,
CUST-009764,2025-08-17,South,Month-to-month,Bank transfer,No internet,6,95.87,575.22,3,0,
CUST-009765,2024-02-22,South,One year,Bank transfer,No internet,46,42.51,1955.46,2,0,
CUST-009766,2022-06-06,South,Month-to-month,Electronic check,Fiber optic,32,106.62,3411.84,1,1,Moving / relocation
CUST-009767,2023-10-06,West,One year,Bank transfer,No internet,21,104.45,2193.45,1,1,Price too high
CUST-009768,2024-10-29,West,One year,Mailed check,Fiber optic,17,68.63,1166.71,1,0,
CUST-009769,2024-04-14,West,One year,Electronic check,Fiber optic,18,67.49,1214.82,2,0,
CUST-009770,2024-04-10,Northeast,Month-to-month,Credit card,DSL,11,25.97,285.67,3,1,Moving / relocation
CUST-009771,2023-11-21,Midwest,Month-to-month,Bank transfer,DSL,10,47.08,470.8,0,0,
CUST-009772,2024-11-15,Midwest,Two year,Electronic check,Fiber optic,42,82.77,3476.34,1,0,
CUST-009773,2025-02-22,Midwest,Month-to-month,Mailed check,DSL,12,102.95,1235.4,1,1,Price too high
CUST-009774,2022-10-14,West,Two year,Electronic check,Fiber optic,8,88.52,708.16,2,1,Frequent service outages
CUST-009775,2025-05-23,South,One year,Credit card,Fiber optic,8,68.43,547.44,1,1,Competitor offered better deal
CUST-009776,2023-03-11,West,Two year,Electronic check,No internet,38,129.84,4933.92,3,0,
CUST-009777,2022-05-13,Northeast,One year,Bank transfer,DSL,37,96.7,3577.9,1,0,
CUST-009778,2025-09-01,South,One year,Bank transfer,Fiber optic,2,61.8,123.6,0,0,
CUST-009779,2022-03-29,West,Two year,Electronic check,DSL,2,140.93,281.86,1,0,
CUST-009780,2022-05-17,Midwest,Two year,Mailed check,Fiber optic,44,49.36,2171.84,0,0,
CUST-009781,2024-07-30,South,One year,Bank transfer,Fiber optic,8,43.77,350.16,1,0,
CUST-009782,2025-09-14,Midwest,One year,Credit card,Fiber optic,17,61.27,1041.59,0,0,
CUST-009783,2023-07-31,South,Month-to-month,Bank transfer,No internet,37,54.99,2034.63,1,0,
CUST-009784,2024-11-18,Northeast,Two year,Electronic check,Fiber optic,21,62.38,1309.98,2,0,
CUST-009785,2025-01-19,South,Month-to-month,Mailed check,Fiber optic,1,90.5,90.5,3,1,Price too high
CUST-009786,2023-01-11,Northeast,Month-to-month,Mailed check,DSL,1,69.35,69.35,1,0,
CUST-009787,2025-09-10,South,One year,Mailed check,Fiber optic,33,69.92,2307.36,2,0,
CUST-009788,2024-10-11,South,One year,Credit card,Fiber optic,20,71.44,1428.8,2,0,
CUST-009789,2025-01-21,Midwest,One year,Electronic check,Fiber optic,17,33.45,568.65,2,1,Price too high
CUST-009790,2025-08-07,Northeast,Two year,Mailed check,No internet,27,43.17,1165.59,0,0,
CUST-009791,2022-01-20,South,Month-to-month,Bank transfer,Fiber optic,15,61.97,929.55,0,0,
CUST-009792,2022-10-22,Midwest,One year,Electronic check,Fiber optic,35,53.53,1873.55,4,1,Price too high
CUST-009793,2022-01-22,South,Month-to-month,Bank transfer,DSL,5,65.09,325.45,3,0,
CUST-009794,2024-10-07,Northeast,Two year,Electronic check,Fiber optic,16,109.87,1757.92,3,0,
CUST-009795,2024-06-03,Northeast,Month-to-month,Credit card,Fiber optic,47,68.45,3217.15,2,0,
CUST-009796,2025-11-05,South,Two year,Electronic check,DSL,37,45.92,1699.04,2,0,
CUST-009797,2024-04-01,West,Month-to-month,Bank transfer,DSL,20,54.39,1087.8,3,1,Frequent service outages
CUST-009798,2023-01-04,West,Two year,Bank transfer,DSL,34,121.19,4120.46,3,0,
CUST-009799,2024-11-23,Northeast,One year,Mailed check,Fiber optic,16,114.48,1831.68,1,0,
CUST-009800,2025-08-30,South,Two year,Mailed check,Fiber optic,45,84.83,3817.35,1,0,
CUST-009801,2022-06-21,West,Month-to-month,Bank transfer,Fiber optic,5,42.52,212.6,0,0,
CUST-009802,2022-07-08,Midwest,One year,Credit card,DSL,11,77.34,850.74,1,1,Price too high
CUST-009803,2022-10-09,West,One year,Bank transfer,DSL,17,79.26,1347.42,2,0,
CUST-009804,2024-11-28,Northeast,Month-to-month,Bank transfer,Fiber optic,10,70.68,706.8,1,0,
CUST-009805,2023-08-07,West,Two year,Bank transfer,DSL,29,58.42,1694.18,3,0,
CUST-009806,2022-03-12,South,One year,Mailed check,Fiber optic,13,62.42,811.46,2,1,Competitor offered better deal
CUST-009807,2025-09-26,South,One year,Bank transfer,No internet,43,57.13,2456.59,2,0,
CUST-009808,2024-02-12,South,One year,Electronic check,DSL,25,48.6,1215.0,0,0,
CUST-009809,2022-11-11,West,One year,Bank transfer,Fiber optic,11,108.54,1193.94,1,0,
CUST-009810,2022-03-21,Midwest,Two year,Credit card,Fiber optic,29,92.98,2696.42,0,0,
CUST-009811,2024-04-24,Midwest,One year,Bank transfer,Fiber optic,1,64.0,64.0,0,0,
CUST-009812,2025-11-28,South,One year,Bank transfer,Fiber optic,35,78.47,2746.45,2,1,Price too high
CUST-009813,2023-02-05,West,Month-to-month,Credit card,Fiber optic,2,79.42,158.84,2,1,Competitor offered better deal
CUST-009814,2025-05-11,West,Month-to-month,Mailed check,Fiber optic,27,148.37,4005.99,3,1,Price too high
CUST-009815,2022-11-27,Northeast,One year,Bank transfer,DSL,37,92.69,3429.53,0,0,
CUST-009816,2025-06-12,Northeast,Two year,Electronic check,Fiber optic,9,91.57,824.13,1,1,Poor customer service
CUST-009817,2024-09-07,West,Month-to-month,Electronic check,Fiber optic,18,70.96,1277.28,2,0,
CUST-009818,2025-09-13,South,Month-to-month,Electronic check,Fiber optic,16,61.01,976.16,1,0,
CUST-009819,2024-03-07,South,Month-to-month,Bank transfer,Fiber optic,33,109.12,3600.96,2,1,Competitor offered better deal
CUST-009820,2024-11-18,South,Month-to-month,Bank transfer,DSL,16,86.38,1382.08,3,0,
CUST-009821,2022-10-09,Northeast,Month-to-month,Credit card,DSL,18,53.76,967.68,1,0,
CUST-009822,2023-03-01,Midwest,Month-to-month,Electronic check,Fiber optic,6,81.06,486.36,4,1,Frequent service outages
CUST-009823,2025-09-13,South,One year,Electronic check,Fiber optic,16,91.65,1466.4,1,0,
CUST-009824,2025-12-31,South,Two year,Bank transfer,No internet,31,35.85,1111.35,0,0,
CUST-009825,2024-08-11,South,Month-to-month,Electronic check,Fiber optic,3,52.19,156.57,1,0,
CUST-009826,2023-05-27,West,Two year,Bank transfer,Fiber optic,28,78.73,2204.44,1,0,
CUST-009827,2023-09-15,South,One year,Electronic check,Fiber optic,11,37.87,416.57,0,0,
CUST-009828,2025-06-25,South,Month-to-month,Electronic check,Fiber optic,13,39.84,517.92,1,0,
CUST-009829,2025-01-24,Northeast,One year,Bank transfer,DSL,48,64.29,3085.92,1,1,Moving / relocation
CUST-009830,2025-01-02,South,Month-to-month,Bank transfer,DSL,16,82.05,1312.8,3,1,Moving / relocation
CUST-009831,2024-04-24,South,One year,Electronic check,Fiber optic,5,83.27,416.35,2,1,Price too high
CUST-009832,2024-07-17,Midwest,One year,Electronic check,Fiber optic,15,116.32,1744.8,0,1,Price too high
CUST-009833,2025-02-22,South,Month-to-month,Electronic check,DSL,19,71.98,1367.62,2,1,Price too high
CUST-009834,2024-09-08,Northeast,Month-to-month,Electronic check,Fiber optic,28,62.22,1742.16,2,0,
CUST-009835,2025-06-18,West,Month-to-month,Credit card,No internet,9,46.14,415.26,2,0,
CUST-009836,2022-01-01,West,One year,Bank transfer,Fiber optic,20,61.99,1239.8,1,0,
CUST-009837,2022-08-11,Northeast,Month-to-month,Electronic check,No internet,17,87.92,1494.64,1,0,
CUST-009838,2024-04-17,Midwest,Month-to-month,Mailed check,Fiber optic,6,89.2,535.2,2,1,Moving / relocation
CUST-009839,2024-08-03,West,One year,Electronic check,DSL,8,76.3,610.4,3,0,
CUST-009840,2022-05-19,Northeast,Two year,Electronic check,Fiber optic,30,83.52,2505.6,0,0,
CUST-009841,2023-01-29,Midwest,Month-to-month,Credit card,No internet,24,105.47,2531.28,1,0,
CUST-009842,2025-12-30,West,One year,Electronic check,DSL,10,71.81,718.1,2,0,
CUST-009843,2025-05-28,Midwest,One year,Credit card,DSL,31,108.59,3366.29,0,0,
CUST-009844,2022-11-04,Midwest,Two year,Credit card,Fiber optic,12,55.56,666.72,1,0,
CUST-009845,2022-04-16,Midwest,One year,Bank transfer,Fiber optic,27,68.48,1848.96,1,0,
CUST-009846,2025-05-25,West,Month-to-month,Bank transfer,DSL,20,60.11,1202.2,2,0,
CUST-009847,2024-05-28,Northeast,Month-to-month,Electronic check,Fiber optic,35,90.35,3162.25,2,0,
CUST-009848,2025-03-01,Midwest,Month-to-month,Credit card,DSL,2,50.67,101.34,1,1,Moving / relocation
CUST-009849,2022-01-11,Midwest,Month-to-month,Credit card,Fiber optic,5,63.25,316.25,0,0,
CUST-009850,2024-09-06,West,Month-to-month,Bank transfer,DSL,5,38.66,193.3,1,0,
CUST-009851,2023-02-28,Midwest,One year,Electronic check,Fiber optic,8,84.79,678.32,2,1,Moving / relocation
CUST-009852,2024-04-21,West,Two year,Electronic check,DSL,25,104.48,2612.0,0,0,
CUST-009853,2025-01-28,Midwest,Two year,Electronic check,Fiber optic,36,93.82,3377.52,3,1,Frequent service outages
CUST-009854,2023-09-18,South,Month-to-month,Electronic check,DSL,16,90.93,1454.88,1,1,Poor customer service
CUST-009855,2025-02-25,South,Month-to-month,Bank transfer,No internet,34,91.71,3118.14,2,1,Frequent service outages
CUST-009856,2025-01-19,South,Two year,Credit card,Fiber optic,2,87.7,175.4,1,0,
CUST-009857,2022-12-15,Midwest,One year,Bank transfer,No internet,11,85.34,938.74,1,1,Moving / relocation
CUST-009858,2023-07-22,West,Two year,Bank transfer,No internet,39,87.12,3397.68,2,0,
CUST-009859,2025-05-29,Midwest,One year,Bank transfer,Fiber optic,23,56.84,1307.32,0,0,
CUST-009860,2025-01-08,West,Two year,Bank transfer,Fiber optic,21,65.76,1380.96,1,1,Poor customer service
CUST-009861,2024-01-01,West,Month-to-month,Mailed check,DSL,37,71.7,2652.9,2,1,Price too high
CUST-009862,2022-09-25,South,Month-to-month,Credit card,No internet,4,62.96,251.84,3,1,Moving / relocation
CUST-009863,2022-01-26,Northeast,One year,Mailed check,Fiber optic,39,42.47,1656.33,1,0,
CUST-009864,2025-04-11,Northeast,Month-to-month,Credit card,No internet,33,47.22,1558.26,1,0,
CUST-009865,2025-06-16,West,Month-to-month,Electronic check,Fiber optic,20,75.46,1509.2,3,0,
CUST-009866,2025-01-30,Midwest,Month-to-month,Bank transfer,Fiber optic,24,93.68,2248.32,0,0,
CUST-009867,2024-03-13,South,Month-to-month,Bank transfer,No internet,4,70.32,281.28,1,1,Competitor offered better deal
CUST-009868,2025-01-18,West,Two year,Mailed check,Fiber optic,10,150.0,1500.0,2,1,Moving / relocation
CUST-009869,2022-10-19,Northeast,Two year,Mailed check,DSL,12,52.23,626.76,3,0,
CUST-009870,2023-08-20,South,Two year,Electronic check,Fiber optic,43,80.83,3475.69,0,1,Frequent service outages
CUST-009871,2023-05-29,South,Two year,Credit card,Fiber optic,6,105.97,635.82,3,0,
CUST-009872,2024-10-22,South,Two year,Mailed check,No internet,12,98.59,1183.08,2,0,
CUST-009873,2025-08-21,Midwest,Two year,Bank transfer,Fiber optic,7,86.45,605.15,0,0,
CUST-009874,2024-01-15,Midwest,Month-to-month,Credit card,DSL,14,98.74,1382.36,1,1,Moving / relocation
CUST-009875,2023-09-24,Northeast,Month-to-month,Bank transfer,No internet,1,71.36,71.36,2,1,Competitor offered better deal
CUST-009876,2023-01-29,South,Two year,Credit card,DSL,14,119.36,1671.04,4,0,
CUST-009877,2022-12-06,Northeast,One year,Electronic check,No internet,35,105.7,3699.5,1,0,
CUST-009878,2023-11-17,South,Two year,Electronic check,No internet,37,53.37,1974.69,2,0,
CUST-009879,2022-07-30,Northeast,One year,Electronic check,Fiber optic,19,77.7,1476.3,0,0,
CUST-009880,2023-08-08,Northeast,Month-to-month,Credit card,DSL,14,42.73,598.22,0,0,
CUST-009881,2025-05-07,South,One year,Credit card,Fiber optic,29,114.09,3308.61,0,0,
CUST-009882,2022-08-25,Midwest,Two year,Credit card,DSL,44,75.32,3314.08,2,0,
CUST-009883,2022-11-30,South,One year,Bank transfer,DSL,28,107.94,3022.32,1,0,
CUST-009884,2022-01-23,Northeast,Month-to-month,Electronic check,Fiber optic,4,67.69,270.76,3,0,
CUST-009885,2023-05-16,West,One year,Mailed check,DSL,18,38.71,696.78,1,0,
CUST-009886,2024-08-14,Northeast,One year,Bank transfer,Fiber optic,38,150.0,5700.0,1,1,Moving / relocation
CUST-009887,2025-12-12,Northeast,One year,Electronic check,DSL,15,73.11,1096.65,2,1,Competitor offered better deal
CUST-009888,2024-12-18,South,Two year,Bank transfer,Fiber optic,28,50.9,1425.2,1,0,
CUST-009889,2023-03-16,West,One year,Credit card,Fiber optic,20,101.15,2023.0,2,0,
CUST-009890,2023-03-29,Northeast,Two year,Mailed check,DSL,15,134.49,2017.35,3,0,
CUST-009891,2023-08-13,Northeast,One year,Bank transfer,DSL,10,65.71,657.1,1,0,
CUST-009892,2025-12-27,South,Two year,Bank transfer,No internet,2,67.91,135.82,2,0,
CUST-009893,2023-05-22,South,One year,Electronic check,DSL,4,75.65,302.6,0,0,
CUST-009894,2022-11-17,Midwest,Two year,Electronic check,No internet,40,49.13,1965.2,3,1,Moving / relocation
CUST-009895,2025-08-01,Northeast,Two year,Bank transfer,DSL,32,56.2,1798.4,1,1,Poor customer service
CUST-009896,2024-06-08,West,One year,Bank transfer,No internet,12,123.99,1487.88,0,1,Competitor offered better deal
CUST-009897,2023-11-08,Northeast,Month-to-month,Mailed check,Fiber optic,1,67.2,67.2,1,1,Price too high
CUST-009898,2025-04-07,South,One year,Electronic check,DSL,31,53.62,1662.22,1,0,
CUST-009899,2023-08-13,West,Month-to-month,Electronic check,Fiber optic,10,60.66,606.6,0,0,
CUST-009900,2024-11-18,Northeast,One year,Bank transfer,Fiber optic,27,98.82,2668.14,2,0,
CUST-009901,2023-04-01,South,Month-to-month,Mailed check,No internet,42,37.25,1564.5,1,1,Frequent service outages
CUST-009902,2023-08-03,South,Month-to-month,Bank transfer,DSL,1,76.06,76.06,1,0,
CUST-009903,2025-02-06,South,Month-to-month,Electronic check,DSL,21,150.0,3150.0,0,0,
CUST-009904,2025-06-06,Northeast,One year,Credit card,DSL,48,134.28,6445.44,1,0,
CUST-009905,2024-12-30,West,Month-to-month,Mailed check,Fiber optic,17,84.22,1431.74,0,0,
CUST-009906,2024-12-23,West,Month-to-month,Electronic check,No internet,18,106.83,1922.94,2,0,
CUST-009907,2023-04-25,Midwest,One year,Bank transfer,Fiber optic,40,106.5,4260.0,1,1,Poor customer service
CUST-009908,2023-01-09,Midwest,Two year,Bank transfer,Fiber optic,24,67.34,1616.16,0,0,
CUST-009909,2024-04-23,South,Month-to-month,Credit card,Fiber optic,15,94.25,1413.75,2,0,
CUST-009910,2024-12-14,West,Two year,Credit card,No internet,17,124.26,2112.42,1,0,
CUST-009911,2025-03-24,West,Month-to-month,Bank transfer,Fiber optic,30,46.79,1403.7,0,0,
CUST-009912,2023-04-28,Midwest,One year,Bank transfer,DSL,18,84.31,1517.58,1,0,
CUST-009913,2022-12-30,South,Month-to-month,Bank transfer,Fiber optic,10,78.7,787.0,1,0,
CUST-009914,2023-01-20,Midwest,One year,Bank transfer,Fiber optic,36,72.46,2608.56,0,0,
CUST-009915,2023-06-04,Midwest,Month-to-month,Electronic check,Fiber optic,11,70.43,774.73,1,1,Price too high
CUST-009916,2023-07-09,Northeast,Month-to-month,Bank transfer,Fiber optic,7,75.5,528.5,0,0,
CUST-009917,2025-09-22,Midwest,Month-to-month,Credit card,DSL,4,77.55,310.2,2,1,Price too high
CUST-009918,2023-08-07,Midwest,One year,Electronic check,Fiber optic,22,100.28,2206.16,1,1,Moving / relocation
CUST-009919,2022-02-21,South,Month-to-month,Mailed check,Fiber optic,6,81.65,489.9,1,0,
CUST-009920,2022-01-21,South,Two year,Electronic check,Fiber optic,17,66.23,1125.91,0,0,
CUST-009921,2022-11-09,West,One year,Mailed check,DSL,12,53.58,642.96,1,0,
CUST-009922,2023-01-20,South,Month-to-month,Bank transfer,No internet,12,60.27,723.24,2,1,Poor customer service
CUST-009923,2022-04-11,Northeast,One year,Mailed check,Fiber optic,38,76.22,2896.36,2,1,Price too high
CUST-009924,2024-09-26,South,Month-to-month,Bank transfer,Fiber optic,12,55.93,671.16,5,0,
CUST-009925,2025-10-02,Northeast,One year,Credit card,Fiber optic,5,94.89,474.45,1,1,Competitor offered better deal
CUST-009926,2023-06-30,Northeast,One year,Electronic check,No internet,7,80.45,563.15,0,1,Moving / relocation
CUST-009927,2023-03-14,West,Month-to-month,Credit card,No internet,6,101.08,606.48,0,0,
CUST-009928,2024-07-13,Northeast,Month-to-month,Credit card,Fiber optic,18,57.14,1028.52,1,0,
CUST-009929,2024-02-03,South,Month-to-month,Bank transfer,Fiber optic,16,53.73,859.68,1,1,Frequent service outages
CUST-009930,2024-08-14,West,Month-to-month,Mailed check,Fiber optic,1,100.84,100.84,3,0,
CUST-009931,2025-06-25,South,One year,Credit card,Fiber optic,25,73.08,1827.0,1,0,
CUST-009932,2025-12-01,South,Two year,Mailed check,Fiber optic,1,65.71,65.71,2,0,
CUST-009933,2023-01-18,Midwest,Month-to-month,Electronic check,Fiber optic,1,87.67,87.67,1,0,
CUST-009934,2023-09-16,Northeast,Month-to-month,Electronic check,Fiber optic,18,86.63,1559.34,2,1,Competitor offered better deal
CUST-009935,2022-05-07,West,Month-to-month,Credit card,Fiber optic,2,46.91,93.82,1,0,
CUST-009936,2024-05-14,West,Month-to-month,Electronic check,Fiber optic,23,109.19,2511.37,1,1,Competitor offered better deal
CUST-009937,2023-03-23,West,Two year,Mailed check,Fiber optic,38,61.48,2336.24,1,0,
CUST-009938,2024-11-14,West,Two year,Bank transfer,Fiber optic,3,120.78,362.34,3,1,Competitor offered better deal
CUST-009939,2023-12-29,South,One year,Bank transfer,No internet,10,45.75,457.5,0,1,Poor customer service
CUST-009940,2024-09-14,Northeast,Month-to-month,Bank transfer,Fiber optic,26,77.6,2017.6,0,0,
CUST-009941,2023-12-04,West,Two year,Mailed check,Fiber optic,42,66.06,2774.52,1,0,
CUST-009942,2024-02-15,Midwest,Two year,Bank transfer,No internet,35,37.26,1304.1,1,0,
CUST-009943,2024-07-11,South,Month-to-month,Electronic check,Fiber optic,33,86.54,2855.82,4,1,Price too high
CUST-009944,2025-03-06,South,Two year,Electronic check,Fiber optic,5,37.88,189.4,4,0,
CUST-009945,2022-07-11,West,One year,Electronic check,DSL,13,63.86,830.18,1,0,
CUST-009946,2024-08-14,West,One year,Bank transfer,Fiber optic,23,99.82,2295.86,1,1,Competitor offered better deal
CUST-009947,2023-10-20,Midwest,One year,Electronic check,DSL,28,59.17,1656.76,1,0,
CUST-009948,2024-09-04,Northeast,Month-to-month,Bank transfer,DSL,17,52.5,892.5,1,1,Price too high
CUST-009949,2024-08-10,South,Two year,Electronic check,DSL,32,90.57,2898.24,2,0,
CUST-009950,2023-02-22,West,One year,Mailed check,DSL,31,64.73,2006.63,4,0,
CUST-009951,2023-10-17,Midwest,Two year,Electronic check,Fiber optic,30,61.58,1847.4,3,0,
CUST-009952,2025-03-04,South,Month-to-month,Mailed check,Fiber optic,6,105.42,632.52,2,1,Price too high
CUST-009953,2024-07-01,Northeast,Month-to-month,Credit card,Fiber optic,5,48.25,241.25,0,0,
CUST-009954,2024-04-03,South,Two year,Mailed check,Fiber optic,34,60.52,2057.68,2,0,
CUST-009955,2025-05-03,South,One year,Bank transfer,DSL,17,92.51,1572.67,2,0,
CUST-009956,2025-05-19,South,Month-to-month,Mailed check,DSL,15,47.27,709.05,0,0,
CUST-009957,2022-03-30,Midwest,Month-to-month,Electronic check,Fiber optic,4,123.73,494.92,2,1,Competitor offered better deal
CUST-009958,2022-08-18,South,Month-to-month,Mailed check,No internet,6,65.41,392.46,1,0,
CUST-009959,2024-11-30,Northeast,One year,Mailed check,Fiber optic,22,92.74,2040.28,1,0,
CUST-009960,2023-07-24,Midwest,Month-to-month,Bank transfer,No internet,7,92.68,648.76,1,1,Price too high
CUST-009961,2025-12-11,West,One year,Electronic check,Fiber optic,8,66.77,534.16,1,0,
CUST-009962,2024-10-20,South,One year,Credit card,DSL,14,60.14,841.96,3,0,
CUST-009963,2022-11-12,West,Two year,Bank transfer,DSL,34,69.15,2351.1,1,0,
CUST-009964,2025-08-19,West,Month-to-month,Mailed check,DSL,1,88.06,88.06,0,0,
CUST-009965,2022-06-13,South,One year,Credit card,DSL,18,51.13,920.34,0,0,
CUST-009966,2025-06-19,Midwest,Month-to-month,Electronic check,DSL,23,47.7,1097.1,2,0,
CUST-009967,2025-01-11,South,Month-to-month,Credit card,DSL,18,112.72,2028.96,2,1,Frequent service outages
CUST-009968,2024-06-11,West,Month-to-month,Electronic check,No internet,12,55.41,664.92,0,0,
CUST-009969,2022-05-02,South,One year,Bank transfer,Fiber optic,18,78.52,1413.36,1,0,
CUST-009970,2024-12-14,Northeast,One year,Electronic check,DSL,23,65.71,1511.33,1,0,
CUST-009971,2023-12-27,Midwest,Two year,Credit card,DSL,15,66.65,999.75,1,0,
CUST-009972,2023-08-24,South,One year,Mailed check,Fiber optic,24,110.8,2659.2,2,0,
CUST-009973,2024-06-25,West,Two year,Bank transfer,Fiber optic,30,68.22,2046.6,4,0,
CUST-009974,2022-09-09,West,Two year,Credit card,Fiber optic,40,62.54,2501.6,0,0,
CUST-009975,2024-07-20,West,One year,Electronic check,Fiber optic,25,64.31,1607.75,4,0,
CUST-009976,2023-12-13,Midwest,One year,Credit card,DSL,14,59.67,835.38,1,0,
CUST-009977,2024-01-29,Northeast,Month-to-month,Bank transfer,DSL,15,56.58,848.7,1,0,
CUST-009978,2025-10-26,West,One year,Credit card,Fiber optic,17,59.75,1015.75,3,0,
CUST-009979,2023-06-20,Midwest,Two year,Bank transfer,Fiber optic,19,119.37,2268.03,3,0,
CUST-009980,2023-07-01,South,One year,Credit card,Fiber optic,8,88.03,704.24,0,1,Frequent service outages
CUST-009981,2025-05-25,West,Month-to-month,Credit card,No internet,20,62.77,1255.4,1,1,Moving / relocation
CUST-009982,2024-02-12,South,Month-to-month,Mailed check,DSL,1,95.98,95.98,2,1,Poor customer service
CUST-009983,2025-11-13,Northeast,Two year,Bank transfer,Fiber optic,24,42.19,1012.56,2,0,
CUST-009984,2025-10-09,Midwest,Month-to-month,Credit card,Fiber optic,17,108.88,1850.96,2,0,
CUST-009985,2022-10-29,West,Two year,Credit card,No internet,20,106.11,2122.2,1,0,
CUST-009986,2022-05-28,South,Two year,Credit card,DSL,18,143.4,2581.2,2,1,Moving / relocation
CUST-009987,2022-10-04,West,One year,Bank transfer,Fiber optic,24,96.9,2325.6,1,1,Frequent service outages
CUST-009988,2022-03-17,Northeast,Month-to-month,Mailed check,DSL,7,80.63,564.41,1,1,Moving / relocation
CUST-009989,2025-04-05,Northeast,Month-to-month,Credit card,Fiber optic,19,105.97,2013.43,1,0,
CUST-009990,2024-06-24,South,Month-to-month,Bank transfer,No internet,18,57.38,1032.84,2,0,
CUST-009991,2022-07-03,Midwest,Month-to-month,Electronic check,No internet,23,61.77,1420.71,1,1,Poor customer service
CUST-009992,2023-05-24,South,One year,Electronic check,Fiber optic,17,68.68,1167.56,1,1,Frequent service outages
CUST-009993,2022-02-16,Midwest,Two year,Electronic check,DSL,2,108.64,217.28,2,0,
CUST-009994,2024-08-28,Midwest,Month-to-month,Bank transfer,DSL,13,53.31,693.03,1,1,Price too high
CUST-009995,2025-05-27,Northeast,One year,Credit card,Fiber optic,36,51.53,1855.08,0,0,
CUST-009996,2023-08-01,South,One year,Credit card,No internet,8,75.62,604.96,0,0,
CUST-009997,2024-12-19,Northeast,Month-to-month,Electronic check,Fiber optic,8,88.2,705.6,0,1,Frequent service outages
CUST-009998,2024-01-17,South,One year,Electronic check,Fiber optic,18,55.98,1007.64,2,0,
CUST-009999,2024-10-09,Midwest,Two year,Electronic check,No internet,18,86.88,1563.84,3,0,
CUST-010000,2025-11-11,Northeast,Month-to-month,Bank transfer,DSL,24,108.62,2606.88,0,1,Frequent service outages
